[22:01:18] [main/INFO]: ModLauncher running: args [--username, Joerning, --version, forge-47.4.13, --gameDir, C:\Users\erikp\curseforge\minecraft\Instances\TerraFirmaGreg-Modern (1), --assetsDir, C:\Users\erikp\curseforge\minecraft\Install\assets, --assetIndex, 5, --uuid, bf11e87f19d6424381cb0bcccc0eb393, --accessToken, ????????, --clientId, YzBhMTBjYTctMmIyYi00NjM4LWIyZTYtNzY1Yzg1N2NlZTNl, --xuid, 2535432586298493, --userType, msa, --versionType, release, --width, 1024, --height, 768, --quickPlayPath, C:\Users\erikp\curseforge\minecraft\Install\quickPlay\java\1788984075188.json, --launchTarget, forgeclient, --fml.forgeVersion, 47.4.13, --fml.mcVersion, 1.20.1, --fml.forgeGroup, net.minecraftforge, --fml.mcpVersion, 20230612.114412]
[22:01:18] [main/INFO]: ModLauncher 10.0.9+10.0.9+main.dcd20f30 starting: java version 17.0.15 by Microsoft; OS Windows 11 arch amd64 version 10.0
[22:01:23] [main/INFO]: Loading ImmediateWindowProvider fmlearlywindow
[22:01:23] [main/INFO]: Trying GL version 4.6
[22:01:24] [main/INFO]: Requested GL version 4.6 got version 4.6
[22:01:24] [main/INFO]: Launching CrashAssistantApp (CrashAssistant-forge-1.19-1.20.1-1.11.12.jar)
[22:01:24] [pool-2-thread-1/INFO]: GL info: NVIDIA GeForce RTX 2050/PCIe/SSE2 GL version 4.6.0 NVIDIA 566.14, NVIDIA Corporation
[22:01:25] [main/INFO]: SpongePowered MIXIN Subsystem Version=0.8.5 Source=union:/C:/Users/erikp/curseforge/minecraft/Install/libraries/org/spongepowered/mixin/0.8.5/mixin-0.8.5.jar%23100!/ Service=ModLauncher Env=CLIENT
[22:01:25] [CrashAssistantApp process logger/INFO]: CrashAssistantApp process successfully started.
[22:01:26] [main/INFO]: Found mod file [1.20.1 Forge] Additional Placements 3.0.1.jar of type MOD with provider {mods folder locator at C:\Users\erikp\curseforge\minecraft\Instances\TerraFirmaGreg-Modern (1)\mods}
[22:01:26] [main/INFO]: Found mod file aaa_particles-forge-1.20.1-2.2.3.jar of type MOD with provider {mods folder locator at C:\Users\erikp\curseforge\minecraft\Instances\TerraFirmaGreg-Modern (1)\mods}
[22:01:26] [main/INFO]: Found mod file ad_astra-forge-1.20.1-1.15.20.jar of type MOD with provider {mods folder locator at C:\Users\erikp\curseforge\minecraft\Instances\TerraFirmaGreg-Modern (1)\mods}
[22:01:26] [main/INFO]: Found mod file adaptive_performance_tweaks_core_1.20.1-11.6.1.jar of type MOD with provider {mods folder locator at C:\Users\erikp\curseforge\minecraft\Instances\TerraFirmaGreg-Modern (1)\mods}
[22:01:26] [main/INFO]: Found mod file adaptive_performance_tweaks_gamerules_1.20.1-11.6.1.jar of type MOD with provider {mods folder locator at C:\Users\erikp\curseforge\minecraft\Instances\TerraFirmaGreg-Modern (1)\mods}
[22:01:26] [main/INFO]: Found mod file adaptive_performance_tweaks_items_1.20.1-11.6.1.jar of type MOD with provider {mods folder locator at C:\Users\erikp\curseforge\minecraft\Instances\TerraFirmaGreg-Modern (1)\mods}
[22:01:26] [main/INFO]: Found mod file adaptive_performance_tweaks_player_1.20.1-11.6.1.jar of type MOD with provider {mods folder locator at C:\Users\erikp\curseforge\minecraft\Instances\TerraFirmaGreg-Modern (1)\mods}
[22:01:26] [main/INFO]: Found mod file AdvancedCoreInfo-forge-1.20.1-1.1.0.jar of type MOD with provider {mods folder locator at C:\Users\erikp\curseforge\minecraft\Instances\TerraFirmaGreg-Modern (1)\mods}
[22:01:26] [main/INFO]: Found mod file AdvancedLootInfo-forge-1.20.1-2.1.0.jar of type MOD with provider {mods folder locator at C:\Users\erikp\curseforge\minecraft\Instances\TerraFirmaGreg-Modern (1)\mods}
[22:01:26] [main/INFO]: Found mod file AdvancedPeripherals-1.20.1-0.7.48r.jar of type MOD with provider {mods folder locator at C:\Users\erikp\curseforge\minecraft\Instances\TerraFirmaGreg-Modern (1)\mods}
[22:01:26] [main/INFO]: Found mod file ae2insertexportcard-1.20.1-1.3.0.jar of type MOD with provider {mods folder locator at C:\Users\erikp\curseforge\minecraft\Instances\TerraFirmaGreg-Modern (1)\mods}
[22:01:26] [main/INFO]: Found mod file AE2NetworkAnalyzer-1.20-1.0.6-forge.jar of type MOD with provider {mods folder locator at C:\Users\erikp\curseforge\minecraft\Instances\TerraFirmaGreg-Modern (1)\mods}
[22:01:26] [main/INFO]: Found mod file ae2wtlib-15.3.3-forge.jar of type MOD with provider {mods folder locator at C:\Users\erikp\curseforge\minecraft\Instances\TerraFirmaGreg-Modern (1)\mods}
[22:01:26] [main/INFO]: Found mod file afc-1.0.23-1.20.1.jar of type MOD with provider {mods folder locator at C:\Users\erikp\curseforge\minecraft\Instances\TerraFirmaGreg-Modern (1)\mods}
[22:01:26] [main/INFO]: Found mod file ags_modernmarkings-0.4.5-1.20.1.jar of type MOD with provider {mods folder locator at C:\Users\erikp\curseforge\minecraft\Instances\TerraFirmaGreg-Modern (1)\mods}
[22:01:26] [main/INFO]: Found mod file AI-Improvements-1.20-0.5.2.jar of type MOD with provider {mods folder locator at C:\Users\erikp\curseforge\minecraft\Instances\TerraFirmaGreg-Modern (1)\mods}
[22:01:26] [main/INFO]: Found mod file alekiNiftyShips-FORGE-1.20.1-1.0.14.jar of type MOD with provider {mods folder locator at C:\Users\erikp\curseforge\minecraft\Instances\TerraFirmaGreg-Modern (1)\mods}
[22:01:26] [main/INFO]: Found mod file alltheleaks-1.1.3+1.20.1-forge.jar of type MOD with provider {mods folder locator at C:\Users\erikp\curseforge\minecraft\Instances\TerraFirmaGreg-Modern (1)\mods}
[22:01:26] [main/INFO]: Found mod file almanac-1.20.x-forge-1.0.2.jar of type MOD with provider {mods folder locator at C:\Users\erikp\curseforge\minecraft\Instances\TerraFirmaGreg-Modern (1)\mods}
[22:01:26] [main/INFO]: Found mod file AmbientSounds_FORGE_v6.3.8_mc1.20.1.jar of type MOD with provider {mods folder locator at C:\Users\erikp\curseforge\minecraft\Instances\TerraFirmaGreg-Modern (1)\mods}
[22:01:26] [main/INFO]: Found mod file applied_ammo_box-1.20.1-1.2.3.jar of type MOD with provider {mods folder locator at C:\Users\erikp\curseforge\minecraft\Instances\TerraFirmaGreg-Modern (1)\mods}
[22:01:26] [main/INFO]: Found mod file architectury-9.2.14-forge.jar of type MOD with provider {mods folder locator at C:\Users\erikp\curseforge\minecraft\Instances\TerraFirmaGreg-Modern (1)\mods}
[22:01:26] [main/INFO]: Found mod file ArmorQuickSwap-v8.0.0-1.20.1-Forge.jar of type MOD with provider {mods folder locator at C:\Users\erikp\curseforge\minecraft\Instances\TerraFirmaGreg-Modern (1)\mods}
[22:01:26] [main/INFO]: Found mod file arthropocolypse-1.0.6.jar of type MOD with provider {mods folder locator at C:\Users\erikp\curseforge\minecraft\Instances\TerraFirmaGreg-Modern (1)\mods}
[22:01:26] [main/INFO]: Found mod file astikorcarts-1.20.1-1.1.8.jar of type MOD with provider {mods folder locator at C:\Users\erikp\curseforge\minecraft\Instances\TerraFirmaGreg-Modern (1)\mods}
[22:01:26] [main/INFO]: Found mod file AttributeFix-Forge-1.20.1-21.0.5.jar of type MOD with provider {mods folder locator at C:\Users\erikp\curseforge\minecraft\Instances\TerraFirmaGreg-Modern (1)\mods}
[22:01:26] [main/INFO]: Found mod file baguettelib-1.20.1-Forge-2.0.5.jar of type MOD with provider {mods folder locator at C:\Users\erikp\curseforge\minecraft\Instances\TerraFirmaGreg-Modern (1)\mods}
[22:01:26] [main/INFO]: Found mod file balm-forge-1.20.1-7.3.42.jar of type MOD with provider {mods folder locator at C:\Users\erikp\curseforge\minecraft\Instances\TerraFirmaGreg-Modern (1)\mods}
[22:01:26] [main/INFO]: Found mod file barrels_2012-2.1.jar of type MOD with provider {mods folder locator at C:\Users\erikp\curseforge\minecraft\Instances\TerraFirmaGreg-Modern (1)\mods}
[22:01:26] [main/INFO]: Found mod file beneath-1.20.1-1.0.6.jar of type MOD with provider {mods folder locator at C:\Users\erikp\curseforge\minecraft\Instances\TerraFirmaGreg-Modern (1)\mods}
[22:01:26] [main/INFO]: Found mod file betterp2p-1.5.0-forge.jar of type MOD with provider {mods folder locator at C:\Users\erikp\curseforge\minecraft\Instances\TerraFirmaGreg-Modern (1)\mods}
[22:01:26] [main/INFO]: Found mod file BetterPingDisplay-1.20.1-1.1.jar of type MOD with provider {mods folder locator at C:\Users\erikp\curseforge\minecraft\Instances\TerraFirmaGreg-Modern (1)\mods}
[22:01:26] [main/INFO]: Found mod file BlockRunner-v8.0.4-1.20.1-Forge.jar of type MOD with provider {mods folder locator at C:\Users\erikp\curseforge\minecraft\Instances\TerraFirmaGreg-Modern (1)\mods}
[22:01:26] [main/INFO]: Found mod file blur-forge-3.1.1.jar of type MOD with provider {mods folder locator at C:\Users\erikp\curseforge\minecraft\Instances\TerraFirmaGreg-Modern (1)\mods}
[22:01:26] [main/INFO]: Found mod file Bookshelf-Forge-1.20.1-20.2.15.jar of type MOD with provider {mods folder locator at C:\Users\erikp\curseforge\minecraft\Instances\TerraFirmaGreg-Modern (1)\mods}
[22:01:26] [main/INFO]: Found mod file botarium-forge-1.20.1-2.3.4.jar of type MOD with provider {mods folder locator at C:\Users\erikp\curseforge\minecraft\Instances\TerraFirmaGreg-Modern (1)\mods}
[22:01:26] [main/INFO]: Found mod file buildinggadgets2-1.0.8.jar of type MOD with provider {mods folder locator at C:\Users\erikp\curseforge\minecraft\Instances\TerraFirmaGreg-Modern (1)\mods}
[22:01:26] [main/INFO]: Found mod file carpeted-1.20-1.4.jar of type MOD with provider {mods folder locator at C:\Users\erikp\curseforge\minecraft\Instances\TerraFirmaGreg-Modern (1)\mods}
[22:01:26] [main/INFO]: Found mod file carryon-forge-1.20.1-2.1.2.7.jar of type MOD with provider {mods folder locator at C:\Users\erikp\curseforge\minecraft\Instances\TerraFirmaGreg-Modern (1)\mods}
[22:01:26] [main/INFO]: Found mod file cc-tweaked-1.20.1-forge-1.116.1.jar of type MOD with provider {mods folder locator at C:\Users\erikp\curseforge\minecraft\Instances\TerraFirmaGreg-Modern (1)\mods}
[22:01:26] [main/INFO]: Found mod file cc_utf8_compat-1.0.1-beta.1.jar of type MOD with provider {mods folder locator at C:\Users\erikp\curseforge\minecraft\Instances\TerraFirmaGreg-Modern (1)\mods}
[22:01:26] [main/INFO]: Found mod file chalk-1.20.1-1.6.7.jar of type MOD with provider {mods folder locator at C:\Users\erikp\curseforge\minecraft\Instances\TerraFirmaGreg-Modern (1)\mods}
[22:01:26] [main/INFO]: Found mod file chat_heads-0.15.7-forge-1.20.jar of type MOD with provider {mods folder locator at C:\Users\erikp\curseforge\minecraft\Instances\TerraFirmaGreg-Modern (1)\mods}
[22:01:26] [main/INFO]: Found mod file cherishedworlds-forge-6.1.7+1.20.1.jar of type MOD with provider {mods folder locator at C:\Users\erikp\curseforge\minecraft\Instances\TerraFirmaGreg-Modern (1)\mods}
[22:01:26] [main/INFO]: Found mod file chromatic_codes-0.15.0.jar of type MOD with provider {mods folder locator at C:\Users\erikp\curseforge\minecraft\Instances\TerraFirmaGreg-Modern (1)\mods}
[22:01:26] [main/INFO]: Found mod file Chunky-1.3.146.jar of type MOD with provider {mods folder locator at C:\Users\erikp\curseforge\minecraft\Instances\TerraFirmaGreg-Modern (1)\mods}
[22:01:26] [main/INFO]: Found mod file clienttweaks-forge-1.20.1-11.1.11.jar of type MOD with provider {mods folder locator at C:\Users\erikp\curseforge\minecraft\Instances\TerraFirmaGreg-Modern (1)\mods}
[22:01:26] [main/INFO]: Found mod file cloth-config-11.1.136-forge.jar of type MOD with provider {mods folder locator at C:\Users\erikp\curseforge\minecraft\Instances\TerraFirmaGreg-Modern (1)\mods}
[22:01:26] [main/INFO]: Found mod file colorwheel-forge-1.2.9+mc1.20.1.jar of type MOD with provider {mods folder locator at C:\Users\erikp\curseforge\minecraft\Instances\TerraFirmaGreg-Modern (1)\mods}
[22:01:26] [main/INFO]: Found mod file comforts-forge-6.4.0+1.20.1.jar of type MOD with provider {mods folder locator at C:\Users\erikp\curseforge\minecraft\Instances\TerraFirmaGreg-Modern (1)\mods}
[22:01:26] [main/INFO]: Found mod file configuration-forge-1.20.1-3.1.0.jar of type MOD with provider {mods folder locator at C:\Users\erikp\curseforge\minecraft\Instances\TerraFirmaGreg-Modern (1)\mods}
[22:01:26] [main/INFO]: Found mod file constructionwand-1.20.1-2.11.jar of type MOD with provider {mods folder locator at C:\Users\erikp\curseforge\minecraft\Instances\TerraFirmaGreg-Modern (1)\mods}
[22:01:26] [main/INFO]: Found mod file Controlling-forge-1.20.1-12.0.2.jar of type MOD with provider {mods folder locator at C:\Users\erikp\curseforge\minecraft\Instances\TerraFirmaGreg-Modern (1)\mods}
[22:01:26] [main/INFO]: Found mod file copycats-3.0.8+mc.1.20.1-forge.jar of type MOD with provider {mods folder locator at C:\Users\erikp\curseforge\minecraft\Instances\TerraFirmaGreg-Modern (1)\mods}
[22:01:26] [main/INFO]: Found mod file corpse-forge-1.20.1-1.0.23.jar of type MOD with provider {mods folder locator at C:\Users\erikp\curseforge\minecraft\Instances\TerraFirmaGreg-Modern (1)\mods}
[22:01:26] [main/INFO]: Found mod file corpsecurioscompat-1.20.1-Forge-4.0.1.jar of type MOD with provider {mods folder locator at C:\Users\erikp\curseforge\minecraft\Instances\TerraFirmaGreg-Modern (1)\mods}
[22:01:26] [main/INFO]: Found mod file cosmeticarmorreworked-1.20.1-v1a.jar of type MOD with provider {mods folder locator at C:\Users\erikp\curseforge\minecraft\Instances\TerraFirmaGreg-Modern (1)\mods}
[22:01:26] [main/INFO]: Found mod file cosycritters-0.3.3+1.20.1-forge.jar of type MOD with provider {mods folder locator at C:\Users\erikp\curseforge\minecraft\Instances\TerraFirmaGreg-Modern (1)\mods}
[22:01:26] [main/INFO]: Found mod file CraftAudit-1.0.8.jar of type MOD with provider {mods folder locator at C:\Users\erikp\curseforge\minecraft\Instances\TerraFirmaGreg-Modern (1)\mods}
[22:01:26] [main/INFO]: Found mod file craftingstation-1.20.1-1.4.0.jar of type MOD with provider {mods folder locator at C:\Users\erikp\curseforge\minecraft\Instances\TerraFirmaGreg-Modern (1)\mods}
[22:01:26] [main/INFO]: Found mod file craftingtweaks-forge-1.20.1-18.2.9.jar of type MOD with provider {mods folder locator at C:\Users\erikp\curseforge\minecraft\Instances\TerraFirmaGreg-Modern (1)\mods}
[22:01:26] [main/INFO]: Found mod file CraftPresence-2.7.1+1.20.1-forge.jar of type MOD with provider {mods folder locator at C:\Users\erikp\curseforge\minecraft\Instances\TerraFirmaGreg-Modern (1)\mods}
[22:01:26] [main/INFO]: Found mod file crashexploitfixer-forge-2.0.0+1.20.4-all-srg.jar of type MOD with provider {mods folder locator at C:\Users\erikp\curseforge\minecraft\Instances\TerraFirmaGreg-Modern (1)\mods}
[22:01:26] [main/INFO]: Found mod file create-1.20.1-6.0.8.jar of type MOD with provider {mods folder locator at C:\Users\erikp\curseforge\minecraft\Instances\TerraFirmaGreg-Modern (1)\mods}
[22:01:26] [main/INFO]: Found mod file create_connected-1.2.3-mc1.20.1-all.jar of type MOD with provider {mods folder locator at C:\Users\erikp\curseforge\minecraft\Instances\TerraFirmaGreg-Modern (1)\mods}
[22:01:26] [main/INFO]: Found mod file create_hypertube-0.6.0-FORGE.jar of type MOD with provider {mods folder locator at C:\Users\erikp\curseforge\minecraft\Instances\TerraFirmaGreg-Modern (1)\mods}
[22:01:26] [main/INFO]: Found mod file create_repair-forge-1.20.1-1.3.0-all.jar of type MOD with provider {mods folder locator at C:\Users\erikp\curseforge\minecraft\Instances\TerraFirmaGreg-Modern (1)\mods}
[22:01:26] [main/INFO]: Found mod file createaddition-1.20.1-1.3.3.jar of type MOD with provider {mods folder locator at C:\Users\erikp\curseforge\minecraft\Instances\TerraFirmaGreg-Modern (1)\mods}
[22:01:26] [main/INFO]: Found mod file createdeco-2.0.3-1.20.1-forge.jar of type MOD with provider {mods folder locator at C:\Users\erikp\curseforge\minecraft\Instances\TerraFirmaGreg-Modern (1)\mods}
[22:01:26] [main/INFO]: Found mod file createhorsepower-1.20.1-1.1.0.jar of type MOD with provider {mods folder locator at C:\Users\erikp\curseforge\minecraft\Instances\TerraFirmaGreg-Modern (1)\mods}
[22:01:26] [main/INFO]: Found mod file createliquidfuel-2.1.1-1.20.1.jar of type MOD with provider {mods folder locator at C:\Users\erikp\curseforge\minecraft\Instances\TerraFirmaGreg-Modern (1)\mods}
[22:01:26] [main/INFO]: Found mod file createpickywheels-forge-1.20.1-6.0.8-6.jar of type MOD with provider {mods folder locator at C:\Users\erikp\curseforge\minecraft\Instances\TerraFirmaGreg-Modern (1)\mods}
[22:01:26] [main/INFO]: Found mod file createrailwaysnavigator-forge-1.20.1-beta-0.9.1-C6.jar of type MOD with provider {mods folder locator at C:\Users\erikp\curseforge\minecraft\Instances\TerraFirmaGreg-Modern (1)\mods}
[22:01:26] [main/INFO]: Found mod file createstockbridge-1.20-0.2.0.jar of type MOD with provider {mods folder locator at C:\Users\erikp\curseforge\minecraft\Instances\TerraFirmaGreg-Modern (1)\mods}
[22:01:26] [main/INFO]: Found mod file createthreadedtrains-forge-1.20.1-1.0.0.jar of type MOD with provider {mods folder locator at C:\Users\erikp\curseforge\minecraft\Instances\TerraFirmaGreg-Modern (1)\mods}
[22:01:26] [main/INFO]: Found mod file CreativeCore_FORGE_v2.12.39_mc1.20.1.jar of type MOD with provider {mods folder locator at C:\Users\erikp\curseforge\minecraft\Instances\TerraFirmaGreg-Modern (1)\mods}
[22:01:26] [main/INFO]: Found mod file Cucumber-1.20.1-7.0.16.jar of type MOD with provider {mods folder locator at C:\Users\erikp\curseforge\minecraft\Instances\TerraFirmaGreg-Modern (1)\mods}
[22:01:26] [main/INFO]: Found mod file curios-forge-5.14.1+1.20.1.jar of type MOD with provider {mods folder locator at C:\Users\erikp\curseforge\minecraft\Instances\TerraFirmaGreg-Modern (1)\mods}
[22:01:26] [main/INFO]: Found mod file CutThrough-v8.0.2-1.20.1-Forge.jar of type MOD with provider {mods folder locator at C:\Users\erikp\curseforge\minecraft\Instances\TerraFirmaGreg-Modern (1)\mods}
[22:01:26] [main/INFO]: Found mod file cwb-forge-3.0.0+mc1.20.jar of type MOD with provider {mods folder locator at C:\Users\erikp\curseforge\minecraft\Instances\TerraFirmaGreg-Modern (1)\mods}
[22:01:26] [main/INFO]: Found mod file deafission-1.20.1-0.16.0.jar of type MOD with provider {mods folder locator at C:\Users\erikp\curseforge\minecraft\Instances\TerraFirmaGreg-Modern (1)\mods}
[22:01:26] [main/INFO]: Found mod file deathban-3.0.0.jar of type MOD with provider {mods folder locator at C:\Users\erikp\curseforge\minecraft\Instances\TerraFirmaGreg-Modern (1)\mods}
[22:01:26] [main/INFO]: Found mod file decay_2012-1.20.1-2.0.1.jar of type MOD with provider {mods folder locator at C:\Users\erikp\curseforge\minecraft\Instances\TerraFirmaGreg-Modern (1)\mods}
[22:01:26] [main/INFO]: Found mod file defaultoptions-forge-1.20.1-18.0.5.jar of type MOD with provider {mods folder locator at C:\Users\erikp\curseforge\minecraft\Instances\TerraFirmaGreg-Modern (1)\mods}
[22:01:26] [main/INFO]: Found mod file diggerhelmet-1.20.1-1.0.0.31.jar of type MOD with provider {mods folder locator at C:\Users\erikp\curseforge\minecraft\Instances\TerraFirmaGreg-Modern (1)\mods}
[22:01:26] [main/INFO]: Found mod file do_a_barrel_roll-forge-3.5.6+1.20.1.jar of type MOD with provider {mods folder locator at C:\Users\erikp\curseforge\minecraft\Instances\TerraFirmaGreg-Modern (1)\mods}
[22:01:26] [main/INFO]: Found mod file domum_ornamentum-1.20.1-1.0.304-snapshot-universal.jar of type MOD with provider {mods folder locator at C:\Users\erikp\curseforge\minecraft\Instances\TerraFirmaGreg-Modern (1)\mods}
[22:01:26] [main/INFO]: Found mod file dragonlib-forge-1.20.1-beta-3.0.21.jar of type MOD with provider {mods folder locator at C:\Users\erikp\curseforge\minecraft\Instances\TerraFirmaGreg-Modern (1)\mods}
[22:01:26] [main/INFO]: Found mod file drippyloadingscreen_forge_3.1.0_MC_1.20.1.jar of type MOD with provider {mods folder locator at C:\Users\erikp\curseforge\minecraft\Instances\TerraFirmaGreg-Modern (1)\mods}
[22:01:26] [main/INFO]: Found mod file dsbg-1.0-1.20.1.jar of type MOD with provider {mods folder locator at C:\Users\erikp\curseforge\minecraft\Instances\TerraFirmaGreg-Modern (1)\mods}
[22:01:26] [main/INFO]: Found mod file embeddium-0.3.31+mc1.20.1.jar of type MOD with provider {mods folder locator at C:\Users\erikp\curseforge\minecraft\Instances\TerraFirmaGreg-Modern (1)\mods}
[22:01:26] [main/INFO]: Found mod file emi-1.1.24+1.20.1+forge.jar of type MOD with provider {mods folder locator at C:\Users\erikp\curseforge\minecraft\Instances\TerraFirmaGreg-Modern (1)\mods}
[22:01:26] [main/INFO]: Found mod file emixx-forge-1.5.3.jar of type MOD with provider {mods folder locator at C:\Users\erikp\curseforge\minecraft\Instances\TerraFirmaGreg-Modern (1)\mods}
[22:01:26] [main/INFO]: Found mod file endermanoverhaul-forge-1.20.1-1.0.4.jar of type MOD with provider {mods folder locator at C:\Users\erikp\curseforge\minecraft\Instances\TerraFirmaGreg-Modern (1)\mods}
[22:01:26] [main/INFO]: Found mod file EnhancedVisuals_FORGE_v1.8.33_mc1.20.1.jar of type MOD with provider {mods folder locator at C:\Users\erikp\curseforge\minecraft\Instances\TerraFirmaGreg-Modern (1)\mods}
[22:01:26] [main/INFO]: Found mod file entityculling-forge-1.10.5-mc1.20.1.jar of type MOD with provider {mods folder locator at C:\Users\erikp\curseforge\minecraft\Instances\TerraFirmaGreg-Modern (1)\mods}
[22:01:26] [main/INFO]: Found mod file epic-knights-1.20.1-forge-10.11.jar of type MOD with provider {mods folder locator at C:\Users\erikp\curseforge\minecraft\Instances\TerraFirmaGreg-Modern (1)\mods}
[22:01:26] [main/INFO]: Found mod file epic-knights-antique-legacy-1.20.x-forge-1.13.jar of type MOD with provider {mods folder locator at C:\Users\erikp\curseforge\minecraft\Instances\TerraFirmaGreg-Modern (1)\mods}
[22:01:26] [main/INFO]: Found mod file etched-3.0.4.jar of type MOD with provider {mods folder locator at C:\Users\erikp\curseforge\minecraft\Instances\TerraFirmaGreg-Modern (1)\mods}
[22:01:26] [main/INFO]: Found mod file EuphoriaPatcher-1.10.0-r5.9-forge.jar of type MOD with provider {mods folder locator at C:\Users\erikp\curseforge\minecraft\Instances\TerraFirmaGreg-Modern (1)\mods}
[22:01:26] [main/INFO]: Found mod file everycomp-1.20-2.9.24-forge.jar of type MOD with provider {mods folder locator at C:\Users\erikp\curseforge\minecraft\Instances\TerraFirmaGreg-Modern (1)\mods}
[22:01:26] [main/INFO]: Found mod file exposure-forge-1.20.1-1.9.21.jar of type MOD with provider {mods folder locator at C:\Users\erikp\curseforge\minecraft\Instances\TerraFirmaGreg-Modern (1)\mods}
[22:01:26] [main/INFO]: Found mod file ExtendedAE-1.20-1.4.19-forge.jar of type MOD with provider {mods folder locator at C:\Users\erikp\curseforge\minecraft\Instances\TerraFirmaGreg-Modern (1)\mods}
[22:01:26] [main/INFO]: Found mod file ExtremeSoundMuffler-3.51-forge-1.20.1.jar of type MOD with provider {mods folder locator at C:\Users\erikp\curseforge\minecraft\Instances\TerraFirmaGreg-Modern (1)\mods}
[22:01:26] [main/INFO]: Found mod file fallingtrees-forge-0.12.7-1.20.jar of type MOD with provider {mods folder locator at C:\Users\erikp\curseforge\minecraft\Instances\TerraFirmaGreg-Modern (1)\mods}
[22:01:26] [main/INFO]: Found mod file fancymenu_forge_3.8.1_MC_1.20.1.jar of type MOD with provider {mods folder locator at C:\Users\erikp\curseforge\minecraft\Instances\TerraFirmaGreg-Modern (1)\mods}
[22:01:26] [main/INFO]: Found mod file fast-ip-ping-v1.0.11-mc1.20.4-forge.jar of type MOD with provider {mods folder locator at C:\Users\erikp\curseforge\minecraft\Instances\TerraFirmaGreg-Modern (1)\mods}
[22:01:26] [main/INFO]: Found mod file FastSuite-1.20.1-5.1.2.jar of type MOD with provider {mods folder locator at C:\Users\erikp\curseforge\minecraft\Instances\TerraFirmaGreg-Modern (1)\mods}
[22:01:26] [main/INFO]: Found mod file FastWorkbench-1.20.1-8.0.4.jar of type MOD with provider {mods folder locator at C:\Users\erikp\curseforge\minecraft\Instances\TerraFirmaGreg-Modern (1)\mods}
[22:01:26] [main/INFO]: Found mod file ferritecore-6.0.1-forge.jar of type MOD with provider {mods folder locator at C:\Users\erikp\curseforge\minecraft\Instances\TerraFirmaGreg-Modern (1)\mods}
[22:01:26] [main/INFO]: Found mod file FirmaCivilization-1.20.1-1.0.9.jar of type MOD with provider {mods folder locator at C:\Users\erikp\curseforge\minecraft\Instances\TerraFirmaGreg-Modern (1)\mods}
[22:01:26] [main/INFO]: Found mod file firmacivplus-1.0.1-1.20.1.jar of type MOD with provider {mods folder locator at C:\Users\erikp\curseforge\minecraft\Instances\TerraFirmaGreg-Modern (1)\mods}
[22:01:26] [main/INFO]: Found mod file Firmalife-1.20.1-2.1.28.jar of type MOD with provider {mods folder locator at C:\Users\erikp\curseforge\minecraft\Instances\TerraFirmaGreg-Modern (1)\mods}
[22:01:26] [main/INFO]: Found mod file flickerfix-1.20.1-4.0.1.jar of type MOD with provider {mods folder locator at C:\Users\erikp\curseforge\minecraft\Instances\TerraFirmaGreg-Modern (1)\mods}
[22:01:26] [main/INFO]: Found mod file fluidlogistics-1.2.6.jar of type MOD with provider {mods folder locator at C:\Users\erikp\curseforge\minecraft\Instances\TerraFirmaGreg-Modern (1)\mods}
[22:01:26] [main/INFO]: Found mod file fowlplay-1.2.3+1.20.1-forge.jar of type MOD with provider {mods folder locator at C:\Users\erikp\curseforge\minecraft\Instances\TerraFirmaGreg-Modern (1)\mods}
[22:01:26] [main/INFO]: Found mod file FpsReducer2-forge-1.20.1-2.5.1.jar of type MOD with provider {mods folder locator at C:\Users\erikp\curseforge\minecraft\Instances\TerraFirmaGreg-Modern (1)\mods}
[22:01:26] [main/INFO]: Found mod file FramedBlocks-9.4.3.jar of type MOD with provider {mods folder locator at C:\Users\erikp\curseforge\minecraft\Instances\TerraFirmaGreg-Modern (1)\mods}
[22:01:26] [main/INFO]: Found mod file ftb-chunks-forge-2001.3.8.jar of type MOD with provider {mods folder locator at C:\Users\erikp\curseforge\minecraft\Instances\TerraFirmaGreg-Modern (1)\mods}
[22:01:26] [main/INFO]: Found mod file ftb-essentials-forge-2001.2.4.jar of type MOD with provider {mods folder locator at C:\Users\erikp\curseforge\minecraft\Instances\TerraFirmaGreg-Modern (1)\mods}
[22:01:26] [main/INFO]: Found mod file ftb-filter-system-forge-20.0.1.jar of type MOD with provider {mods folder locator at C:\Users\erikp\curseforge\minecraft\Instances\TerraFirmaGreg-Modern (1)\mods}
[22:01:26] [main/INFO]: Found mod file ftb-library-forge-2001.2.13.jar of type MOD with provider {mods folder locator at C:\Users\erikp\curseforge\minecraft\Instances\TerraFirmaGreg-Modern (1)\mods}
[22:01:26] [main/INFO]: Found mod file ftb-quests-forge-2001.4.22.jar of type MOD with provider {mods folder locator at C:\Users\erikp\curseforge\minecraft\Instances\TerraFirmaGreg-Modern (1)\mods}
[22:01:26] [main/INFO]: Found mod file ftb-ranks-forge-2001.1.7.jar of type MOD with provider {mods folder locator at C:\Users\erikp\curseforge\minecraft\Instances\TerraFirmaGreg-Modern (1)\mods}
[22:01:26] [main/INFO]: Found mod file ftb-teams-forge-2001.3.2.jar of type MOD with provider {mods folder locator at C:\Users\erikp\curseforge\minecraft\Instances\TerraFirmaGreg-Modern (1)\mods}
[22:01:26] [main/INFO]: Found mod file ftb-xmod-compat-forge-2.1.3.jar of type MOD with provider {mods folder locator at C:\Users\erikp\curseforge\minecraft\Instances\TerraFirmaGreg-Modern (1)\mods}
[22:01:26] [main/INFO]: Found mod file ftbbackups2-forge-1.20-1.0.23.jar of type MOD with provider {mods folder locator at C:\Users\erikp\curseforge\minecraft\Instances\TerraFirmaGreg-Modern (1)\mods}
[22:01:26] [main/INFO]: Found mod file ftbxaerocompat-forge-1.1.3.jar of type MOD with provider {mods folder locator at C:\Users\erikp\curseforge\minecraft\Instances\TerraFirmaGreg-Modern (1)\mods}
[22:01:26] [main/INFO]: Found mod file fullstackwatchdog-1.0.1+1.19.2-forge.jar of type MOD with provider {mods folder locator at C:\Users\erikp\curseforge\minecraft\Instances\TerraFirmaGreg-Modern (1)\mods}
[22:01:26] [main/INFO]: Found mod file fzzy_config-0.7.6+1.20.1+forge.jar of type MOD with provider {mods folder locator at C:\Users\erikp\curseforge\minecraft\Instances\TerraFirmaGreg-Modern (1)\mods}
[22:01:26] [main/INFO]: Found mod file GameStages-Forge-1.20.1-15.0.2.jar of type MOD with provider {mods folder locator at C:\Users\erikp\curseforge\minecraft\Instances\TerraFirmaGreg-Modern (1)\mods}
[22:01:26] [main/INFO]: Found mod file geckolib-forge-1.20.1-4.8.4.jar of type MOD with provider {mods folder locator at C:\Users\erikp\curseforge\minecraft\Instances\TerraFirmaGreg-Modern (1)\mods}
[22:01:26] [main/INFO]: Found mod file Glodium-1.20-1.5-forge.jar of type MOD with provider {mods folder locator at C:\Users\erikp\curseforge\minecraft\Instances\TerraFirmaGreg-Modern (1)\mods}
[22:01:26] [main/INFO]: Found mod file GoProne-forge-1.20.1-3.1.1.jar of type MOD with provider {mods folder locator at C:\Users\erikp\curseforge\minecraft\Instances\TerraFirmaGreg-Modern (1)\mods}
[22:01:26] [main/INFO]: Found mod file grapplingHookMod-Reforged-1.2.jar of type MOD with provider {mods folder locator at C:\Users\erikp\curseforge\minecraft\Instances\TerraFirmaGreg-Modern (1)\mods}
[22:01:26] [main/INFO]: Found mod file greate-0.0.80.jar of type MOD with provider {mods folder locator at C:\Users\erikp\curseforge\minecraft\Instances\TerraFirmaGreg-Modern (1)\mods}
[22:01:26] [main/INFO]: Found mod file gregtechterminals-6.8.5-fix.jar of type MOD with provider {mods folder locator at C:\Users\erikp\curseforge\minecraft\Instances\TerraFirmaGreg-Modern (1)\mods}
[22:01:26] [main/INFO]: Found mod file gtceu-1.20.1-7.5.3.jar of type MOD with provider {mods folder locator at C:\Users\erikp\curseforge\minecraft\Instances\TerraFirmaGreg-Modern (1)\mods}
[22:01:26] [main/INFO]: Found mod file gtmoldraw-3.3.0.jar of type MOD with provider {mods folder locator at C:\Users\erikp\curseforge\minecraft\Instances\TerraFirmaGreg-Modern (1)\mods}
[22:01:26] [main/INFO]: Found mod file gtmutils-2.10.2.jar of type MOD with provider {mods folder locator at C:\Users\erikp\curseforge\minecraft\Instances\TerraFirmaGreg-Modern (1)\mods}
[22:01:26] [main/INFO]: Found mod file guideme-20.1.15.jar of type MOD with provider {mods folder locator at C:\Users\erikp\curseforge\minecraft\Instances\TerraFirmaGreg-Modern (1)\mods}
[22:01:26] [main/INFO]: Found mod file HangGlider-v8.0.1-1.20.1-Forge.jar of type MOD with provider {mods folder locator at C:\Users\erikp\curseforge\minecraft\Instances\TerraFirmaGreg-Modern (1)\mods}
[22:01:26] [main/INFO]: Found mod file horsescanswim-1.0.1.jar of type MOD with provider {mods folder locator at C:\Users\erikp\curseforge\minecraft\Instances\TerraFirmaGreg-Modern (1)\mods}
[22:01:26] [main/INFO]: Found mod file ihearttfc-1.20.1-1.0.2.jar of type MOD with provider {mods folder locator at C:\Users\erikp\curseforge\minecraft\Instances\TerraFirmaGreg-Modern (1)\mods}
[22:01:26] [main/INFO]: Found mod file ImmediatelyFast-Forge-1.5.4+1.20.4.jar of type MOD with provider {mods folder locator at C:\Users\erikp\curseforge\minecraft\Instances\TerraFirmaGreg-Modern (1)\mods}
[22:01:26] [main/INFO]: Found mod file Immersive Vehicles-1.20.1-24.0.0.jar of type MOD with provider {mods folder locator at C:\Users\erikp\curseforge\minecraft\Instances\TerraFirmaGreg-Modern (1)\mods}
[22:01:26] [main/INFO]: Found mod file immersive_aircraft-1.4.1+1.20.1-forge.jar of type MOD with provider {mods folder locator at C:\Users\erikp\curseforge\minecraft\Instances\TerraFirmaGreg-Modern (1)\mods}
[22:01:26] [main/INFO]: Found mod file immersive_optimization-forge-1.20.1-0.2.0.jar of type MOD with provider {mods folder locator at C:\Users\erikp\curseforge\minecraft\Instances\TerraFirmaGreg-Modern (1)\mods}
[22:01:26] [main/INFO]: Found mod file inventoryhud.forge.1.20.1-3.4.26.jar of type MOD with provider {mods folder locator at C:\Users\erikp\curseforge\minecraft\Instances\TerraFirmaGreg-Modern (1)\mods}
[22:01:26] [main/INFO]: Found mod file InventoryProfilesNext-forge-1.20-1.10.20.jar of type MOD with provider {mods folder locator at C:\Users\erikp\curseforge\minecraft\Instances\TerraFirmaGreg-Modern (1)\mods}
[22:01:26] [main/INFO]: Found mod file iris_shader_folder-1.4.0-forge.jar of type MOD with provider {mods folder locator at C:\Users\erikp\curseforge\minecraft\Instances\TerraFirmaGreg-Modern (1)\mods}
[22:01:26] [main/INFO]: Found mod file IrisSearch-1.7.1-forge.jar of type MOD with provider {mods folder locator at C:\Users\erikp\curseforge\minecraft\Instances\TerraFirmaGreg-Modern (1)\mods}
[22:01:26] [main/INFO]: Found mod file itemphysicguns-1.0.3-7686b43.jar of type MOD with provider {mods folder locator at C:\Users\erikp\curseforge\minecraft\Instances\TerraFirmaGreg-Modern (1)\mods}
[22:01:26] [main/INFO]: Found mod file ItemPhysicLite_FORGE_v1.6.11_mc1.20.1.jar of type MOD with provider {mods folder locator at C:\Users\erikp\curseforge\minecraft\Instances\TerraFirmaGreg-Modern (1)\mods}
[22:01:26] [main/INFO]: Found mod file Jade-1.20.1-Forge-11.13.3.jar of type MOD with provider {mods folder locator at C:\Users\erikp\curseforge\minecraft\Instances\TerraFirmaGreg-Modern (1)\mods}
[22:01:26] [main/INFO]: Found mod file JadeAddons-1.20.1-Forge-5.5.1.jar of type MOD with provider {mods folder locator at C:\Users\erikp\curseforge\minecraft\Instances\TerraFirmaGreg-Modern (1)\mods}
[22:01:26] [main/INFO]: Found mod file Jellies-1.20.1-0.1.6.jar of type MOD with provider {mods folder locator at C:\Users\erikp\curseforge\minecraft\Instances\TerraFirmaGreg-Modern (1)\mods}
[22:01:26] [main/INFO]: Found mod file knightsofterrafirma-3.1.2-gregified.jar of type MOD with provider {mods folder locator at C:\Users\erikp\curseforge\minecraft\Instances\TerraFirmaGreg-Modern (1)\mods}
[22:01:26] [main/INFO]: Found mod file konkrete_forge_1.8.0_MC_1.20-1.20.1.jar of type MOD with provider {mods folder locator at C:\Users\erikp\curseforge\minecraft\Instances\TerraFirmaGreg-Modern (1)\mods}
[22:01:26] [main/INFO]: Found mod file kotlinforforge-4.12.0-all.jar of type LIBRARY with provider {mods folder locator at C:\Users\erikp\curseforge\minecraft\Instances\TerraFirmaGreg-Modern (1)\mods}
[22:01:26] [main/INFO]: Found mod file Krypton Reno-forge-1.20.1-26.1.1-1.20.1.jar of type MOD with provider {mods folder locator at C:\Users\erikp\curseforge\minecraft\Instances\TerraFirmaGreg-Modern (1)\mods}
[22:01:26] [main/INFO]: Found mod file kubejs-create-forge-2001.3.0-build.8.jar of type MOD with provider {mods folder locator at C:\Users\erikp\curseforge\minecraft\Instances\TerraFirmaGreg-Modern (1)\mods}
[22:01:26] [main/INFO]: Found mod file kubejs-forge-2001.6.5-build.24.jar of type MOD with provider {mods folder locator at C:\Users\erikp\curseforge\minecraft\Instances\TerraFirmaGreg-Modern (1)\mods}
[22:01:26] [main/INFO]: Found mod file kubejs_tfc-1.20.1-1.3.5.jar of type MOD with provider {mods folder locator at C:\Users\erikp\curseforge\minecraft\Instances\TerraFirmaGreg-Modern (1)\mods}
[22:01:26] [main/INFO]: Found mod file ldlib-forge-1.20.1-1.0.52.jar of type MOD with provider {mods folder locator at C:\Users\erikp\curseforge\minecraft\Instances\TerraFirmaGreg-Modern (1)\mods}
[22:01:26] [main/INFO]: Found mod file letmedespawn-1.20.x-forge-1.5.0.jar of type MOD with provider {mods folder locator at C:\Users\erikp\curseforge\minecraft\Instances\TerraFirmaGreg-Modern (1)\mods}
[22:01:26] [main/INFO]: Found mod file libIPN-forge-1.20-4.0.2.jar of type MOD with provider {mods folder locator at C:\Users\erikp\curseforge\minecraft\Instances\TerraFirmaGreg-Modern (1)\mods}
[22:01:26] [main/INFO]: Found mod file lithostitched-forge-1.20.1-1.4.11.jar of type MOD with provider {mods folder locator at C:\Users\erikp\curseforge\minecraft\Instances\TerraFirmaGreg-Modern (1)\mods}
[22:01:26] [main/INFO]: Found mod file lmft-1.0.4+1.20.1-forge.jar of type MOD with provider {mods folder locator at C:\Users\erikp\curseforge\minecraft\Instances\TerraFirmaGreg-Modern (1)\mods}
[22:01:26] [main/INFO]: Found mod file lodestone-1.20.1-1.6.4.1.jar of type MOD with provider {mods folder locator at C:\Users\erikp\curseforge\minecraft\Instances\TerraFirmaGreg-Modern (1)\mods}
[22:01:26] [main/INFO]: Found mod file lootjs-forge-1.20.1-2.13.1.jar of type MOD with provider {mods folder locator at C:\Users\erikp\curseforge\minecraft\Instances\TerraFirmaGreg-Modern (1)\mods}
[22:01:26] [main/INFO]: Found mod file lootr-forge-1.20-0.7.35.94.jar of type MOD with provider {mods folder locator at C:\Users\erikp\curseforge\minecraft\Instances\TerraFirmaGreg-Modern (1)\mods}
[22:01:26] [main/INFO]: Found mod file man_of_many_planes-0.2.0+1.20.1-forge.jar of type MOD with provider {mods folder locator at C:\Users\erikp\curseforge\minecraft\Instances\TerraFirmaGreg-Modern (1)\mods}
[22:01:26] [main/INFO]: Found mod file map_atlases-1.20-6.0.20.jar of type MOD with provider {mods folder locator at C:\Users\erikp\curseforge\minecraft\Instances\TerraFirmaGreg-Modern (1)\mods}
[22:01:26] [main/INFO]: Found mod file mcw_tfc_aio-0.2.30-1.20.1.jar of type MOD with provider {mods folder locator at C:\Users\erikp\curseforge\minecraft\Instances\TerraFirmaGreg-Modern (1)\mods}
[22:01:26] [main/INFO]: Found mod file Measurements-forge-1.20.1-2.0.1.jar of type MOD with provider {mods folder locator at C:\Users\erikp\curseforge\minecraft\Instances\TerraFirmaGreg-Modern (1)\mods}
[22:01:26] [main/INFO]: Found mod file megacells-forge-2.4.6-1.20.1.jar of type MOD with provider {mods folder locator at C:\Users\erikp\curseforge\minecraft\Instances\TerraFirmaGreg-Modern (1)\mods}
[22:01:26] [main/INFO]: Found mod file melody_forge_1.0.3_MC_1.20.1-1.20.4.jar of type MOD with provider {mods folder locator at C:\Users\erikp\curseforge\minecraft\Instances\TerraFirmaGreg-Modern (1)\mods}
[22:01:26] [main/INFO]: Found mod file merequester-forge-1.20.1-1.2.1.jar of type MOD with provider {mods folder locator at C:\Users\erikp\curseforge\minecraft\Instances\TerraFirmaGreg-Modern (1)\mods}
[22:01:26] [main/INFO]: Found mod file mobcollisionoff-2.0.jar of type MOD with provider {mods folder locator at C:\Users\erikp\curseforge\minecraft\Instances\TerraFirmaGreg-Modern (1)\mods}
[22:01:26] [main/INFO]: Found mod file mod_whitelist-1.1.0.jar of type MOD with provider {mods folder locator at C:\Users\erikp\curseforge\minecraft\Instances\TerraFirmaGreg-Modern (1)\mods}
[22:01:26] [main/INFO]: Found mod file modernfix-forge-5.27.51+mc1.20.1.jar of type MOD with provider {mods folder locator at C:\Users\erikp\curseforge\minecraft\Instances\TerraFirmaGreg-Modern (1)\mods}
[22:01:26] [main/INFO]: Found mod file moonlight-1.20-2.16.34-forge.jar of type MOD with provider {mods folder locator at C:\Users\erikp\curseforge\minecraft\Instances\TerraFirmaGreg-Modern (1)\mods}
[22:01:26] [main/INFO]: Found mod file morered-1.20.1-4.0.0.4.jar of type MOD with provider {mods folder locator at C:\Users\erikp\curseforge\minecraft\Instances\TerraFirmaGreg-Modern (1)\mods}
[22:01:26] [main/INFO]: Found mod file MoreRed-CCT-Compat-1.20.1-1.0.0.jar of type MOD with provider {mods folder locator at C:\Users\erikp\curseforge\minecraft\Instances\TerraFirmaGreg-Modern (1)\mods}
[22:01:26] [main/INFO]: Found mod file MouseTweaks-forge-mc1.20.1-2.25.1.jar of type MOD with provider {mods folder locator at C:\Users\erikp\curseforge\minecraft\Instances\TerraFirmaGreg-Modern (1)\mods}
[22:01:26] [main/INFO]: Found mod file MTS Official Pack-1.20.1-V29.jar of type MOD with provider {mods folder locator at C:\Users\erikp\curseforge\minecraft\Instances\TerraFirmaGreg-Modern (1)\mods}
[22:01:26] [main/INFO]: Found mod file MyServerIsCompatible-1.20-1.0.jar of type MOD with provider {mods folder locator at C:\Users\erikp\curseforge\minecraft\Instances\TerraFirmaGreg-Modern (1)\mods}
[22:01:26] [main/INFO]: Found mod file mysql-connector-j-9.7.0+2026-05-03-all.jar of type MOD with provider {mods folder locator at C:\Users\erikp\curseforge\minecraft\Instances\TerraFirmaGreg-Modern (1)\mods}
[22:01:26] [main/INFO]: Found mod file nanhealthfixer-1.20.1-0.0.1.jar of type MOD with provider {mods folder locator at C:\Users\erikp\curseforge\minecraft\Instances\TerraFirmaGreg-Modern (1)\mods}
[22:01:26] [main/INFO]: Found mod file NoChatReports-FORGE-1.20.1-v2.2.3.jar of type MOD with provider {mods folder locator at C:\Users\erikp\curseforge\minecraft\Instances\TerraFirmaGreg-Modern (1)\mods}
[22:01:26] [main/INFO]: Found mod file Not Enough Recipe Book-FORGE-0.4.1+1.20.1.jar of type MOD with provider {mods folder locator at C:\Users\erikp\curseforge\minecraft\Instances\TerraFirmaGreg-Modern (1)\mods}
[22:01:26] [main/INFO]: Found mod file notenoughanimations-forge-1.12.4-mc1.20.1.jar of type MOD with provider {mods folder locator at C:\Users\erikp\curseforge\minecraft\Instances\TerraFirmaGreg-Modern (1)\mods}
[22:01:26] [main/INFO]: Found mod file OAmP-1.20.1-V3.jar of type MOD with provider {mods folder locator at C:\Users\erikp\curseforge\minecraft\Instances\TerraFirmaGreg-Modern (1)\mods}
[22:01:26] [main/INFO]: Found mod file observable-4.4.2.jar of type MOD with provider {mods folder locator at C:\Users\erikp\curseforge\minecraft\Instances\TerraFirmaGreg-Modern (1)\mods}
[22:01:26] [main/INFO]: Found mod file OctoLib-FORGE-0.5.0.1+1.20.1.jar of type MOD with provider {mods folder locator at C:\Users\erikp\curseforge\minecraft\Instances\TerraFirmaGreg-Modern (1)\mods}
[22:01:26] [main/INFO]: Found mod file oculus-mc1.20.1-1.8.0.jar of type MOD with provider {mods folder locator at C:\Users\erikp\curseforge\minecraft\Instances\TerraFirmaGreg-Modern (1)\mods}
[22:01:26] [main/INFO]: Found mod file packetfixer-3.3.2-1.18-1.20.4-merged.jar of type MOD with provider {mods folder locator at C:\Users\erikp\curseforge\minecraft\Instances\TerraFirmaGreg-Modern (1)\mods}
[22:01:26] [main/INFO]: Found mod file pandalib-forge-0.4.2-1.20.jar of type MOD with provider {mods folder locator at C:\Users\erikp\curseforge\minecraft\Instances\TerraFirmaGreg-Modern (1)\mods}
[22:01:26] [main/INFO]: Found mod file particle_core-0.3.3+1.20.1+forge.jar of type MOD with provider {mods folder locator at C:\Users\erikp\curseforge\minecraft\Instances\TerraFirmaGreg-Modern (1)\mods}
[22:01:26] [main/INFO]: Found mod file particular-1.20.1-Forge-1.5.7.jar of type MOD with provider {mods folder locator at C:\Users\erikp\curseforge\minecraft\Instances\TerraFirmaGreg-Modern (1)\mods}
[22:01:26] [main/INFO]: Found mod file Patchouli-1.20.1-85-FORGE.jar of type MOD with provider {mods folder locator at C:\Users\erikp\curseforge\minecraft\Instances\TerraFirmaGreg-Modern (1)\mods}
[22:01:26] [main/INFO]: Found mod file PickUpNotifier-v8.0.0-1.20.1-Forge.jar of type MOD with provider {mods folder locator at C:\Users\erikp\curseforge\minecraft\Instances\TerraFirmaGreg-Modern (1)\mods}
[22:01:26] [main/INFO]: Found mod file Placebo-1.20.1-8.6.3.jar of type MOD with provider {mods folder locator at C:\Users\erikp\curseforge\minecraft\Instances\TerraFirmaGreg-Modern (1)\mods}
[22:01:26] [main/INFO]: Found mod file playerrevive_compat-1.0.4-daf51f2.jar of type MOD with provider {mods folder locator at C:\Users\erikp\curseforge\minecraft\Instances\TerraFirmaGreg-Modern (1)\mods}
[22:01:26] [main/INFO]: Found mod file PlayerRevive_FORGE_v2.0.31_mc1.20.1.jar of type MOD with provider {mods folder locator at C:\Users\erikp\curseforge\minecraft\Instances\TerraFirmaGreg-Modern (1)\mods}
[22:01:26] [main/INFO]: Found mod file polylib-forge-2000.0.3-build.143.jar of type MOD with provider {mods folder locator at C:\Users\erikp\curseforge\minecraft\Instances\TerraFirmaGreg-Modern (1)\mods}
[22:01:26] [main/INFO]: Found mod file primitive_creatures_2.7forge1.20.1.jar of type MOD with provider {mods folder locator at C:\Users\erikp\curseforge\minecraft\Instances\TerraFirmaGreg-Modern (1)\mods}
[22:01:26] [main/INFO]: Found mod file proximitychat-1.20.1-Forge-1.2.0.jar of type MOD with provider {mods folder locator at C:\Users\erikp\curseforge\minecraft\Instances\TerraFirmaGreg-Modern (1)\mods}
[22:01:26] [main/INFO]: Found mod file PuzzlesLib-v8.1.33-1.20.1-Forge.jar of type MOD with provider {mods folder locator at C:\Users\erikp\curseforge\minecraft\Instances\TerraFirmaGreg-Modern (1)\mods}
[22:01:26] [main/INFO]: Found mod file pvp_flagging-1.20.1-1.1.2.jar of type MOD with provider {mods folder locator at C:\Users\erikp\curseforge\minecraft\Instances\TerraFirmaGreg-Modern (1)\mods}
[22:01:26] [main/INFO]: Found mod file radium-mc1.20.1-0.12.4+git.26c9d8e.jar of type MOD with provider {mods folder locator at C:\Users\erikp\curseforge\minecraft\Instances\TerraFirmaGreg-Modern (1)\mods}
[22:01:26] [main/INFO]: Found mod file realmrpg_skeletons-1.1.0-forge-1.20.1.jar of type MOD with provider {mods folder locator at C:\Users\erikp\curseforge\minecraft\Instances\TerraFirmaGreg-Modern (1)\mods}
[22:01:26] [main/INFO]: Found mod file reliable_recipes-forge-1.20.1-2.2.3.jar of type MOD with provider {mods folder locator at C:\Users\erikp\curseforge\minecraft\Instances\TerraFirmaGreg-Modern (1)\mods}
[22:01:26] [main/INFO]: Found mod file reliable_remover-forge-1.20.1-3.0.0.jar of type MOD with provider {mods folder locator at C:\Users\erikp\curseforge\minecraft\Instances\TerraFirmaGreg-Modern (1)\mods}
[22:01:26] [main/INFO]: Found mod file resourcefulconfig-forge-1.20.1-2.1.3.jar of type MOD with provider {mods folder locator at C:\Users\erikp\curseforge\minecraft\Instances\TerraFirmaGreg-Modern (1)\mods}
[22:01:26] [main/INFO]: Found mod file resourcefullib-forge-1.20.1-2.1.29.jar of type MOD with provider {mods folder locator at C:\Users\erikp\curseforge\minecraft\Instances\TerraFirmaGreg-Modern (1)\mods}
[22:01:26] [main/INFO]: Found mod file rhino-forge-2001.2.3-build.10.jar of type MOD with provider {mods folder locator at C:\Users\erikp\curseforge\minecraft\Instances\TerraFirmaGreg-Modern (1)\mods}
[22:01:26] [main/INFO]: Found mod file rnr-0.2.5-1.20.1.jar of type MOD with provider {mods folder locator at C:\Users\erikp\curseforge\minecraft\Instances\TerraFirmaGreg-Modern (1)\mods}
[22:01:26] [main/INFO]: Found mod file S3_progression_mod-0.1.0.jar of type MOD with provider {mods folder locator at C:\Users\erikp\curseforge\minecraft\Instances\TerraFirmaGreg-Modern (1)\mods}
[22:01:26] [main/INFO]: Found mod file Sacks 'N Such-1.20.1-1.2.8.jar of type MOD with provider {mods folder locator at C:\Users\erikp\curseforge\minecraft\Instances\TerraFirmaGreg-Modern (1)\mods}
[22:01:26] [main/INFO]: Found mod file sandworm_mod-1.2.0.jar of type MOD with provider {mods folder locator at C:\Users\erikp\curseforge\minecraft\Instances\TerraFirmaGreg-Modern (1)\mods}
[22:01:26] [main/INFO]: Found mod file saturn-mc1.20.1-0.1.3.jar of type MOD with provider {mods folder locator at C:\Users\erikp\curseforge\minecraft\Instances\TerraFirmaGreg-Modern (1)\mods}
[22:01:26] [main/INFO]: Found mod file Searchables-forge-1.20.1-1.0.3.jar of type MOD with provider {mods folder locator at C:\Users\erikp\curseforge\minecraft\Instances\TerraFirmaGreg-Modern (1)\mods}
[22:01:26] [main/INFO]: Found mod file seasonhud-forge-1.20.1-2.0.10.jar of type MOD with provider {mods folder locator at C:\Users\erikp\curseforge\minecraft\Instances\TerraFirmaGreg-Modern (1)\mods}
[22:01:26] [main/INFO]: Found mod file showcaser-forge-1.7.4.jar of type MOD with provider {mods folder locator at C:\Users\erikp\curseforge\minecraft\Instances\TerraFirmaGreg-Modern (1)\mods}
[22:01:26] [main/INFO]: Found mod file SimpleLogin-1.20.1-1.0.2-all.jar of type MOD with provider {mods folder locator at C:\Users\erikp\curseforge\minecraft\Instances\TerraFirmaGreg-Modern (1)\mods}
[22:01:26] [main/INFO]: Found mod file simplewhitelist-0.3-all.jar of type MOD with provider {mods folder locator at C:\Users\erikp\curseforge\minecraft\Instances\TerraFirmaGreg-Modern (1)\mods}
[22:01:26] [main/INFO]: Found mod file simplylight-1.20.1-1.4.6-build.50.jar of type MOD with provider {mods folder locator at C:\Users\erikp\curseforge\minecraft\Instances\TerraFirmaGreg-Modern (1)\mods}
[22:01:26] [main/INFO]: Found mod file simplystacked-1.20-1.2.jar of type MOD with provider {mods folder locator at C:\Users\erikp\curseforge\minecraft\Instances\TerraFirmaGreg-Modern (1)\mods}
[22:01:26] [main/INFO]: Found mod file skinrestorer-2.9.0+1.20-forge.jar of type MOD with provider {mods folder locator at C:\Users\erikp\curseforge\minecraft\Instances\TerraFirmaGreg-Modern (1)\mods}
[22:01:26] [main/INFO]: Found mod file SmartBrainLib-forge-1.20.1-1.15.jar of type MOD with provider {mods folder locator at C:\Users\erikp\curseforge\minecraft\Instances\TerraFirmaGreg-Modern (1)\mods}
[22:01:26] [main/INFO]: Found mod file smoothboot(reloaded)-mc1.20.1-0.0.4.jar of type MOD with provider {mods folder locator at C:\Users\erikp\curseforge\minecraft\Instances\TerraFirmaGreg-Modern (1)\mods}
[22:01:26] [main/INFO]: Found mod file sodiumdynamiclights-forge-1.0.10-1.20.1.jar of type MOD with provider {mods folder locator at C:\Users\erikp\curseforge\minecraft\Instances\TerraFirmaGreg-Modern (1)\mods}
[22:01:26] [main/INFO]: Found mod file sodiumextras-forge-1.0.7-1.20.1.jar of type MOD with provider {mods folder locator at C:\Users\erikp\curseforge\minecraft\Instances\TerraFirmaGreg-Modern (1)\mods}
[22:01:26] [main/INFO]: Found mod file sodiumoptionsapi-forge-1.0.10-1.20.1.jar of type MOD with provider {mods folder locator at C:\Users\erikp\curseforge\minecraft\Instances\TerraFirmaGreg-Modern (1)\mods}
[22:01:26] [main/INFO]: Found mod file sophisticatedbackpacks-1.20.1-3.24.67.2109.jar of type MOD with provider {mods folder locator at C:\Users\erikp\curseforge\minecraft\Instances\TerraFirmaGreg-Modern (1)\mods}
[22:01:26] [main/INFO]: Found mod file sophisticatedcore-1.20.1-1.3.84.2308.jar of type MOD with provider {mods folder locator at C:\Users\erikp\curseforge\minecraft\Instances\TerraFirmaGreg-Modern (1)\mods}
[22:01:26] [main/INFO]: Found mod file SoulBinding1.20.1(Forge)vs1.0.2.jar of type MOD with provider {mods folder locator at C:\Users\erikp\curseforge\minecraft\Instances\TerraFirmaGreg-Modern (1)\mods}
[22:01:26] [main/INFO]: Found mod file sound-physics-remastered-forge-1.20.1-1.5.1.jar of type MOD with provider {mods folder locator at C:\Users\erikp\curseforge\minecraft\Instances\TerraFirmaGreg-Modern (1)\mods}
[22:01:26] [main/INFO]: Found mod file spark-1.10.53-forge.jar of type MOD with provider {mods folder locator at C:\Users\erikp\curseforge\minecraft\Instances\TerraFirmaGreg-Modern (1)\mods}
[22:01:26] [main/INFO]: Found mod file species-3.5.jar of type MOD with provider {mods folder locator at C:\Users\erikp\curseforge\minecraft\Instances\TerraFirmaGreg-Modern (1)\mods}
[22:01:26] [main/INFO]: Found mod file sqlite-jdbc-3.53.2.0+2026-06-06-all.jar of type MOD with provider {mods folder locator at C:\Users\erikp\curseforge\minecraft\Instances\TerraFirmaGreg-Modern (1)\mods}
[22:01:26] [main/INFO]: Found mod file Steam_Rails-1.7.3+forge-mc1.20.1.jar of type MOD with provider {mods folder locator at C:\Users\erikp\curseforge\minecraft\Instances\TerraFirmaGreg-Modern (1)\mods}
[22:01:26] [main/INFO]: Found mod file steampowered-1.20.1-3.1.0.jar of type MOD with provider {mods folder locator at C:\Users\erikp\curseforge\minecraft\Instances\TerraFirmaGreg-Modern (1)\mods}
[22:01:26] [main/INFO]: Found mod file struts-1.1.1+mc1.20.1.jar of type GAMELIBRARY with provider {mods folder locator at C:\Users\erikp\curseforge\minecraft\Instances\TerraFirmaGreg-Modern (1)\mods}
[22:01:26] [main/INFO]: Found mod file supermartijn642configlib-1.1.8-forge-mc1.20.jar of type MOD with provider {mods folder locator at C:\Users\erikp\curseforge\minecraft\Instances\TerraFirmaGreg-Modern (1)\mods}
[22:01:26] [main/INFO]: Found mod file tacz-1.20.1-1.1.8-hotfix.jar of type MOD with provider {mods folder locator at C:\Users\erikp\curseforge\minecraft\Instances\TerraFirmaGreg-Modern (1)\mods}
[22:01:26] [main/INFO]: Found mod file tacz-tweaks-2.14.2-all.jar of type MOD with provider {mods folder locator at C:\Users\erikp\curseforge\minecraft\Instances\TerraFirmaGreg-Modern (1)\mods}
[22:01:26] [main/INFO]: Found mod file taczammoquery-1.20.1-1.0.0.jar of type MOD with provider {mods folder locator at C:\Users\erikp\curseforge\minecraft\Instances\TerraFirmaGreg-Modern (1)\mods}
[22:01:26] [main/INFO]: Found mod file taczjs-forge-1.4.2+mc1.20.1.jar of type MOD with provider {mods folder locator at C:\Users\erikp\curseforge\minecraft\Instances\TerraFirmaGreg-Modern (1)\mods}
[22:01:26] [main/INFO]: Found mod file TerraFirmaCraft-Forge-1.20.1-3.2.25.jar of type MOD with provider {mods folder locator at C:\Users\erikp\curseforge\minecraft\Instances\TerraFirmaGreg-Modern (1)\mods}
[22:01:26] [main/INFO]: Found mod file TerraFirmaGreg-Core-Modern-0.9.23.jar of type MOD with provider {mods folder locator at C:\Users\erikp\curseforge\minecraft\Instances\TerraFirmaGreg-Modern (1)\mods}
[22:01:26] [main/INFO]: Found mod file TFC_punishment_for_death-1.20.1-1.0.0.16.jar of type MOD with provider {mods folder locator at C:\Users\erikp\curseforge\minecraft\Instances\TerraFirmaGreg-Modern (1)\mods}
[22:01:26] [main/INFO]: Found mod file tfc_ruins-1.0.1-forge-1.20.1.jar of type MOD with provider {mods folder locator at C:\Users\erikp\curseforge\minecraft\Instances\TerraFirmaGreg-Modern (1)\mods}
[22:01:26] [main/INFO]: Found mod file tfc_support_indicator-1.0.7+mc1.20.1.jar of type MOD with provider {mods folder locator at C:\Users\erikp\curseforge\minecraft\Instances\TerraFirmaGreg-Modern (1)\mods}
[22:01:26] [main/INFO]: Found mod file TFCAgedAlcohol-1.20.1-2.3.jar of type MOD with provider {mods folder locator at C:\Users\erikp\curseforge\minecraft\Instances\TerraFirmaGreg-Modern (1)\mods}
[22:01:26] [main/INFO]: Found mod file TFCAstikorCarts-1.20.1-1.1.8.3.jar of type MOD with provider {mods folder locator at C:\Users\erikp\curseforge\minecraft\Instances\TerraFirmaGreg-Modern (1)\mods}
[22:01:26] [main/INFO]: Found mod file TFCBetterBlastFurnace-1.20.1-1.0.2.jar of type MOD with provider {mods folder locator at C:\Users\erikp\curseforge\minecraft\Instances\TerraFirmaGreg-Modern (1)\mods}
[22:01:26] [main/INFO]: Found mod file tfccanes-2.1.2.jar of type MOD with provider {mods folder locator at C:\Users\erikp\curseforge\minecraft\Instances\TerraFirmaGreg-Modern (1)\mods}
[22:01:26] [main/INFO]: Found mod file tfcchannelcasting-0.2.3-beta.jar of type MOD with provider {mods folder locator at C:\Users\erikp\curseforge\minecraft\Instances\TerraFirmaGreg-Modern (1)\mods}
[22:01:26] [main/INFO]: Found mod file tfcgenviewer-1.20.1-1.5.1.jar of type MOD with provider {mods folder locator at C:\Users\erikp\curseforge\minecraft\Instances\TerraFirmaGreg-Modern (1)\mods}
[22:01:26] [main/INFO]: Found mod file tfcgroomer-1.20.1-0.2.4.jar of type MOD with provider {mods folder locator at C:\Users\erikp\curseforge\minecraft\Instances\TerraFirmaGreg-Modern (1)\mods}
[22:01:26] [main/INFO]: Found mod file TFCHotOrNot-1.20.1-1.0.13.jar of type MOD with provider {mods folder locator at C:\Users\erikp\curseforge\minecraft\Instances\TerraFirmaGreg-Modern (1)\mods}
[22:01:26] [main/INFO]: Found mod file tfclunchbox-1.20.1-1.0.0.29.jar of type MOD with provider {mods folder locator at C:\Users\erikp\curseforge\minecraft\Instances\TerraFirmaGreg-Modern (1)\mods}
[22:01:26] [main/INFO]: Found mod file tfcscraping-1.0.2.jar of type MOD with provider {mods folder locator at C:\Users\erikp\curseforge\minecraft\Instances\TerraFirmaGreg-Modern (1)\mods}
[22:01:26] [main/INFO]: Found mod file tfcstructuremodc-0.0.4.jar of type MOD with provider {mods folder locator at C:\Users\erikp\curseforge\minecraft\Instances\TerraFirmaGreg-Modern (1)\mods}
[22:01:26] [main/INFO]: Found mod file TFCTumbleweed-1.20.1-1.2.2.jar of type MOD with provider {mods folder locator at C:\Users\erikp\curseforge\minecraft\Instances\TerraFirmaGreg-Modern (1)\mods}
[22:01:26] [main/INFO]: Found mod file TFCVesselTooltip-1.20.1-1.1.jar of type MOD with provider {mods folder locator at C:\Users\erikp\curseforge\minecraft\Instances\TerraFirmaGreg-Modern (1)\mods}
[22:01:26] [main/INFO]: Found mod file TFCWeldButton-1.20.1-1.1.jar of type MOD with provider {mods folder locator at C:\Users\erikp\curseforge\minecraft\Instances\TerraFirmaGreg-Modern (1)\mods}
[22:01:26] [main/INFO]: Found mod file timeout_fixes-1.20.1-1.0.0.jar of type MOD with provider {mods folder locator at C:\Users\erikp\curseforge\minecraft\Instances\TerraFirmaGreg-Modern (1)\mods}
[22:01:26] [main/INFO]: Found mod file toofast-1.20-0.4.3.5.jar of type MOD with provider {mods folder locator at C:\Users\erikp\curseforge\minecraft\Instances\TerraFirmaGreg-Modern (1)\mods}
[22:01:26] [main/INFO]: Found mod file ToolBelt-1.20.1-1.20.03.jar of type MOD with provider {mods folder locator at C:\Users\erikp\curseforge\minecraft\Instances\TerraFirmaGreg-Modern (1)\mods}
[22:01:26] [main/INFO]: Found mod file toomanyrecipeviewers-0.8.1+mc.20.1.jar of type MOD with provider {mods folder locator at C:\Users\erikp\curseforge\minecraft\Instances\TerraFirmaGreg-Modern (1)\mods}
[22:01:26] [main/INFO]: Found mod file Tumbleweed-forge-1.20.1-0.5.5.jar of type MOD with provider {mods folder locator at C:\Users\erikp\curseforge\minecraft\Instances\TerraFirmaGreg-Modern (1)\mods}
[22:01:26] [main/INFO]: Found mod file u_team_core-forge-1.20.1-5.1.4.382.jar of type MOD with provider {mods folder locator at C:\Users\erikp\curseforge\minecraft\Instances\TerraFirmaGreg-Modern (1)\mods}
[22:01:26] [main/INFO]: Found mod file UniLib-1.2.1+1.20.1-forge.jar of type MOD with provider {mods folder locator at C:\Users\erikp\curseforge\minecraft\Instances\TerraFirmaGreg-Modern (1)\mods}
[22:01:26] [main/INFO]: Found mod file vintage_kubejs-1.20.1-1.0.0rc-2.jar of type MOD with provider {mods folder locator at C:\Users\erikp\curseforge\minecraft\Instances\TerraFirmaGreg-Modern (1)\mods}
[22:01:26] [main/INFO]: Found mod file vintageimprovements-1.20.1-0.3.7.8.jar of type MOD with provider {mods folder locator at C:\Users\erikp\curseforge\minecraft\Instances\TerraFirmaGreg-Modern (1)\mods}
[22:01:26] [main/INFO]: Found mod file voicechat-forge-1.20.1-2.6.23.jar of type MOD with provider {mods folder locator at C:\Users\erikp\curseforge\minecraft\Instances\TerraFirmaGreg-Modern (1)\mods}
[22:01:26] [main/INFO]: Found mod file wakes-1.20.1-Forge-1.4.1.jar of type MOD with provider {mods folder locator at C:\Users\erikp\curseforge\minecraft\Instances\TerraFirmaGreg-Modern (1)\mods}
[22:01:26] [main/INFO]: Found mod file wan_ancient_beasts-forge_1.20.1_1.4.3.jar of type MOD with provider {mods folder locator at C:\Users\erikp\curseforge\minecraft\Instances\TerraFirmaGreg-Modern (1)\mods}
[22:01:26] [main/INFO]: Found mod file waterflasks-3.0.10.jar of type MOD with provider {mods folder locator at C:\Users\erikp\curseforge\minecraft\Instances\TerraFirmaGreg-Modern (1)\mods}
[22:01:26] [main/INFO]: Found mod file xaerominimap-forge-1.20.1-26.4.2.jar of type MOD with provider {mods folder locator at C:\Users\erikp\curseforge\minecraft\Instances\TerraFirmaGreg-Modern (1)\mods}
[22:01:26] [main/INFO]: Found mod file xaeroworldmap-forge-1.20.1-1.45.0.jar of type MOD with provider {mods folder locator at C:\Users\erikp\curseforge\minecraft\Instances\TerraFirmaGreg-Modern (1)\mods}
[22:01:26] [main/INFO]: Found mod file YeetusExperimentus-Forge-2.3.1-build.6+mc1.20.1.jar of type MOD with provider {mods folder locator at C:\Users\erikp\curseforge\minecraft\Instances\TerraFirmaGreg-Modern (1)\mods}
[22:01:26] [main/INFO]: Found mod file yet_another_config_lib_v3-3.6.6+1.20.1-forge.jar of type MOD with provider {mods folder locator at C:\Users\erikp\curseforge\minecraft\Instances\TerraFirmaGreg-Modern (1)\mods}
[22:01:26] [main/WARN]: Mod file C:\Users\erikp\curseforge\minecraft\Install\libraries\net\minecraftforge\fmlcore\1.20.1-47.4.13\fmlcore-1.20.1-47.4.13.jar is missing mods.toml file
[22:01:26] [main/WARN]: Mod file C:\Users\erikp\curseforge\minecraft\Install\libraries\net\minecraftforge\javafmllanguage\1.20.1-47.4.13\javafmllanguage-1.20.1-47.4.13.jar is missing mods.toml file
[22:01:26] [main/WARN]: Mod file C:\Users\erikp\curseforge\minecraft\Install\libraries\net\minecraftforge\lowcodelanguage\1.20.1-47.4.13\lowcodelanguage-1.20.1-47.4.13.jar is missing mods.toml file
[22:01:26] [main/WARN]: Mod file C:\Users\erikp\curseforge\minecraft\Install\libraries\net\minecraftforge\mclanguage\1.20.1-47.4.13\mclanguage-1.20.1-47.4.13.jar is missing mods.toml file
[22:01:26] [main/INFO]: Found mod file fmlcore-1.20.1-47.4.13.jar of type LIBRARY with provider net.minecraftforge.fml.loading.moddiscovery.MinecraftLocator@1b01a0d
[22:01:26] [main/INFO]: Found mod file javafmllanguage-1.20.1-47.4.13.jar of type LANGPROVIDER with provider net.minecraftforge.fml.loading.moddiscovery.MinecraftLocator@1b01a0d
[22:01:26] [main/INFO]: Found mod file lowcodelanguage-1.20.1-47.4.13.jar of type LANGPROVIDER with provider net.minecraftforge.fml.loading.moddiscovery.MinecraftLocator@1b01a0d
[22:01:26] [main/INFO]: Found mod file mclanguage-1.20.1-47.4.13.jar of type LANGPROVIDER with provider net.minecraftforge.fml.loading.moddiscovery.MinecraftLocator@1b01a0d
[22:01:26] [main/INFO]: Found mod file client-1.20.1-20230612.114412-srg.jar of type MOD with provider net.minecraftforge.fml.loading.moddiscovery.MinecraftLocator@1b01a0d
[22:01:26] [main/INFO]: Found mod file forge-1.20.1-47.4.13-universal.jar of type MOD with provider net.minecraftforge.fml.loading.moddiscovery.MinecraftLocator@1b01a0d
[22:01:26] [main/INFO]: Found mod file crash_assistant-forge.jar of type MOD with provider dev.kostromdan.mods.crash_assistant.core_mod.services.CrashAssistantDependencyLocator@1280682
[22:01:28] [main/WARN]: Attempted to select a dependency jar for JarJar which was passed in as source: ldlib. Using Mod File: C:\Users\erikp\curseforge\minecraft\Instances\TerraFirmaGreg-Modern (1)\mods\ldlib-forge-1.20.1-1.0.52.jar
[22:01:28] [main/WARN]: Attempted to select a dependency jar for JarJar which was passed in as source: configuration. Using Mod File: C:\Users\erikp\curseforge\minecraft\Instances\TerraFirmaGreg-Modern (1)\mods\configuration-forge-1.20.1-3.1.0.jar
[22:01:28] [main/WARN]: Attempted to select a dependency jar for JarJar which was passed in as source: architectury. Using Mod File: C:\Users\erikp\curseforge\minecraft\Instances\TerraFirmaGreg-Modern (1)\mods\architectury-9.2.14-forge.jar
[22:01:28] [main/INFO]: Found 62 dependencies adding them to mods collection
[22:01:28] [main/INFO]: Found mod file kuma-api-forge-20.1.12+1.20.1.jar of type MOD with provider net.minecraftforge.fml.loading.moddiscovery.JarInJarDependencyLocator@25ad25f5
[22:01:28] [main/INFO]: Found mod file Reflect-1.6.1+curseforge.jar of type GAMELIBRARY with provider net.minecraftforge.fml.loading.moddiscovery.JarInJarDependencyLocator@25ad25f5
[22:01:28] [main/INFO]: Found mod file satin-forge-1.20.1+1.15.0-SNAPSHOT.jar of type MOD with provider net.minecraftforge.fml.loading.moddiscovery.JarInJarDependencyLocator@25ad25f5
[22:01:28] [main/INFO]: Found mod file Ponder-Forge-1.20.1-1.0.91.jar of type MOD with provider net.minecraftforge.fml.loading.moddiscovery.JarInJarDependencyLocator@25ad25f5
[22:01:28] [main/INFO]: Found mod file mixinextras-forge-0.5.4.jar of type GAMELIBRARY with provider net.minecraftforge.fml.loading.moddiscovery.JarInJarDependencyLocator@25ad25f5
[22:01:28] [main/INFO]: Found mod file imageio-webp-3.12.0.jar of type GAMELIBRARY with provider net.minecraftforge.fml.loading.moddiscovery.JarInJarDependencyLocator@25ad25f5
[22:01:28] [main/INFO]: Found mod file appliedenergistics2-forge-15.4.10-cosmolite.38.jar of type MOD with provider net.minecraftforge.fml.loading.moddiscovery.JarInJarDependencyLocator@25ad25f5
[22:01:28] [main/INFO]: Found mod file xaerolib-forge-1.20.1-1.7.1.jar of type MOD with provider net.minecraftforge.fml.loading.moddiscovery.JarInJarDependencyLocator@25ad25f5
[22:01:28] [main/INFO]: Found mod file mclib-20.jar of type GAMELIBRARY with provider net.minecraftforge.fml.loading.moddiscovery.JarInJarDependencyLocator@25ad25f5
[22:01:28] [main/INFO]: Found mod file snakeyaml-2.5.jar of type GAMELIBRARY with provider net.minecraftforge.fml.loading.moddiscovery.JarInJarDependencyLocator@25ad25f5
[22:01:28] [main/INFO]: Found mod file TRender-1.0.15-1.20.1-forge-SNAPSHOT.jar of type MOD with provider net.minecraftforge.fml.loading.moddiscovery.JarInJarDependencyLocator@25ad25f5
[22:01:28] [main/INFO]: Found mod file mae-1.1.2.jar of type GAMELIBRARY with provider net.minecraftforge.fml.loading.moddiscovery.JarInJarDependencyLocator@25ad25f5
[22:01:28] [main/INFO]: Found mod file imageio-core-3.12.0.jar of type GAMELIBRARY with provider net.minecraftforge.fml.loading.moddiscovery.JarInJarDependencyLocator@25ad25f5
[22:01:28] [main/INFO]: Found mod file useitemonblockevent-1.20.1-1.0.0.2.jar of type MOD with provider net.minecraftforge.fml.loading.moddiscovery.JarInJarDependencyLocator@25ad25f5
[22:01:28] [main/INFO]: Found mod file mixinextras-forge-0.2.0-beta.6.jar of type GAMELIBRARY with provider net.minecraftforge.fml.loading.moddiscovery.JarInJarDependencyLocator@25ad25f5
[22:01:28] [main/INFO]: Found mod file luaj-jse-3.0.8-figura.jar of type GAMELIBRARY with provider net.minecraftforge.fml.loading.moddiscovery.JarInJarDependencyLocator@25ad25f5
[22:01:28] [main/INFO]: Found mod file jumbofurnace-1.20.1-4.0.0.5.jar of type MOD with provider net.minecraftforge.fml.loading.moddiscovery.JarInJarDependencyLocator@25ad25f5
[22:01:28] [main/INFO]: Found mod file common-lang-3.12.0.jar of type GAMELIBRARY with provider net.minecraftforge.fml.loading.moddiscovery.JarInJarDependencyLocator@25ad25f5
[22:01:28] [main/INFO]: Found mod file jzlib-1.1.3.jar of type GAMELIBRARY with provider net.minecraftforge.fml.loading.moddiscovery.JarInJarDependencyLocator@25ad25f5
[22:01:28] [main/INFO]: Found mod file jankson-1.2.3.jar of type GAMELIBRARY with provider net.minecraftforge.fml.loading.moddiscovery.JarInJarDependencyLocator@25ad25f5
[22:01:28] [main/INFO]: Found mod file animated-gif-lib-for-java-animated-gif-lib-1.7.jar of type GAMELIBRARY with provider net.minecraftforge.fml.loading.moddiscovery.JarInJarDependencyLocator@25ad25f5
[22:01:28] [main/INFO]: Found mod file kfflib-4.12.0.jar of type GAMELIBRARY with provider net.minecraftforge.fml.loading.moddiscovery.JarInJarDependencyLocator@25ad25f5
[22:01:28] [main/INFO]: Found mod file MixinExtras-0.5.4.jar of type GAMELIBRARY with provider net.minecraftforge.fml.loading.moddiscovery.JarInJarDependencyLocator@25ad25f5
[22:01:28] [main/INFO]: Found mod file gson-0.2.1.jar of type GAMELIBRARY with provider net.minecraftforge.fml.loading.moddiscovery.JarInJarDependencyLocator@25ad25f5
[22:01:28] [main/INFO]: Found mod file puzzlesaccessapi-forge-20.1.1.jar of type MOD with provider net.minecraftforge.fml.loading.moddiscovery.JarInJarDependencyLocator@25ad25f5
[22:01:28] [main/INFO]: Found mod file NanoLiveConfig-1.2.1.jar of type GAMELIBRARY with provider net.minecraftforge.fml.loading.moddiscovery.JarInJarDependencyLocator@25ad25f5
[22:01:28] [main/INFO]: Found mod file bcel-6.6.1.jar of type GAMELIBRARY with provider net.minecraftforge.fml.loading.moddiscovery.JarInJarDependencyLocator@25ad25f5
[22:01:28] [main/INFO]: Found mod file fabric-api-base-0.4.31+ef105b4977.jar of type MOD with provider net.minecraftforge.fml.loading.moddiscovery.JarInJarDependencyLocator@25ad25f5
[22:01:28] [main/INFO]: Found mod file gcpath-api-0.1.0-SNAPSHOT.jar of type GAMELIBRARY with provider net.minecraftforge.fml.loading.moddiscovery.JarInJarDependencyLocator@25ad25f5
[22:01:28] [main/INFO]: Found mod file mixinsquared-forge-0.3.7-beta.3.jar of type GAMELIBRARY with provider net.minecraftforge.fml.loading.moddiscovery.JarInJarDependencyLocator@25ad25f5
[22:01:28] [main/INFO]: Found mod file common-io-3.12.0.jar of type GAMELIBRARY with provider net.minecraftforge.fml.loading.moddiscovery.JarInJarDependencyLocator@25ad25f5
[22:01:28] [main/INFO]: Found mod file alekis-ridiculously-simple-roofs-1010046-5310531.jar of type MOD with provider net.minecraftforge.fml.loading.moddiscovery.JarInJarDependencyLocator@25ad25f5
[22:01:28] [main/INFO]: Found mod file Registrate-MC1.20-1.3.11.jar of type GAMELIBRARY with provider net.minecraftforge.fml.loading.moddiscovery.JarInJarDependencyLocator@25ad25f5
[22:01:28] [main/INFO]: Found mod file spectrelib-forge-0.13.15+1.20.1.jar of type MOD with provider net.minecraftforge.fml.loading.moddiscovery.JarInJarDependencyLocator@25ad25f5
[22:01:28] [main/INFO]: Found mod file json-0.2.1.jar of type GAMELIBRARY with provider net.minecraftforge.fml.loading.moddiscovery.JarInJarDependencyLocator@25ad25f5
[22:01:28] [main/INFO]: Found mod file MixinSquared-0.3.7-beta.3.jar of type GAMELIBRARY with provider net.minecraftforge.fml.loading.moddiscovery.JarInJarDependencyLocator@25ad25f5
[22:01:28] [main/INFO]: Found mod file kffmod-4.12.0.jar of type MOD with provider net.minecraftforge.fml.loading.moddiscovery.JarInJarDependencyLocator@25ad25f5
[22:01:28] [main/INFO]: Found mod file bytecodecs-1.0.2.jar of type GAMELIBRARY with provider net.minecraftforge.fml.loading.moddiscovery.JarInJarDependencyLocator@25ad25f5
[22:01:28] [main/INFO]: Found mod file flywheel-forge-1.20.1-1.0.5.jar of type MOD with provider net.minecraftforge.fml.loading.moddiscovery.JarInJarDependencyLocator@25ad25f5
[22:01:28] [main/INFO]: Found mod file simplebedrockmodel-2.2.2-forge+mc1.20.1.jar of type MOD with provider net.minecraftforge.fml.loading.moddiscovery.JarInJarDependencyLocator@25ad25f5
[22:01:28] [main/INFO]: Found mod file common-image-3.12.0.jar of type GAMELIBRARY with provider net.minecraftforge.fml.loading.moddiscovery.JarInJarDependencyLocator@25ad25f5
[22:01:28] [main/INFO]: Found mod file jcpp-1.4.14.jar of type GAMELIBRARY with provider net.minecraftforge.fml.loading.moddiscovery.JarInJarDependencyLocator@25ad25f5
[22:01:28] [main/INFO]: Found mod file gcpath-protocol-0.1.0-SNAPSHOT.jar of type GAMELIBRARY with provider net.minecraftforge.fml.loading.moddiscovery.JarInJarDependencyLocator@25ad25f5
[22:01:28] [main/INFO]: Found mod file kfflang-4.12.0.jar of type LANGPROVIDER with provider net.minecraftforge.fml.loading.moddiscovery.JarInJarDependencyLocator@25ad25f5
[22:01:28] [main/INFO]: Found mod file sewlia-config-1.1.1-SNAPSHOT.jar of type GAMELIBRARY with provider net.minecraftforge.fml.loading.moddiscovery.JarInJarDependencyLocator@25ad25f5
[22:01:28] [main/INFO]: Found mod file luaj-core-3.0.8-figura.jar of type GAMELIBRARY with provider net.minecraftforge.fml.loading.moddiscovery.JarInJarDependencyLocator@25ad25f5
[22:01:28] [main/INFO]: Found mod file cobalt-0.9.6.jar of type GAMELIBRARY with provider net.minecraftforge.fml.loading.moddiscovery.JarInJarDependencyLocator@25ad25f5
[22:01:28] [main/INFO]: Found mod file MathParser.org-mXparser-5.2.1.jar of type GAMELIBRARY with provider net.minecraftforge.fml.loading.moddiscovery.JarInJarDependencyLocator@25ad25f5
[22:01:28] [main/INFO]: Found mod file imageio-metadata-3.12.0.jar of type GAMELIBRARY with provider net.minecraftforge.fml.loading.moddiscovery.JarInJarDependencyLocator@25ad25f5
[22:01:28] [main/INFO]: Found mod file yabn-1.0.3.jar of type GAMELIBRARY with provider net.minecraftforge.fml.loading.moddiscovery.JarInJarDependencyLocator@25ad25f5
[22:01:28] [main/INFO]: Found mod file conditional-mixin-forge-0.6.4.jar of type MOD with provider net.minecraftforge.fml.loading.moddiscovery.JarInJarDependencyLocator@25ad25f5
[22:01:28] [main/INFO]: Found mod file velocity-native-3.4.0-SNAPSHOT.jar of type GAMELIBRARY with provider net.minecraftforge.fml.loading.moddiscovery.JarInJarDependencyLocator@25ad25f5
[22:01:28] [main/INFO]: Found mod file TRansition-1.0.21-1.20.1-forge-SNAPSHOT.jar of type MOD with provider net.minecraftforge.fml.loading.moddiscovery.JarInJarDependencyLocator@25ad25f5
[22:01:28] [main/INFO]: Found mod file gcpath-capture-0.1.0-SNAPSHOT.jar of type GAMELIBRARY with provider net.minecraftforge.fml.loading.moddiscovery.JarInJarDependencyLocator@25ad25f5
[22:01:28] [main/INFO]: Found mod file caffeine-3.2.1.jar of type GAMELIBRARY with provider net.minecraftforge.fml.loading.moddiscovery.JarInJarDependencyLocator@25ad25f5
[22:01:28] [main/INFO]: Found mod file Extended-Slot-Capacity-1.20.1-1.4.jar of type MOD with provider net.minecraftforge.fml.loading.moddiscovery.JarInJarDependencyLocator@25ad25f5
[22:01:28] [main/INFO]: Found mod file java-client-3.2.1-SNAPSHOT.jar of type GAMELIBRARY with provider net.minecraftforge.fml.loading.moddiscovery.JarInJarDependencyLocator@25ad25f5
[22:01:28] [main/INFO]: Found mod file tomlkt-jvm-0.3.7.jar of type GAMELIBRARY with provider net.minecraftforge.fml.loading.moddiscovery.JarInJarDependencyLocator@25ad25f5
[22:01:28] [main/INFO]: Found mod file jlayer-1.0.1.jar of type GAMELIBRARY with provider net.minecraftforge.fml.loading.moddiscovery.JarInJarDependencyLocator@25ad25f5
[22:01:28] [main/INFO]: Found mod file jbcrypt-0.4.jar of type GAMELIBRARY with provider net.minecraftforge.fml.loading.moddiscovery.JarInJarDependencyLocator@25ad25f5
[22:01:28] [main/INFO]: Found mod file commons-math3-3.6.1.jar of type GAMELIBRARY with provider net.minecraftforge.fml.loading.moddiscovery.JarInJarDependencyLocator@25ad25f5
[22:01:28] [main/INFO]: Found mod file japng-0.5.3.jar of type GAMELIBRARY with provider net.minecraftforge.fml.loading.moddiscovery.JarInJarDependencyLocator@25ad25f5
[22:01:34] [main/INFO]: Compatibility level set to JAVA_17
[22:01:35] [main/ERROR]: Mixin config mixins.satin.client.json does not specify "minVersion" property
[22:01:35] [main/ERROR]: Mixin config yacl.mixins.json does not specify "minVersion" property
[22:01:35] [main/ERROR]: Mixin config cc_utf8_compat.mixins.json does not specify "minVersion" property
[22:01:35] [main/INFO]: Successfully loaded Mixin Connector [com.sonicether.soundphysics.MixinConnector]
[22:01:35] [main/INFO]: Successfully loaded Mixin Connector [com.leobeliik.extremesoundmuffler.MixinConnector]
[22:01:35] [main/INFO]: Successfully loaded Mixin Connector [mcinterface1201.mixin.MixinConnector]
[22:01:35] [main/INFO]: Launching target 'forgeclient' with arguments [--version, forge-47.4.13, --gameDir, C:\Users\erikp\curseforge\minecraft\Instances\TerraFirmaGreg-Modern (1), --assetsDir, C:\Users\erikp\curseforge\minecraft\Install\assets, --uuid, bf11e87f19d6424381cb0bcccc0eb393, --username, Joerning, --assetIndex, 5, --accessToken, ????????, --clientId, YzBhMTBjYTctMmIyYi00NjM4LWIyZTYtNzY1Yzg1N2NlZTNl, --xuid, 2535432586298493, --userType, msa, --versionType, release, --width, 1024, --height, 768, --quickPlayPath, C:\Users\erikp\curseforge\minecraft\Install\quickPlay\java\1788984075188.json]
[22:01:35] [main/INFO]: Loaded Saturn config file with 4 configurable options
[22:01:35] [main/INFO]: All configurations saved
[22:01:35] [main/INFO]: Reloaded configuration: ModConfig
[22:01:35] [main/INFO]: Successfully initialized configuration manager, loaded 1 configuration classes
[22:01:36] [main/INFO]: Loaded configuration file for ModernFix 5.27.51+mc1.20.1: 109 options available, 10 override(s) found
[22:01:36] [main/WARN]: Option 'mixin.perf.smart_ingredient_sync' overriden (by user configuration) to 'false'
[22:01:36] [main/WARN]: Option 'mixin.perf.faster_item_rendering' overriden (by user configuration) to 'true'
[22:01:36] [main/WARN]: Option 'mixin.perf.dynamic_resources' overriden (by user configuration) to 'true'
[22:01:36] [main/WARN]: Option 'mixin.perf.clear_mixin_classinfo' overriden (by user configuration) to 'true'
[22:01:36] [main/WARN]: Option 'mixin.perf.deduplicate_location' overriden (by user configuration) to 'true'
[22:01:36] [main/WARN]: Option 'mixin.perf.faster_ingredients' overriden (by user configuration) to 'false'
[22:01:36] [main/WARN]: Option 'mixin.perf.dynamic_entity_renderers' overriden (by user configuration) to 'true'
[22:01:36] [main/WARN]: Option 'mixin.perf.remove_spawn_chunks' overriden (by user configuration) to 'true'
[22:01:36] [main/WARN]: Option 'mixin.bugfix.packet_leak' overriden (by user configuration) to 'true'
[22:01:36] [main/WARN]: Option 'mixin.perf.thread_priorities' overriden (by mods [smoothboot]) to 'false'
[22:01:36] [main/INFO]: Applying Nashorn fix
[22:01:36] [main/INFO]: Applied Forge config corruption patch
[22:01:36] [main/WARN]: Reference map '' for chat_heads.forge.mixins.json could not be read. If this is a development environment you can ignore this message
[22:01:36] [main/WARN]: Mod 'tfc' attempted to override option 'mixin.features.fast_biome_colors', which doesn't exist, ignoring
[22:01:36] [main/INFO]: Loaded configuration file for Embeddium: 357 options available, 3 override(s) found
[22:01:36] [main/INFO]: Searching for graphics cards...
[22:01:36] [main/INFO]: Found graphics card: GraphicsAdapterInfo[vendor=UNKNOWN, name=Meta Virtual Monitor, version=DriverVersion=11.1.45.729]
[22:01:36] [main/INFO]: Found graphics card: GraphicsAdapterInfo[vendor=INTEL, name=Intel(R) Iris(R) Xe Graphics, version=DriverVersion=32.0.101.5542]
[22:01:36] [main/INFO]: Found graphics card: GraphicsAdapterInfo[vendor=NVIDIA, name=NVIDIA GeForce RTX 2050, version=DriverVersion=32.0.15.6614]
[22:01:36] [main/WARN]: Embeddium has applied one or more workarounds to prevent crashes or other issues on your system: [NVIDIA_THREADED_OPTIMIZATIONS]
[22:01:36] [main/WARN]: This is not necessarily an issue, but it may result in certain features or optimizations being disabled. You can sometimes fix these issues by upgrading your graphics driver.
[22:01:36] [main/WARN]: Reference map 'lmft-common-refmap.json' for lmft-common.mixins.json could not be read. If this is a development environment you can ignore this message
[22:01:36] [main/INFO]: Loaded configuration file for Radium: 125 options available, 7 override(s) found
[22:01:36] [main/WARN]: Reference map 'carpeted-common-refmap.json' for carpeted-common.mixins.json could not be read. If this is a development environment you can ignore this message
[22:01:36] [main/WARN]: Reference map 'carpeted-forge-refmap.json' for carpeted.mixins.json could not be read. If this is a development environment you can ignore this message
[22:01:36] [main/WARN]: Reference map 'puzzlesaccessapi.common.refmap.json' for puzzlesaccessapi.common.mixins.json could not be read. If this is a development environment you can ignore this message
[22:01:37] [main/INFO]: Loading 308 mods:
	- aaa_particles 2.2.3
	- aci 1.1.0
	- ad_astra 1.15.20
	- adaptive_performance_tweaks_core 11.6.1
	- adaptive_performance_tweaks_gamerules 11.6.1
	- adaptive_performance_tweaks_items 11.6.1
	- adaptive_performance_tweaks_player 11.6.1
	- additionalplacements 3.0.1
	- advancedperipherals 0.7.48r
	- ae2insertexportcard 1.20.1-1.3.0
	- ae2netanalyser 1.20-1.0.6-forge
	- ae2wtlib 15.3.3-forge
	- afc 1.0.23-1.20.1
	- ags_modernmarkings 0.4.5-1.20.1
	- aiimprovements 0.5.2
	- alekiships 1.0.14
	- ali 2.1.0
	- alltheleaks 1.1.3+1.20.1-forge
	- almanac 1.0.2
	- ambientsounds 6.3.8
	- antiquelegacy 1.13
	- applied_ammo_box 1.20.1-1.2.3
	- architectury 9.2.14
	- armorquickswap 8.0.0
	- arthropocolypse 1.0.6
	- astikorcarts 1.1.8
	- attributefix 21.0.5
	- baguettelib 2.0.5
	- balm 7.3.42
		\-- kuma_api 20.1.12
	- barrels_2012 2.1
	- beneath 1.0.6
	- betterp2p 1.5.0
	- betterpingdisplay 1.1
	- blockrunner 8.0.4
	- blur 3.1.1
		\-- satin 1.20.1+1.15.0-SNAPSHOT
	- bookshelf 20.2.15
	- botarium 2.3.4
	- buildinggadgets2 1.0.8
	- carpeted 1.20-1.4
	- carryon 2.1.2.7
	- cc_utf8_compat 1.0.1-beta.1
	- chalk 1.6.7
	- chat_heads 0.15.7
	- cherishedworlds 6.1.7+1.20.1
	- chunky 1.3.146
	- clienttweaks 11.1.11
	- cloth_config 11.1.136
	- colorwheel 1.2.9+mc1.20.1
	- comforts 6.4.0+1.20.1
		\-- spectrelib 0.13.15+1.20.1
	- computercraft 1.116.1
	- configuration 3.1.0
	- constructionwand 1.20.1-2.11
	- controlling 12.0.2
	- copycats 3.0.8+mc.1.20.1-forge
	- corpse 1.20.1-1.0.23
	- corpsecurioscompat 4.0.1
	- cosmeticarmorreworked 1.20.1-v1a
	- cosycritters 0.3.3
	- craftaudit 1.0.8
	- craftingstation 1.20.1-1.4.0
	- craftingtweaks 18.2.9
	- craftpresence 2.7.1
	- crash_assistant 1.11.12
	- crashexploitfixer 2.0.0
	- create 6.0.8
		|-- flywheel 1.0.5
		\-- ponder 1.0.91
	- create_connected 1.2.3-mc1.20.1
	- create_hypertube 0.6.0
	- create_repair 1.3.0
		\-- mixinsquared 0.3.7-beta.3
	- createaddition 1.20.1-1.3.3
	- createdeco 2.0.3-1.20.1-forge
	- createhorsepower 1.20.1-1.1.0
	- createliquidfuel 2.1.1-1.20.1
	- createpickywheels 1.20.1-6.0.8-6
	- createrailwaysnavigator 1.20.1-beta-0.9.1-C6
	- createstockbridge 0.2.0
	- createthreadedtrains 1.20.1-1.0.0
	- creativecore 2.12.39
	- cubes_without_borders 3.0.0+mc1.20
	- cucumber 7.0.16
	- curios 5.14.1+1.20.1
	- cutthrough 8.0.2
	- deafission 1.20.1-0.16.0
	- deathban 2.2.0
	- decay_2012 2.0.1
	- defaultoptions 18.0.5
	- diggerhelmet 1.0.0.31
	- do_a_barrel_roll 3.5.6+1.20.1
	- domum_ornamentum 1.20.1-1.0.304-snapshot
	- dragonlib 1.20.1-beta-3.0.21
	- drippyloadingscreen 3.1.0
	- dsbg 1.0-1.20.1
	- embeddium 0.3.31+mc1.20.1
		\-- rubidium 0.7.1
	- emi 1.1.24+1.20.1+forge
	- emixx 1.5.3
	- endermanoverhaul 1.0.4
	- enhancedvisuals 1.8.33
	- entityculling 1.10.5
	- etched 3.0.4
	- euphoria_patcher 1.10.0-r5.9-forge
	- everycomp 1.20-2.9.24
	- expatternprovider 1.20-1.4.19-forge
	- exposure 1.9.21
	- extremesoundmuffler 3.51
	- fallingtrees 0.12.7
	- fancymenu 3.8.1
	- fastbench 8.0.4
	- fastipping 1.0.11
	- fastsuite 5.1.2
	- ferritecore 6.0.1
	- firmaciv 1.0.9
		\-- alekiroofs 1.0.1-1.20.1
	- firmacivplus 1.0.1-1.20.1
	- firmalife 2.1.28
	- flickerfix 4.0.1
	- fluidlogistics 1.2.6
	- forge 47.4.13
	- fowlplay 1.2.3
	- fpsreducer 1.20.1-2.5.1
	- framedblocks 9.4.3
	- ftbbackups2 1.0.23
	- ftbchunks 2001.3.8
	- ftbessentials 2001.2.4
	- ftbfiltersystem 20.0.1
	- ftblibrary 2001.2.13
	- ftbquests 2001.4.22
	- ftbranks 2001.1.7
	- ftbteams 2001.3.2
	- ftbxaerocompat 1.1.3
	- ftbxmodcompat 2.1.3
	- fullstackwatchdog 1.0.1+1.19.2-forge
	- fzzy_config 0.7.6+1.20.1+forge
	- gamestages 15.0.2
	- geckolib 4.8.4
	- glodium 1.20-1.5-forge
	- goprone 3.1.1
	- grapplemod 1.20.1-v13
	- greate 0.0.80
	- gtceu 7.5.3
	- gtceuterminal 6.8.5-fix
	- gtmutils 2.10.2
	- guideme 20.1.15
	- hangglider 8.0.1
	- horsescanswim 1.0.1
	- ihearttfc 1.0.2
	- immediatelyfast 1.5.4+1.20.4
	- immersive_aircraft 1.4.1+1.20.1
	- immersive_optimization 0.2.0
	- inventoryhud 3.4.26
	- inventoryprofilesnext 1.10.20
	- iris_search 1.7.1-forge
	- iris_shader_folder 1.4.0-forge
	- itemphysicguns 1.0.3
	- itemphysiclite 1.6.11
	- jade 11.13.3+forge
	- jadeaddons 5.5.1+forge
	- jellies 0.1.6
	- knightsofterrafirma 3.1.2-gregified
	- konkrete 1.8.0
	- kotlinforforge 4.12.0
	- kreno 26.1.1-1.20.1
	- kubejs 2001.6.5-build.24
	- kubejs_create 2001.3.0-build.8
	- kubejs_tfc 1.3.5
	- ldlib 1.0.52
	- letmedespawn 1.5.0
	- libipn 4.0.2
	- lithostitched 1.4.11
	- lmft 1.0.4+1.20.1
	- lodestone 1.20.1-1.6.4.1
	- lootjs 1.20.1-2.13.1
	- lootr 0.7.35.94
	- magistuarmory 10.11
	- man_of_many_planes 0.2.0+1.20.1
	- map_atlases 1.20-6.0.20
	- mcw_tfc_aio 0.2.30-1.20.1
	- measurements 2.0.1
	- megacells 2.4.6-1.20.1
	- melody 1.0.2
	- merequester 1.20.1-1.2.1
	- minecraft 1.20.1
	- mobcollisionoff 2.0
	- mod_whitelist 1.1.0
	- modernfix 5.27.51+mc1.20.1
	- moldraw 3.3.0
	- moonlight 1.20-2.16.34
	- morered 4.0.0.4
		|-- jumbofurnace 4.0.0.5
		\-- useitemonblockevent 1.0.0.2
	- moreredxcctcompat 1.20.1-1.0.0
	- mousetweaks 2.25.1
	- mts 24.0.0
	- mtsofficialpack 29
	- myserveriscompatible 1.0
	- mysql_jdbc 9.7.0+2026-05-03
	- nanhealthfixer 1.20.1-0.0.1
	- nerb 0.4.1
	- nochatreports 1.20.1-v2.2.3
	- notenoughanimations 1.12.4
		|-- transition 1.0.21
		\-- trender 1.0.15
	- oamp 3
	- observable 4.4.2
	- octolib 0.5.0.1
	- oculus 1.8.0
	- packetfixer 3.3.2
	- pandalib 0.4.2
	- particle_core 0.3.3+1.20.1+forge
		\-- conditional_mixin 0.6.4
	- particular 1.5.7
	- patchouli 1.20.1-85-FORGE
	- phoenix_chromatic_codes 1.10
	- pickupnotifier 8.0.0
	- placebo 8.6.3
	- playerrevive 2.0.31
	- playerrevive_compat 1.0.4
	- polylib 2000.0.3-build.143
	- primitive_creatures 2.5
	- proximitychat 1.2.0
	- punishment_for_death 1.0.0.16
	- puzzleslib 8.1.33
		\-- puzzlesaccessapi 20.1.1
	- pvp_flagging 1.20.1-1.1.2
	- radium 0.12.4+git.26c9d8e
	- railways 1.7.3+forge-mc1.20.1
	- realmrpg_skeletons 1.1.0
	- reliable_recipes 2.2.3
	- reliable_remover 3.0.0
	- resourcefulconfig 2.1.3
	- resourcefullib 2.1.29
	- rhino 2001.2.3-build.10
	- rnr 0.2.5-1.20.1
	- s3_progression_mod 0.1.0
	- sandworm_mod 1.2.0
	- saturn 0.1.3
	- searchables 1.0.3
	- seasonhud 2.0.10
	- showcaser 1.7.4
	- simplelogin 1.0.1
	- simplewhitelist 0.3
	- simplylight 1.20.1-1.4.6-build.50
	- simplystacked 1.20-1.2
	- skinrestorer 2.9.0+1.20-forge
	- smartbrainlib 1.15
	- smoothboot 0.0.4
	- sns 1.2.8
		\-- esc 1.4
	- sodiumdynamiclights 1.0.9
	- sodiumextras 1.0.6
	- sodiumoptionsapi 1.0.10
		\-- fabric_api_base 0.4.31+ef105b4977
	- sophisticatedbackpacks 3.24.67.2109
	- sophisticatedcore 1.3.84.2308
	- soulbinding 1.20.1-1.0.2
	- sound_physics_remastered 1.20.1-1.5.1
	- spark 1.10.53
	- species 3.5
	- sqlite_jdbc 3.53.2.0+2026-06-06
	- steampowered 1.20.1-3.1.0
	- struts 1.1.1+mc1.20.1
	- supermartijn642configlib 1.1.8
	- tacz 1.1.8-hotfix
		\-- simplebedrockmodel 2.2.2-forge+mc1.20.1
	- taczammoquery 1.20.1-1.0.0
	- taczjs 1.4.2+mc1.20.1
	- tacztweaks 2.14.2
	- tfc 3.2.25
	- tfc_ruins 1.0.1
	- tfc_support_indicator 1.0.7+mc1.20.1
	- tfc_tumbleweed 1.2.2
	- tfcagedalcohol 2.3
	- tfcastikorcarts 1.1.8.3
	- tfcbetterbf 1.0.2
	- tfccanes 2.0.2
	- tfcchannelcasting 0.2.3-beta
	- tfcgenviewer 1.5.1
	- tfcgroomer 1.20.1-0.2.4
	- tfchotornot 1.0.13
	- tfclunchbox 1.0.0.29
	- tfcscraping 1.0.2
	- tfcstructuremodc 0.0.1
	- tfcvesseltooltip 1.1
	- tfcweldbutton 1.1
	- tfg 0.9.23
		|-- ae2 15.4.10-cosmolite.38
		|-- tfc_textile 0.9.23
		\-- tfcambiental 0.9.23
	- timeout_fixes 1.20.1-1.0.0
	- toofast 0.4.3.5
	- toolbelt 1.20.03
	- toomanyrecipeviewers 0.8.1+mc.20.1
		\-- jei 15.20.0.130
	- tumbleweed 0.5.5
	- unilib 1.2.1
	- uteamcore 5.1.4.382
	- vintage_kubejs 1.20.1-1.0.0rc-2
	- vintageimprovements 1.20.1-0.3.7.8
	- voicechat 1.20.1-2.6.23
		\-- voicechat_api 2.6.20
	- wakes 1.4.1
	- wan_ancient_beasts 1.4.3
	- waterflasks 3.0.10
	- xaerominimap 26.4.2
		\-- xaerolib 1.7.1
	- xaeroworldmap 1.45.0
	- yeetusexperimentus 2.3.1-build.6+mc1.20.1
	- yet_another_config_lib_v3 3.6.6+1.20.1-forge
[22:01:37] [main/WARN]: Reference map 'grapplemod.refmap.json' for grapplemod.mixins.json could not be read. If this is a development environment you can ignore this message
[22:01:37] [main/INFO]: OptiFine was NOT detected.
[22:01:37] [main/INFO]: OptiFabric was NOT detected.
[22:01:37] [main/WARN]: Reference map 'simplewhitelist.refmap.json' for simplewhitelist.mixins.json could not be read. If this is a development environment you can ignore this message
[22:01:37] [main/WARN]: Reference map 'CreateLiquidFuel.refmap.json' for createliquidfuel.mixins.json could not be read. If this is a development environment you can ignore this message
[22:01:37] [main/WARN]: Reference map 'tfcbetterbf.refmap.json' for tfcbetterbf.mixins.json could not be read. If this is a development environment you can ignore this message
[22:01:37] [main/WARN]: Reference map 'ftb-filter-system-common-refmap.json' for ftbfiltersystem-common.mixins.json could not be read. If this is a development environment you can ignore this message
[22:01:37] [main/WARN]: Reference map 'ftb-filter-system-forge-refmap.json' for ftbfiltersystem.mixins.json could not be read. If this is a development environment you can ignore this message
[22:01:37] [main/WARN]: Reference map 'betterp2p-forge-refmap.json' for betterp2p.mixins.json could not be read. If this is a development environment you can ignore this message
[22:01:38] [main/WARN]: Reference map 'steampowered.refmap.json' for steampowered.mixins.json could not be read. If this is a development environment you can ignore this message
[22:01:38] [main/INFO]: Packet Fixer forge 1.19.4-1.20.1 has been applied successfully.
[22:01:38] [main/WARN]: Reference map 'tfchotornot.refmap.json' for tfchotornot.mixins.json could not be read. If this is a development environment you can ignore this message
[22:01:38] [main/INFO]: Mixin one.pkg.kreno.mixin.network.experimental.RconClientMixin disabled
[22:01:38] [main/INFO]: Mixin one.pkg.kreno.mixin.network.microopt.FriendlyByteBufUtfMixin enabled
[22:01:38] [main/INFO]: Mixin one.pkg.kreno.mixin.network.microopt.FriendlyByteBufVarIntMixin enabled
[22:01:38] [main/INFO]: Mixin one.pkg.kreno.mixin.network.microopt.FriendlyByteBufVarLongMixin enabled
[22:01:38] [main/INFO]: Mixin one.pkg.kreno.mixin.network.microopt.ServerEntityMixin enabled
[22:01:38] [main/INFO]: Mixin one.pkg.kreno.mixin.network.pipeline.LegacyQueryHandlerMixin enabled
[22:01:38] [main/INFO]: Mixin one.pkg.kreno.mixin.network.pipeline.Varint21FrameDecoderMixin enabled
[22:01:38] [main/INFO]: Mixin one.pkg.kreno.mixin.network.pipeline.compression.ConnectionMixin enabled
[22:01:38] [main/INFO]: Mixin one.pkg.kreno.mixin.network.pipeline.encryption.ConnectionMixin enabled
[22:01:38] [main/INFO]: Mixin one.pkg.kreno.mixin.network.pipeline.encryption.ServerLoginPacketListenerImplMixin enabled
[22:01:38] [main/INFO]: Mixin one.pkg.kreno.mixin.network.pipeline.encryption.ClientLoginMixin enabled
[22:01:38] [main/INFO]: Patching IForgeItemStack#getEnchantmentLevel
[22:01:38] [main/INFO]: Patching IForgeItemStack#getEnchantmentLevel
[22:01:39] [main/WARN]: Error loading class: com/ultramega/showcaseitem/ShowcaseItemFeature (java.lang.ClassNotFoundException: com.ultramega.showcaseitem.ShowcaseItemFeature)
[22:01:39] [main/WARN]: Error loading class: mekanism/client/render/entity/RenderFlame (java.lang.ClassNotFoundException: mekanism.client.render.entity.RenderFlame)
[22:01:39] [main/WARN]: Error loading class: mekanism/client/render/armor/MekaSuitArmor (java.lang.ClassNotFoundException: mekanism.client.render.armor.MekaSuitArmor)
[22:01:39] [main/WARN]: Force-disabling mixin 'alloc.blockstate.StateMixin' as option 'mixin.alloc.blockstate' (added by mods [ferritecore]) disables it and children
[22:01:39] [main/WARN]: Force-disabling mixin 'entity.collisions.fluid.EntityMixin' as option 'mixin.entity.collisions' (added by user configuration) disables it and children
[22:01:39] [main/WARN]: Force-disabling mixin 'entity.collisions.intersection.WorldMixin' as option 'mixin.entity.collisions' (added by user configuration) disables it and children
[22:01:39] [main/WARN]: Force-disabling mixin 'entity.collisions.movement.EntityMixin' as option 'mixin.entity.collisions' (added by user configuration) disables it and children
[22:01:39] [main/WARN]: Force-disabling mixin 'entity.collisions.unpushable_cramming.AbstractMinecartEntityMixin' as option 'mixin.entity.collisions' (added by user configuration) disables it and children
[22:01:39] [main/WARN]: Force-disabling mixin 'entity.collisions.unpushable_cramming.BoatEntityMixin' as option 'mixin.entity.collisions' (added by user configuration) disables it and children
[22:01:39] [main/WARN]: Force-disabling mixin 'entity.collisions.unpushable_cramming.EntityMixin' as option 'mixin.entity.collisions' (added by user configuration) disables it and children
[22:01:39] [main/WARN]: Force-disabling mixin 'entity.collisions.unpushable_cramming.EntityPredicatesMixin' as option 'mixin.entity.collisions' (added by user configuration) disables it and children
[22:01:39] [main/WARN]: Force-disabling mixin 'entity.collisions.unpushable_cramming.EntityTrackingSectionMixin' as option 'mixin.entity.collisions' (added by user configuration) disables it and children
[22:01:39] [main/WARN]: Force-disabling mixin 'entity.collisions.unpushable_cramming.LivingEntityMixin' as option 'mixin.entity.collisions' (added by user configuration) disables it and children
[22:01:39] [main/WARN]: Force-disabling mixin 'world.player_chunk_tick.ThreadedAnvilChunkStorageMixin' as option 'mixin.world.player_chunk_tick' (added by user configuration) disables it and children
[22:01:39] [main/WARN]: Error loading class: loaderCommon/forge/com/seibel/distanthorizons/common/wrappers/worldGeneration/mimicObject/ChunkLoader (java.lang.ClassNotFoundException: loaderCommon.forge.com.seibel.distanthorizons.common.wrappers.worldGeneration.mimicObject.ChunkLoader)
[22:01:39] [main/WARN]: Error loading class: mezz/jei/library/load/PluginCaller (java.lang.ClassNotFoundException: mezz.jei.library.load.PluginCaller)
[22:01:39] [main/WARN]: Error loading class: fzzyhmstrs/emi_loot/parser/LootTableParser (java.lang.ClassNotFoundException: fzzyhmstrs.emi_loot.parser.LootTableParser)
[22:01:39] [main/WARN]: @Mixin target fzzyhmstrs.emi_loot.parser.LootTableParser was not found reliable_remover.forge.mixins.json:emi.LootTableParserMixin
[22:01:39] [main/INFO]: Class dev.uncandango.alltheleaks.leaks.common.mods.toolbelt.UntrackedIssue001 will be loaded as it matches versions: 1.20.03 in [1.20.0,)
[22:01:39] [main/INFO]: Mixins added to allowed list: [main.EventHandlersMixin]
[22:01:39] [main/INFO]: Class dev.uncandango.alltheleaks.leaks.common.mods.spark.Issue447 will be loaded as it matches versions: 1.10.53 in *
[22:01:39] [main/INFO]: Mixins added to allowed list: [main.ForgeServerSparkPluginMixin]
[22:01:39] [main/INFO]: Class dev.uncandango.alltheleaks.leaks.common.mods.mts.UntrackedIssue002 will be loaded as it matches versions: 24.0.0 in [24.0.0,)
[22:01:39] [main/INFO]: Mixins added to allowed list: [main.BuilderEntityRenderForwarderMixin]
[22:01:39] [main/INFO]: Class dev.uncandango.alltheleaks.leaks.common.mods.mts.UntrackedIssue001 will be loaded as it matches versions: 24.0.0 in [24.0.0,)
[22:01:39] [main/INFO]: Mixins added to allowed list: [main.WrapperWorldMixin, main.BuilderEntityRenderForwarderMixin]
[22:01:39] [main/INFO]: Class dev.uncandango.alltheleaks.leaks.common.mods.moonlight.UntrackedIssue001 will be loaded as it matches versions: 1.20-2.16.34 in [1.20-2.13.32,)
[22:01:39] [main/INFO]: Mixins added to allowed list: [main.FakeLevelManagerMixin]
[22:01:39] [main/INFO]: Class dev.uncandango.alltheleaks.leaks.common.mods.minecraft.UntrackedIssue002 will be loaded as it matches versions: 1.20.1 in 1.20.1
[22:01:39] [main/INFO]: Mixins added to allowed list: [main.EntityTickListMixin]
[22:01:39] [main/INFO]: Class dev.uncandango.alltheleaks.leaks.common.mods.minecraft.UntrackedIssue001 will be loaded as it matches versions: 1.20.1 in 1.20.1
[22:01:39] [main/INFO]: Class dev.uncandango.alltheleaks.leaks.common.mods.gtceu.UntrackedIssue001 will be loaded as it matches versions: 7.5.3 in *
[22:01:39] [main/INFO]: Class dev.uncandango.alltheleaks.leaks.common.mods.forge.UntrackedIssue003 will be loaded as it matches versions: 47.4.13 in *
[22:01:39] [main/INFO]: Mixins added to allowed list: [main.EntityMixin2, main.RandomizableContainerBlockEntityMixin]
[22:01:39] [main/INFO]: Class dev.uncandango.alltheleaks.leaks.common.mods.forge.UntrackedIssue002 will be loaded as it matches versions: 47.4.13 in [47.2,)
[22:01:39] [main/INFO]: Mixins added to allowed list: [accessor.FakePlayerNetHandlerAccessor, accessor.ConnectionAccessor]
[22:01:39] [main/INFO]: Class dev.uncandango.alltheleaks.leaks.common.mods.forge.UntrackedIssue001 will be loaded as it matches versions: 47.4.13 in [47.2,)
[22:01:39] [main/INFO]: Mixins added to allowed list: [main.ServerPlayerMixin, main.PlayerListMixin, accessor.PlayerAdvancementsAccessor]
[22:01:39] [main/INFO]: Class dev.uncandango.alltheleaks.leaks.common.mods.forge.Issue39 will be loaded as it matches versions: 47.4.13 in [47.2,47.4.16)
[22:01:39] [main/INFO]: Class dev.uncandango.alltheleaks.leaks.common.mods.forge.Issue10745 will be loaded as it matches versions: 47.4.13 in (,47.4.15)
[22:01:39] [main/INFO]: Mixins added to allowed list: [main.EntityMixin]
[22:01:39] [main/INFO]: Class dev.uncandango.alltheleaks.leaks.common.mods.forge.Issue10684 will be loaded as it matches versions: 47.4.13 in *
[22:01:39] [main/INFO]: Class dev.uncandango.alltheleaks.leaks.common.mods.curios.UntrackedIssue001 will be loaded as it matches versions: 5.14.1+1.20.1 in [5.9.1,)
[22:01:39] [main/INFO]: Mixins added to allowed list: [main.CuriosEventHandlerMixin]
[22:01:39] [main/INFO]: Class dev.uncandango.alltheleaks.leaks.common.mods.create.UntrackedIssue001 will be loaded as it matches versions: 6.0.8 in [0.5.1.c,)
[22:01:39] [main/INFO]: Mixins added to allowed list: [accessor.ExtendoGripItemAccessor]
[22:01:39] [main/INFO]: Class dev.uncandango.alltheleaks.leaks.common.mods.architectury.UntrackedIssue001 will be loaded as it matches versions: 9.2.14 in [9.0.8,)
[22:01:39] [main/INFO]: Class dev.uncandango.alltheleaks.leaks.common.mods.ae2wtlib.UntrackedIssue001 will be loaded as it matches versions: 15.3.3-forge in [15.2.3,)
[22:01:39] [main/INFO]: Class dev.uncandango.alltheleaks.leaks.common.mods.ae2.UntrackedIssue001 will be loaded as it matches versions: 15.4.10-cosmolite.38 in [15.0.10,)
[22:01:39] [main/INFO]: Class dev.uncandango.alltheleaks.leaks.client.mods.xaerominimap.UntrackedIssue001 will be loaded as it matches versions: 26.4.2 in *
[22:01:39] [main/INFO]: Class dev.uncandango.alltheleaks.leaks.client.mods.mts.UntrackedIssue001 will be loaded as it matches versions: 24.0.0 in [24.0.0,)
[22:01:39] [main/INFO]: Mixins added to allowed list: [main.WrapperWorldMixin]
[22:01:39] [main/INFO]: Class dev.uncandango.alltheleaks.leaks.client.mods.mousetweaks.UntrackedIssue001 will be loaded as it matches versions: 2.25.1 in [2.25.1,)
[22:01:39] [main/INFO]: Class dev.uncandango.alltheleaks.leaks.client.mods.minecraft.UntrackedIssue001 will be loaded as it matches versions: 1.20.1 in 1.20.1
[22:01:39] [main/INFO]: Mixins added to allowed list: [main.ATLItemStackMixin, main.MinecraftMixin, main.SynchedEntityDataMixin]
[22:01:39] [main/INFO]: Class dev.uncandango.alltheleaks.leaks.client.mods.ldlib.UntrackedIssue001 will be loaded as it matches versions: 1.0.52 in [1.0.25.p,)
[22:01:39] [main/INFO]: Mixins added to allowed list: [main.DummyWorldMixin, main.ModularUIMixin]
[22:01:39] [main/INFO]: Class dev.uncandango.alltheleaks.leaks.client.mods.geckolib.UntrackedIssue001 will be loaded as it matches versions: 4.8.4 in [4.4.8,)
[22:01:39] [main/INFO]: Mixins added to allowed list: [main.GeoModelMixin, main.GeoArmorRendererMixin]
[22:01:39] [main/INFO]: Class dev.uncandango.alltheleaks.leaks.client.mods.ftblibrary.UntrackedIssue001 will be loaded as it matches versions: 2001.2.13 in [2001.2.2,)
[22:01:39] [main/INFO]: Mixins added to allowed list: [accessor.BaseScreenAccessor]
[22:01:39] [main/INFO]: Class dev.uncandango.alltheleaks.leaks.client.mods.corpse.UntrackedIssue001 will be loaded as it matches versions: 1.20.1-1.0.23 in [1.20.1-1.0.3,)
[22:01:39] [main/INFO]: Mixins added to allowed list: [main.CorpseRendererMixin]
[22:01:39] [main/INFO]: Class dev.uncandango.alltheleaks.leaks.client.mods.ae2wtlib.UntrackedIssue002 will be loaded as it matches versions: 15.3.3-forge in [15.2.3,)
[22:01:39] [main/INFO]: Mixins added to allowed list: [main.AE2wtlibForgeMixin, main.AE2WTLibCreativeTabMixin, main.AE2WTLibCreativeTabMixin$AE2wtlibAccessor]
[22:01:39] [main/INFO]: Class dev.uncandango.alltheleaks.leaks.client.mods.ae2wtlib.UntrackedIssue001 will be loaded as it matches versions: 15.3.3-forge in [15.2.3,)
[22:01:39] [main/INFO]: Class dev.uncandango.alltheleaks.fix.common.mods.modernfix.CancelRLMixin will be loaded as it matches versions: 5.27.51+mc1.20.1 in [5.0.0,)
[22:01:39] [main/INFO]: Mixins added to cancel list: [org.embeddedt.modernfix.common.mixin.perf.deduplicate_location.MixinResourceLocation]
[22:01:39] [main/INFO]: Class dev.uncandango.alltheleaks.fix.common.mods.kubejs.FixItemStackModification will be loaded as it matches versions: 2001.6.5-build.24 in *
[22:01:39] [main/INFO]: Mixins added to allowed list: [main.IngredientKJSMixin]
[22:01:39] [main/INFO]: Class dev.uncandango.alltheleaks.fix.common.mods.jei.FixItemStackCopy will be loaded as it matches versions: 0.8.1+mc.20.1 in *
[22:01:39] [main/INFO]: Mixins added to allowed list: [main.SmithingCategoryExtensionMixin, main.NormalizedTypedItemStackMixin, main.IngredientSetMixin]
[22:01:39] [main/INFO]: Class dev.uncandango.alltheleaks.fix.common.mods.gtceu.FixCopyStack will be loaded as it matches versions: 7.5.3 in *
[22:01:39] [main/INFO]: Mixins added to allowed list: [main.SizedIngredientMixin]
[22:01:39] [main/INFO]: Class dev.uncandango.alltheleaks.feature.common.mods.minecraft.PlayerReviveFix will be loaded as it matches versions: 1.20.1 in 1.20.1
[22:01:39] [main/INFO]: Mixins added to allowed list: [main.EntityMixin3]
[22:01:39] [main/INFO]: Class dev.uncandango.alltheleaks.feature.common.mods.minecraft.MemoryMonitor will be loaded as it matches versions: 1.20.1 in 1.20.1
[22:01:39] [main/INFO]: Mixins added to allowed list: [main.PlayerMixin, main.ChunkAccessMixin, main.LevelMixin, main.MinecraftServerMixin]
[22:01:39] [main/INFO]: Class dev.uncandango.alltheleaks.feature.common.mods.minecraft.ClearLeakedLevelChunks will be loaded as it matches versions: 1.20.1 in 1.20.1
[22:01:39] [main/INFO]: Mixins added to allowed list: [accessor.LevelAccessor, main.RebindableTickingBlockEntityWrapperMixin, accessor.LevelChunkAccessor]
[22:01:40] [main/WARN]: Error loading class: de/maxhenkel/voicechat/voice/server/ServerWorldUtils (java.lang.ClassNotFoundException: de.maxhenkel.voicechat.voice.server.ServerWorldUtils)
[22:01:40] [main/WARN]: @Mixin target de.maxhenkel.voicechat.voice.server.ServerWorldUtils was not found railways-common.mixins.json:compat.voicechat.ServerWorldUtilsMixin
[22:01:40] [main/INFO]: bre2el.fpsreducer.mixin.RenderSystemMixin will be applied.
[22:01:40] [main/INFO]: bre2el.fpsreducer.mixin.WindowMixin will NOT be applied because OptiFine was NOT detected.
[22:01:40] [main/WARN]: Error loading class: net/caffeinemc/mods/sodium/client/model/light/data/ArrayLightDataCache (java.lang.ClassNotFoundException: net.caffeinemc.mods.sodium.client.model.light.data.ArrayLightDataCache)
[22:01:40] [main/WARN]: Error loading class: net/caffeinemc/mods/sodium/client/model/light/flat/FlatLightPipeline (java.lang.ClassNotFoundException: net.caffeinemc.mods.sodium.client.model.light.flat.FlatLightPipeline)
[22:01:40] [main/WARN]: Error loading class: net/caffeinemc/mods/sodium/client/model/light/data/LightDataAccess (java.lang.ClassNotFoundException: net.caffeinemc.mods.sodium.client.model.light.data.LightDataAccess)
[22:01:40] [main/WARN]: Error loading class: net/fabricmc/fabric/impl/client/indigo/renderer/aocalc/AoCalculator (java.lang.ClassNotFoundException: net.fabricmc.fabric.impl.client.indigo.renderer.aocalc.AoCalculator)
[22:01:40] [main/WARN]: Error loading class: me/jellysquid/mods/lithium/common/ai/pathing/PathNodeDefaults (java.lang.ClassNotFoundException: me.jellysquid.mods.lithium.common.ai.pathing.PathNodeDefaults)
[22:01:40] [main/WARN]: Error loading class: io/socol/betterthirdperson/api/CustomCamera (java.lang.ClassNotFoundException: io.socol.betterthirdperson.api.CustomCamera)
[22:01:40] [main/WARN]: @Mixin target io.socol.betterthirdperson.api.CustomCamera was not found conflict_fix.mixins.json:MixinBetterThirdPerson
[22:01:40] [main/WARN]: Error loading class: io/socol/betterthirdperson/api/CustomCameraManager (java.lang.ClassNotFoundException: io.socol.betterthirdperson.api.CustomCameraManager)
[22:01:40] [main/WARN]: @Mixin target io.socol.betterthirdperson.api.CustomCameraManager was not found conflict_fix.mixins.json:MixinCustomCameraManager
[22:01:40] [main/WARN]: Inventory Profiles Next: Doing our own dependency resolving! Because Forge is being Forge....: https://github.com/MinecraftForge/MinecraftForge/issues/9088
[22:01:40] [main/WARN]: Error loading class: de/maxhenkel/easyvillagers/blocks/tileentity/TraderTileentityBase (java.lang.ClassNotFoundException: de.maxhenkel.easyvillagers.blocks.tileentity.TraderTileentityBase)
[22:01:40] [main/WARN]: @Mixin target de.maxhenkel.easyvillagers.blocks.tileentity.TraderTileentityBase was not found mixins.ipnext.json:MixinTraderTileEntityBase
[22:01:40] [main/WARN]: Error loading class: mekanism/client/recipe_viewer/jei/MekanismJEI (java.lang.ClassNotFoundException: mekanism.client.recipe_viewer.jei.MekanismJEI)
[22:01:40] [main/WARN]: @Mixin target mekanism/client/recipe_viewer/jei/MekanismJEI was not found toomanyrecipeviewers.mixins.json:MekanismJEIMixin
[22:01:40] [main/WARN]: Error loading class: me/jellysquid/mods/lithium/common/ai/pathing/PathNodeDefaults (java.lang.ClassNotFoundException: me.jellysquid.mods.lithium.common.ai.pathing.PathNodeDefaults)
[22:01:40] [main/WARN]: Error loading class: twilightforest/TFMagicMapData$TFMapDecoration (java.lang.ClassNotFoundException: twilightforest.TFMagicMapData$TFMapDecoration)
[22:01:40] [main/WARN]: Error loading class: mezz/modnametooltip/TooltipEventHandler (java.lang.ClassNotFoundException: mezz.modnametooltip.TooltipEventHandler)
[22:01:40] [main/WARN]: Error loading class: me/shedaniel/rei/impl/client/ClientHelperImpl (java.lang.ClassNotFoundException: me.shedaniel.rei.impl.client.ClientHelperImpl)
[22:01:41] [main/WARN]: Error loading class: com/simibubi/create/foundation/ponder/PonderWorld (java.lang.ClassNotFoundException: com.simibubi.create.foundation.ponder.PonderWorld)
[22:01:41] [main/INFO]: AE Infinity Booster is not loaded, skipping Mixin
[22:01:41] [main/INFO]: Sentry Mechanical Arm is not loaded, skipping Mixin
[22:01:41] [main/INFO]: Sentry Mechanical Arm is not loaded, skipping Mixin
[22:01:41] [main/INFO]: Sentry Mechanical Arm is not loaded, skipping Mixin
[22:01:41] [main/WARN]: Error loading class: blusunrize/immersiveengineering/api/wires/GlobalWireNetwork (java.lang.ClassNotFoundException: blusunrize.immersiveengineering.api.wires.GlobalWireNetwork)
[22:01:41] [main/WARN]: @Mixin target blusunrize.immersiveengineering.api.wires.GlobalWireNetwork was not found mixins.epp.json:MixinGlobalWireNetwork
[22:01:41] [main/WARN]: Error loading class: vazkii/quark/addons/oddities/inventory/BackpackMenu (java.lang.ClassNotFoundException: vazkii.quark.addons.oddities.inventory.BackpackMenu)
[22:01:41] [main/WARN]: Error loading class: weather2/weathersystem/storm/TornadoHelper (java.lang.ClassNotFoundException: weather2.weathersystem.storm.TornadoHelper)
[22:01:41] [main/WARN]: @Mixin target weather2.weathersystem.storm.TornadoHelper was not found tfc_tumbleweed.mixins.json:TornadoHelperMixin
[22:01:41] [main/WARN]: Error loading class: weather2/weathersystem/storm/TornadoHelper (java.lang.ClassNotFoundException: weather2.weathersystem.storm.TornadoHelper)
[22:01:41] [main/WARN]: @Mixin target weather2.weathersystem.storm.TornadoHelper was not found tfc_tumbleweed.mixins.json:client.TornadoHelperMixin
[22:01:41] [main/WARN]: Error loading class: dev/shadowsoffire/attributeslib/client/AttributesLibClient (java.lang.ClassNotFoundException: dev.shadowsoffire.attributeslib.client.AttributesLibClient)
[22:01:41] [main/WARN]: Force-disabling mixin 'features.render.world.sky.WorldRendererMixin' as rule 'mixin.features.render.world.sky' (added by mods [oculus, tfc]) disables it and children
[22:01:41] [main/WARN]: Force-disabling mixin 'features.render.world.sky.ClientWorldMixin' as rule 'mixin.features.render.world.sky' (added by mods [oculus, tfc]) disables it and children
[22:01:41] [main/WARN]: Force-disabling mixin 'features.render.world.sky.BackgroundRendererMixin' as rule 'mixin.features.render.world.sky' (added by mods [oculus, tfc]) disables it and children
[22:01:41] [main/WARN]: Force-disabling mixin 'features.render.gui.font.GlyphRendererMixin' as rule 'mixin.features.render.gui.font' (added by mods [oculus]) disables it and children
[22:01:41] [main/WARN]: Force-disabling mixin 'features.render.gui.font.FontSetMixin' as rule 'mixin.features.render.gui.font' (added by mods [oculus]) disables it and children
[22:01:41] [main/WARN]: Force-disabling mixin 'features.render.entity.shadows.EntityRenderDispatcherMixin' as rule 'mixin.features.render.entity' (added by mods [oculus]) disables it and children
[22:01:41] [main/WARN]: Force-disabling mixin 'features.render.entity.remove_streams.ModelPartMixin' as rule 'mixin.features.render.entity' (added by mods [oculus]) disables it and children
[22:01:41] [main/WARN]: Force-disabling mixin 'features.render.entity.remove_streams.HierarchicalModelMixin' as rule 'mixin.features.render.entity' (added by mods [oculus]) disables it and children
[22:01:41] [main/WARN]: Force-disabling mixin 'features.render.entity.fast_render.ModelPartMixin' as rule 'mixin.features.render.entity' (added by mods [oculus]) disables it and children
[22:01:41] [main/WARN]: Force-disabling mixin 'features.render.entity.fast_render.CuboidMixin' as rule 'mixin.features.render.entity' (added by mods [oculus]) disables it and children
[22:01:41] [main/WARN]: Force-disabling mixin 'features.render.entity.cull.EntityRendererMixin' as rule 'mixin.features.render.entity' (added by mods [oculus]) disables it and children
[22:01:41] [main/WARN]: Error loading class: net/caffeinemc/mods/sodium/client/model/light/data/ArrayLightDataCache (java.lang.ClassNotFoundException: net.caffeinemc.mods.sodium.client.model.light.data.ArrayLightDataCache)
[22:01:41] [main/WARN]: Error loading class: net/caffeinemc/mods/sodium/client/model/light/data/ArrayLightDataCache (java.lang.ClassNotFoundException: net.caffeinemc.mods.sodium.client.model.light.data.ArrayLightDataCache)
[22:01:41] [main/WARN]: Error loading class: net/caffeinemc/mods/sodium/client/model/light/flat/FlatLightPipeline (java.lang.ClassNotFoundException: net.caffeinemc.mods.sodium.client.model.light.flat.FlatLightPipeline)
[22:01:41] [main/WARN]: Error loading class: net/caffeinemc/mods/sodium/client/model/light/flat/FlatLightPipeline (java.lang.ClassNotFoundException: net.caffeinemc.mods.sodium.client.model.light.flat.FlatLightPipeline)
[22:01:41] [main/WARN]: Error loading class: net/caffeinemc/mods/sodium/client/model/light/data/LightDataAccess (java.lang.ClassNotFoundException: net.caffeinemc.mods.sodium.client.model.light.data.LightDataAccess)
[22:01:41] [main/WARN]: Error loading class: net/caffeinemc/mods/sodium/client/model/light/data/LightDataAccess (java.lang.ClassNotFoundException: net.caffeinemc.mods.sodium.client.model.light.data.LightDataAccess)
[22:01:42] [main/WARN]: Error loading class: org/jetbrains/annotations/ApiStatus$Internal (java.lang.ClassNotFoundException: org.jetbrains.annotations.ApiStatus$Internal)
[22:01:42] [main/INFO]: Initializing MixinExtras via com.llamalad7.mixinextras.service.MixinExtrasServiceImpl(version=0.5.4).
[22:01:42] [main/INFO]: Mixing client.MixinMinecraft from mixins/common/nochatreports.mixins.json into net.minecraft.client.Minecraft
[22:01:43] [main/INFO]: [com.euphoriapatches.euphoria_patcher.EuphoriaPatcher:<init>:59]: 
Euphoria Patcher:
[22:01:43] [main/INFO]: EuphoriaPatcher: Added restart separator to error log file
[22:01:43] [main/INFO]: EuphoriaPatcher: Whose memory are those?
[22:01:43] [main/WARN]: EuphoriaPatcher: No shaders with expected name pattern found, checking via byte size...
[22:01:43] [main/WARN]: EuphoriaPatcher: If you have a lot of shaders installed, this may take a while. Please be patient.
[22:01:43] [main/WARN]: EuphoriaPatcher: Please wait... 

[22:01:45] [main/INFO]: EuphoriaPatcher: Using 16 threads for parallel validation of 3 files
[22:01:50] [main/ERROR]: EuphoriaPatcher: === SHADER NOT FOUND ===
[22:01:50] [main/ERROR]: EuphoriaPatcher: Required: ComplementaryShaders r5.9
[22:01:50] [main/ERROR]: EuphoriaPatcher: Found: ComplementaryUnbound_r5.8.1.zip
[22:01:50] [main/ERROR]: EuphoriaPatcher: You have an older version installed.
[22:01:50] [main/ERROR]: EuphoriaPatcher: 
[22:01:50] [main/ERROR]: EuphoriaPatcher: SOLUTION:
[22:01:50] [main/ERROR]: EuphoriaPatcher: Step 1: Download and install ComplementaryShaders r5.9
[22:01:50] [main/ERROR]: EuphoriaPatcher: Download from: https://www.complementary.dev/manual-download/
[22:01:50] [main/ERROR]: EuphoriaPatcher: 
[22:01:50] [main/ERROR]: EuphoriaPatcher: Step 2: Paste the downloaded zip file into your shaderpacks folder.
[22:01:50] [main/INFO]: EuphoriaPatcher: Watching shaderpacks folder for ComplementaryShaders_r5.9...
[22:01:50] [main/INFO]: EuphoriaPatcher: Watching shaderpacks folder for changes...
[22:01:50] [main/INFO]: Smooth Boot (Reloaded) config initialized
[22:01:50] [main/WARN]: Static binding violation: PRIVATE @Overwrite method m_216202_ in modernfix-modernfix.mixins.json:perf.tag_id_caching.TagOrElementLocationMixin cannot reduce visibiliy of PUBLIC target method, visibility will be upgraded.
[22:01:50] [main/INFO]: Patching IForgeItemStack#getEnchantmentLevel
[22:01:50] [main/INFO]: Patching IForgeItemStack#getEnchantmentLevel
[22:01:51] [main/INFO]: Mixing client.MixinTitleScreen from mixins/common/nochatreports.mixins.json into net.minecraft.client.gui.screens.TitleScreen
[22:01:51] [main/INFO]: Mixing client.MixinChatScreen from mixins/common/nochatreports.mixins.json into net.minecraft.client.gui.screens.ChatScreen
[22:01:51] [main/INFO]: Renaming synthetic method lambda$onInit$4()Lnet/minecraft/network/chat/Component; to mda37686$lambda$onInit$4$0 in mixins/common/nochatreports.mixins.json:client.MixinChatScreen
[22:01:51] [main/INFO]: Renaming synthetic method lambda$onInit$3(Lnet/minecraft/client/gui/components/Button;)V to mda37686$lambda$onInit$3$1 in mixins/common/nochatreports.mixins.json:client.MixinChatScreen
[22:01:51] [main/INFO]: Renaming synthetic method lambda$onInit$2()Lnet/minecraft/network/chat/Component; to mda37686$lambda$onInit$2$2 in mixins/common/nochatreports.mixins.json:client.MixinChatScreen
[22:01:51] [main/INFO]: Renaming synthetic method lambda$onInit$1(Lnet/minecraft/client/gui/components/Button;)V to mda37686$lambda$onInit$1$3 in mixins/common/nochatreports.mixins.json:client.MixinChatScreen
[22:01:51] [main/INFO]: Renaming synthetic method lambda$onBeforeMessage$0(Ljava/lang/String;Lorg/spongepowered/asm/mixin/injection/callback/CallbackInfoReturnable;Lcom/aizistral/nochatreports/common/encryption/Encryptor;)V to mda37686$lambda$onBeforeMessage$0$4 in mixins/common/nochatreports.mixins.json:client.MixinChatScreen
[22:01:51] [pool-4-thread-1/INFO]: ModernFix reached bootstrap stage (36.60 s after launch)
[22:01:52] [pool-4-thread-1/WARN]: @Final field delegatesByName:Ljava/util/Map; in modernfix-modernfix.mixins.json:perf.forge_registry_alloc.ForgeRegistryMixin should be final
[22:01:52] [pool-4-thread-1/WARN]: @Final field delegatesByValue:Ljava/util/Map; in modernfix-modernfix.mixins.json:perf.forge_registry_alloc.ForgeRegistryMixin should be final
[22:01:52] [pool-4-thread-1/INFO]: Injecting BlockStateBase cache population hook into getNeighborPathNodeType from me.jellysquid.mods.lithium.mixin.ai.pathing.AbstractBlockStateMixin
[22:01:52] [pool-4-thread-1/INFO]: Injecting BlockStateBase cache population hook into getPathNodeType from me.jellysquid.mods.lithium.mixin.ai.pathing.AbstractBlockStateMixin
[22:01:52] [pool-4-thread-1/INFO]: Injecting BlockStateBase cache population hook into getAllFlags from me.jellysquid.mods.lithium.mixin.util.block_tracking.AbstractBlockStateMixin
[22:01:52] [pool-4-thread-1/INFO]: Mixing common.MixinFriendlyByteBuf from mixins/common/nochatreports.mixins.json into net.minecraft.network.FriendlyByteBuf
[22:01:52] [pool-4-thread-1/INFO]: Renaming synthetic method lambda$onWriteJsonWithCodec$1(Ljava/lang/Object;Ljava/lang/String;)Lio/netty/handler/codec/EncoderException; to mda37686$lambda$onWriteJsonWithCodec$1$0 in mixins/common/nochatreports.mixins.json:common.MixinFriendlyByteBuf
[22:01:52] [pool-4-thread-1/INFO]: Renaming synthetic method lambda$onReadJsonWithCodec$0(Ljava/lang/String;)Lio/netty/handler/codec/DecoderException; to mda37686$lambda$onReadJsonWithCodec$0$1 in mixins/common/nochatreports.mixins.json:common.MixinFriendlyByteBuf
[22:01:52] [pool-4-thread-1/INFO]: Vanilla bootstrap took 1028 milliseconds
[22:01:53] [pool-4-thread-1/INFO]: Patching IForgeItemStack#getEnchantmentLevel
[22:01:53] [pool-4-thread-1/INFO]: Patching IForgeItemStack#getEnchantmentLevel
[22:01:55] [pool-4-thread-1/INFO]: Mixing server.MixinServerGamePacketListenerImpl from mixins/common/nochatreports.mixins.json into net.minecraft.server.network.ServerGamePacketListenerImpl
[22:01:55] [pool-4-thread-1/WARN]: @ModifyConstant conflict. Skipping packetfixer.v1_19_4.forge.mixins.json:v1_19_4_forge.ServerGamePacketListenerImplMixin->@ModifyConstant::packetfixer$tick(J)J with priority 1000, already redirected by timeout_fixes.mixins.json:ServerPlayNetHandlerKeepAliveMixin->@ModifyConstant::getKeepAlivePacketInterval(J)J with priority 1000
[22:01:56] [pool-4-thread-1/WARN]: Method overwrite conflict for m_47505_ in lithium.mixins.json:world.temperature_cache.BiomeMixin, previously written by org.embeddedt.modernfix.common.mixin.perf.remove_biome_temperature_cache.BiomeMixin. Skipping method.
[22:01:56] [pool-4-thread-1/WARN]: Unable to find class com.simibubi.create.foundation.ponder.PonderWorld. Integration with PonderJS disabled.
[22:01:56] [pool-4-thread-1/INFO]: Registering content
[22:01:57] [Render thread/WARN]: Static binding violation: PRIVATE @Overwrite method m_166786_ in embeddium.mixins.json:features.render.immediate.buffer_builder.sorting.BufferBuilderMixin cannot reduce visibiliy of PUBLIC target method, visibility will be upgraded.
[22:01:57] [Render thread/WARN]: Assets URL 'union:/C:/Users/erikp/curseforge/minecraft/Install/libraries/net/minecraft/client/1.20.1-20230612.114412/client-1.20.1-20230612.114412-srg.jar%23733!/assets/.mcassetsroot' uses unexpected schema
[22:01:57] [Render thread/WARN]: Assets URL 'union:/C:/Users/erikp/curseforge/minecraft/Install/libraries/net/minecraft/client/1.20.1-20230612.114412/client-1.20.1-20230612.114412-srg.jar%23733!/data/.mcassetsroot' uses unexpected schema
[22:01:57] [Render thread/INFO]: Environment: authHost='https://authserver.mojang.com', accountsHost='https://api.mojang.com', sessionHost='https://sessionserver.mojang.com', servicesHost='https://api.minecraftservices.com', name='PROD'
[22:01:58] [Render thread/INFO]: Setting user: Joerning
[22:01:58] [Render thread/INFO]: Bypassed Mojang DFU
[22:01:58] [Render thread/INFO]: Mixing client.MixinToastComponent from mixins/common/nochatreports.mixins.json into net.minecraft.client.gui.components.toasts.ToastComponent
[22:01:58] [Render thread/INFO]: Mixing client.MixinOptions from mixins/common/nochatreports.mixins.json into net.minecraft.client.Options
[22:01:58] [Render thread/INFO]: Renaming synthetic method lambda$onlyShowSecureChat$0(Ljava/lang/Boolean;)V to mda37686$lambda$onlyShowSecureChat$0$0 in mixins/common/nochatreports.mixins.json:client.MixinOptions
[22:01:58] [Render thread/INFO]: Mixing client.MixinChatComponent from mixins/common/nochatreports.mixins.json into net.minecraft.client.gui.components.ChatComponent
[22:01:58] [Render thread/INFO]: Renaming synthetic method lambda$modifyGUIMessage$1()V to mda37686$lambda$modifyGUIMessage$1$0 in mixins/common/nochatreports.mixins.json:client.MixinChatComponent
[22:01:58] [Render thread/INFO]: Renaming synthetic method lambda$modifyGUIMessage$0(Lnet/minecraft/network/chat/FormattedText;Lnet/minecraft/network/chat/Component;)V to mda37686$lambda$modifyGUIMessage$0$1 in mixins/common/nochatreports.mixins.json:client.MixinChatComponent
[22:01:58] [Render thread/INFO]: BeforeConstant is searching for constants in method with descriptor (Lnet/minecraft/network/chat/Component;Lnet/minecraft/client/GuiMessageTag;)V
[22:01:58] [Render thread/INFO]:   BeforeConstant found STRING constant: value = , stringValue = null
[22:01:58] [Render thread/INFO]:     BeforeConstant found a matching constant TYPE at ordinal 0
[22:01:58] [Render thread/INFO]:       BeforeConstant found LdcInsn 
[22:01:58] [Render thread/INFO]:   BeforeConstant found STRING constant: value = \\r, stringValue = null
[22:01:58] [Render thread/INFO]:     BeforeConstant found a matching constant TYPE at ordinal 1
[22:01:58] [Render thread/INFO]:       BeforeConstant found LdcInsn \\r
[22:01:58] [Render thread/INFO]:   BeforeConstant found STRING constant: value = 
, stringValue = null
[22:01:58] [Render thread/INFO]:     BeforeConstant found a matching constant TYPE at ordinal 2
[22:01:58] [Render thread/INFO]:       BeforeConstant found LdcInsn 

[22:01:58] [Render thread/INFO]:   BeforeConstant found STRING constant: value = \\n, stringValue = null
[22:01:58] [Render thread/INFO]:     BeforeConstant found a matching constant TYPE at ordinal 3
[22:01:58] [Render thread/INFO]:       BeforeConstant found LdcInsn \\n
[22:01:58] [Render thread/INFO]:   BeforeConstant found CLASS constant: value = Ljava/lang/String;, typeValue = null
[22:01:58] [Render thread/INFO]:   BeforeConstant found STRING constant: value = [{}] [CHAT] {}, stringValue = null
[22:01:58] [Render thread/INFO]:     BeforeConstant found a matching constant TYPE at ordinal 4
[22:01:58] [Render thread/INFO]:       BeforeConstant found LdcInsn [{}] [CHAT] {}
[22:01:58] [Render thread/INFO]:   BeforeConstant found STRING constant: value = [CHAT] {}, stringValue = null
[22:01:58] [Render thread/INFO]:     BeforeConstant found a matching constant TYPE at ordinal 5
[22:01:58] [Render thread/INFO]:       BeforeConstant found LdcInsn [CHAT] {}
[22:01:58] [Render thread/INFO]: Mixing client.MixinGuiMessageTagIcon from mixins/common/nochatreports.mixins.json into net.minecraft.client.GuiMessageTag$Icon
[22:01:58] [Render thread/INFO]: Renaming @Invoker method create(Ljava/lang/String;IIIII)Lnet/minecraft/client/GuiMessageTag$Icon; to create_$md$a37686$0 in mixins/common/nochatreports.mixins.json:client.MixinGuiMessageTagIcon
[22:01:58] [Render thread/INFO]: options.txt already exists - last modified 1788984009329
[22:01:58] [Render thread/INFO]: Loaded default options for extra-folder
[22:01:58] [Render thread/INFO]: Instantiating Mojang DFU
[22:01:59] [Render thread/INFO]: Backend library: LWJGL version 3.3.1 build 7
[22:01:59] [Render thread/INFO]: Loaded client.properties
[22:01:59] [Datafixer Bootstrap/INFO]: 188 Datafixer optimizations took 258 milliseconds
[22:01:59] [Render thread/WARN]: Applying workaround: Prevent the NVIDIA OpenGL driver from using broken optimizations (NVIDIA_THREADED_OPTIMIZATIONS)
[22:01:59] [Render thread/ERROR]: Mod mixin into Embeddium internals detected. This instance is now tainted. The Embeddium team does not provide any guarantee of support for issues encountered while such mods are installed.
[22:01:59] [Render thread/WARN]: Mod(s) [oculus] are modifying Embeddium class me.jellysquid.mods.sodium.client.gui.SodiumGameOptions, which may cause instability.
[22:01:59] [Render thread/INFO]: OpenGL Vendor: NVIDIA Corporation
[22:01:59] [Render thread/INFO]: OpenGL Renderer: NVIDIA GeForce RTX 2050/PCIe/SSE2
[22:01:59] [Render thread/INFO]: OpenGL Version: 4.6.0 NVIDIA 566.14
[22:01:59] [Render thread/WARN]: Enabling secondary workaround for NVIDIA threaded optimizations
[22:01:59] [Render thread/INFO]: Initializing ImmediatelyFast 1.5.4+1.20.4 on NVIDIA GeForce RTX 2050/PCIe/SSE2 (NVIDIA Corporation) with OpenGL 4.6.0 NVIDIA 566.14
[22:01:59] [Render thread/INFO]: Found Iris/Oculus 1.8.0. Enabling compatibility.
[22:01:59] [Render thread/INFO]: Debug functionality is disabled.
[22:01:59] [Render thread/INFO]: OpenGL 4.5 detected, enabling DSA.
[22:01:59] [Render thread/INFO]: Shaders are disabled because no valid shaderpack is selected
[22:01:59] [Render thread/INFO]: Shaders are disabled
[22:01:59] [Render thread/INFO]: Is OIT supported: true
[22:02:00] [modloading-worker-0/WARN]: ================= KRYPTON RENO =================
[22:02:00] [modloading-worker-0/WARN]: Do not send messages about your game malfunctioning due to KryptonReno in places the author cannot see.
[22:02:00] [modloading-worker-0/WARN]: The author is unaware of this bug and therefore cannot fix it!
[22:02:00] [modloading-worker-0/WARN]: Please send feedback via CurseForge, Github, or Discord so the author can quickly locate the issue!
[22:02:00] [modloading-worker-0/WARN]: ===============================================
[22:02:00] [modloading-worker-0/INFO]: Krypton is now accelerating your Minecraft client's networking stack ?
[22:02:00] [modloading-worker-0/INFO]: Note that Krypton is most effective on servers, not the client.
[22:02:00] [modloading-worker-0/INFO]: Trying to configure DisplayTest...
[22:02:00] [modloading-worker-0/INFO]: Trying to configure DisplayTest...
[22:02:00] [modloading-worker-0/INFO]: Successfully configured DisplayTest.
[22:02:00] [modloading-worker-0/INFO]: Registering Adaptive Performance Tweaks: Gamerules common config ...
[22:02:00] [modloading-worker-0/INFO]: Register Adaptive Performance Tweaks: Core common config ...
[22:02:00] [modloading-worker-0/INFO]: LowDragLib is initializing on platform: Forge
[22:02:00] [modloading-worker-0/INFO]: [LMFT]: Loaded Config File!
[22:02:00] [modloading-worker-0/WARN]: Mod(s) [sodiumoptionsapi, oculus] are modifying Embeddium class me.jellysquid.mods.sodium.client.gui.SodiumOptionsGUI, which may cause instability.
[22:02:00] [modloading-worker-0/INFO]: IrisShaderFolder: IrisShaderFolder v1.4.0 initialized.
[22:02:00] [modloading-worker-0/INFO]: Mixing client.MixinClientConnection from mixins/forge/nochatreports-forge.mixins.json into net.minecraft.network.Connection
[22:02:00] [modloading-worker-0/WARN]: During block registration you may receive several reports of "Potentially Dangerous alternative prefix `additionalplacements`". Ignore these, they are intended.
[22:02:00] [modloading-worker-0/INFO]: Compression will use RecastXZ 3 (Windows x86_64), encryption will use Java
[22:02:00] [modloading-worker-0/INFO]: Constructing common components for pickupnotifier:main
[22:02:00] [modloading-worker-0/INFO]: Constructing common components for blockrunner:main
[22:02:00] [modloading-worker-0/INFO]: Create Repair 1.3.0 initializing! Commit hash: ec9335230e00794f01bee08db2242e6a0bcb81e3
[22:02:00] [modloading-worker-0/INFO]: Create Repair modifies Create heavily to fix bugs! This should be regarded to any log-consumers.
[22:02:00] [modloading-worker-0/WARN]: Create Repair requires Fabric Mixin for some of its fixes, which isn't present. The mod will work fine, but those fixes will be disabled. This can be resolved by installing either Mixinbooster (recommended) or Sinytra Connector
[22:02:00] [modloading-worker-0/INFO]: Proximity Chat Mod initialized
[22:02:00] [modloading-worker-0/INFO]: Constructing client components for pickupnotifier:main
[22:02:01] [modloading-worker-0/INFO]: Constructing client components for blockrunner:main
[22:02:01] [modloading-worker-0/INFO]: Hello from Corpse Curios Compat!
[22:02:01] [UniLib/INFO]: Starting version check for "unilib" (MC 1.20.1) at "https://raw.githubusercontent.com/CDAGaming/VersionLibrary/master/UniLib/update.json"
[22:02:01] [modloading-worker-0/INFO]: [DRIPPY LOADING SCREEN] Loading v3.1.0 in client-side mode on FORGE!
[22:02:01] [modloading-worker-0/INFO]: Registering S2C receiver with id architectury:sync_ids
[22:02:01] [modloading-worker-0/INFO]: Forge mod loading, version 47.4.13, for MC 1.20.1 with MCP 20230612.114412
[22:02:01] [modloading-worker-0/INFO]: MinecraftForge v47.4.13 Initialized
[22:02:01] [modloading-worker-0/INFO]: Registering C2S receiver with id architectury:sync_ids
[22:02:01] [modloading-worker-0/INFO]: Registering C2S receiver with id aaa_particles:main/2b101225a0983c178c43c737d76def52
[22:02:01] [modloading-worker-0/INFO]: Registering S2C receiver with id aaa_particles:main/2b101225a0983c178c43c737d76def52
[22:02:01] [modloading-worker-0/INFO]: Registering C2S receiver with id aaa_particles:main/878ba3ad853235668eff51eb0a40c900
[22:02:01] [modloading-worker-0/INFO]: Registering S2C receiver with id aaa_particles:main/878ba3ad853235668eff51eb0a40c900
[22:02:01] [modloading-worker-0/INFO]: Registering C2S receiver with id aaa_particles:main/878ba3ad853235668eff51eb0a40c900
[22:02:01] [modloading-worker-0/INFO]: Registering S2C receiver with id aaa_particles:main/878ba3ad853235668eff51eb0a40c900
[22:02:01] [modloading-worker-0/INFO]: Initializing TerraFirmaCraft
[22:02:01] [modloading-worker-0/INFO]: Options: Assertions Enabled = false, Bootstrap = false, Test = false, Debug Logging = false
[22:02:01] [modloading-worker-0/INFO]: Registering C2S receiver with id aaa_particles:main/9b5bc39f00d53db2acf81d859b596583
[22:02:01] [modloading-worker-0/INFO]: Registering S2C receiver with id aaa_particles:main/9b5bc39f00d53db2acf81d859b596583
[22:02:01] [modloading-worker-0/INFO]: Loading Effekseer native library at C:\Users\erikp\curseforge\minecraft\Instances\TerraFirmaGreg-Modern (1)\EffekseerNativeForJava.dll
[22:02:01] [UniLib/INFO]: Received update status for "unilib" -> Release (Target version: "")
[22:02:01] [modloading-worker-0/INFO]: Registering config for clienttweaks:common (COMMON) with 41 properties.
[22:02:01] [modloading-worker-0/INFO]: [yalter.mousetweaks.Logger:Log:6]: [Mouse Tweaks] Main.initialize()
[22:02:01] [modloading-worker-0/INFO]: [yalter.mousetweaks.Logger:Log:6]: [Mouse Tweaks] Initialized.
[22:02:01] [modloading-worker-0/INFO]: KONNICHIWA ZA WARUDO!
[22:02:01] [modloading-worker-0/INFO]: Default JVM text encoding is: windows-1252
[22:02:01] [modloading-worker-0/INFO]: Reading config file NoChatReports/NCR-Common.json...
[22:02:01] [modloading-worker-0/INFO]: Reading config file NoChatReports/NCR-Client.json...
[22:02:01] [modloading-worker-0/INFO]: Reading config file NoChatReports/NCR-ServerPreferences.json...
[22:02:01] [modloading-worker-0/INFO]: Reading config file NoChatReports/NCR-Encryption.json...
[22:02:02] [modloading-worker-0/INFO]: Writing config file NoChatReports/NCR-Common.json...
[22:02:02] [modloading-worker-0/INFO]: Writing config file NoChatReports/NCR-Client.json...
[22:02:02] [modloading-worker-0/INFO]: Writing config file NoChatReports/NCR-ServerPreferences.json...
[22:02:02] [modloading-worker-0/INFO]: Writing config file NoChatReports/NCR-Encryption.json...
[22:02:02] [modloading-worker-0/INFO]: Client initialization...
[22:02:02] [modloading-worker-0/INFO]: Xaero's Minimap: World Map found!
[22:02:02] [modloading-worker-0/INFO]: No Optifine!
[22:02:02] [modloading-worker-0/INFO]: Xaero's Minimap: No Vivecraft!
[22:02:02] [modloading-worker-0/INFO]: Mixing client.MixinClientPacketListener from mixins/common/nochatreports.mixins.json into net.minecraft.client.multiplayer.ClientPacketListener
[22:02:02] [modloading-worker-0/INFO]: Mixing client.MixinClientPacketListener from mixins/forge/nochatreports-forge.mixins.json into net.minecraft.client.multiplayer.ClientPacketListener
[22:02:02] [modloading-worker-0/INFO]: Xaero's Minimap: Framed Blocks found!
[22:02:02] [modloading-worker-0/INFO]: Xaero's Minimap: Iris found!
[22:02:02] [modloading-worker-0/INFO]: Registering config for defaultoptions:common (COMMON) with 3 properties.
[22:02:02] [modloading-worker-0/INFO]: AdvancedPeripherals says hello!
[22:02:02] [modloading-worker-0/INFO]: Constructing common components for puzzleslib:main
[22:02:02] [modloading-worker-0/INFO]: Constructing client components for puzzleslib:main
[22:02:02] [modloading-worker-0/INFO]: Mixing server.MixinPlayerList from mixins/common/nochatreports.mixins.json into net.minecraft.server.players.PlayerList
[22:02:02] [modloading-worker-0/WARN]: @Final field f_11198_:Lnet/minecraft/server/players/UserBanList; in deathban.mixin.json:PlayerListMixin should be final
[22:02:02] [modloading-worker-0/WARN]: @Final field f_11189_:Ljava/io/File; in deathban.mixin.json:PlayerListMixin should be final
[22:02:02] [modloading-worker-0/INFO]: powah not loaded, skip integration loading
[22:02:02] [modloading-worker-0/WARN]: Failed to load integration for powah
[22:02:02] [modloading-worker-0/WARN]: Successfully loaded integration for create
[22:02:02] [modloading-worker-0/INFO]: mekanism not loaded, skip integration loading
[22:02:02] [modloading-worker-0/WARN]: Failed to load integration for mekanism
[22:02:02] [modloading-worker-0/INFO]: botania not loaded, skip integration loading
[22:02:02] [modloading-worker-0/WARN]: Failed to load integration for botania
[22:02:02] [modloading-worker-0/INFO]: Registering common data for channel xaerominimap:main!
[22:02:03] [modloading-worker-0/WARN]: ---------------------------------------------------------------------------------
[22:02:03] [modloading-worker-0/WARN]: Mod uteamcore is not signed with a valid certificate but should be signed.
[22:02:03] [modloading-worker-0/WARN]: Please download the mod only from trusted sources such as curseforge.com!
[22:02:03] [modloading-worker-0/WARN]: ---------------------------------------------------------------------------------
[22:02:03] [modloading-worker-0/INFO]: Steam 'n' Rails v1.7.3 initializing! Commit hash: e5947616ee54cabea325ea61ce2e9be107f61225 on Create version: 6.0.8 on platform: Forge
[22:02:03] [modloading-worker-0/INFO]: Fixing MC-151457. Crafting remainder for minecraft:pufferfish_bucket is now minecraft:bucket.
[22:02:03] [modloading-worker-0/INFO]: Fixing MC-151457. Crafting remainder for minecraft:salmon_bucket is now minecraft:bucket.
[22:02:03] [modloading-worker-0/INFO]: Fixing MC-151457. Crafting remainder for minecraft:cod_bucket is now minecraft:bucket.
[22:02:03] [modloading-worker-0/INFO]: Fixing MC-151457. Crafting remainder for minecraft:tropical_fish_bucket is now minecraft:bucket.
[22:02:03] [modloading-worker-0/INFO]: Fixing MC-151457. Crafting remainder for minecraft:axolotl_bucket is now minecraft:bucket.
[22:02:03] [modloading-worker-0/INFO]: Fixing MC-151457. Crafting remainder for minecraft:powder_snow_bucket is now minecraft:bucket.
[22:02:03] [modloading-worker-0/INFO]: Fixing MC-151457. Crafting remainder for minecraft:tadpole_bucket is now minecraft:bucket.
[22:02:03] [modloading-worker-0/INFO]: [MELODY] Loading Melody background audio library..
[22:02:03] [modloading-worker-0/INFO]: Registering client data for channel xaerominimap:main!
[22:02:03] [modloading-worker-0/INFO]: ping & connect fast!
[22:02:03] [modloading-worker-0/INFO]: Loading Fowl Play 1.2.3
[22:02:03] [modloading-worker-0/INFO]: [KONKRETE] Successfully initialized!
[22:02:03] [modloading-worker-0/INFO]: [KONKRETE] Server-side libs ready to use!
[22:02:03] [modloading-worker-0/INFO]: Constructing common components for hangglider:main
[22:02:03] [modloading-worker-0/INFO]: Loading primary common config for channel xaerominimap:main!
[22:02:03] [modloading-worker-0/INFO]: Loading server config profiles for channel xaerominimap:main!
[22:02:03] [modloading-worker-0/INFO]: Loading primary client config for channel xaerominimap:main!
[22:02:03] [modloading-worker-0/INFO]: Loading client config profiles for channel xaerominimap:main!
[22:02:03] [modloading-worker-0/INFO]: Registering common data for channel xaeroworldmap:main!
[22:02:03] [modloading-worker-0/INFO]: Registered jellies config for auto-sync function
[22:02:03] [modloading-worker-0/INFO]: Deserializing FPConfig from 'C:\Users\erikp\curseforge\minecraft\Instances\TerraFirmaGreg-Modern (1)\config\fowlplay.json5'
[22:02:03] [modloading-worker-0/INFO]: Registering client data for channel xaeroworldmap:main!
[22:02:03] [modloading-worker-0/INFO]: Constructing client components for hangglider:main
[22:02:03] [modloading-worker-0/INFO]: Loading primary common config for channel xaeroworldmap:main!
[22:02:03] [modloading-worker-0/INFO]: Loading server config profiles for channel xaeroworldmap:main!
[22:02:03] [modloading-worker-0/INFO]: Loading primary client config for channel xaeroworldmap:main!
[22:02:03] [modloading-worker-0/INFO]: Loading client config profiles for channel xaeroworldmap:main!
[22:02:03] [modloading-worker-0/INFO]: Trying to configure DisplayTest...
[22:02:03] [modloading-worker-0/INFO]: Trying to configure DisplayTest...
[22:02:03] [modloading-worker-0/INFO]: Successfully configured DisplayTest.
[22:02:04] [modloading-worker-0/INFO]: Kotlin For Forge Enabled!
[22:02:04] [modloading-worker-0/INFO]: Registering Adaptive Performance Tweaks: Items common config ...
[22:02:04] [modloading-worker-0/INFO]: IrisSearch: IrisSearch v1.7.1 initialized successfully.
[22:02:04] [modloading-worker-0/INFO]: Registered phoenix_chromatic_codes config for auto-sync function
[22:02:04] [modloading-worker-0/INFO]: Phoenix Colors: Mapping §z to #BF00FF
[22:02:04] [modloading-worker-0/INFO]: Phoenix Colors: Mapping §[phoenix] to #BF00FF
[22:02:04] [modloading-worker-0/INFO]: Phoenix Chromatic: Registering §w with effect wave on font phoenix_chromatic_codes:code_119
[22:02:04] [modloading-worker-0/INFO]: Phoenix Chromatic: Registering §s with effect shake on font phoenix_chromatic_codes:code_115
[22:02:04] [modloading-worker-0/INFO]: Phoenix Chromatic: Registering §p with effect pulse on font phoenix_chromatic_codes:code_112
[22:02:04] [modloading-worker-0/INFO]: Phoenix Chromatic: Registering §* with effect static_rainbow on font phoenix_chromatic_codes:code_42
[22:02:04] [modloading-worker-0/INFO]: Phoenix Chromatic: Registering §g with effect glitch on font phoenix_chromatic_codes:code_103
[22:02:04] [modloading-worker-0/INFO]: Phoenix Chromatic: Registering §y with effect none on font phoenix_chromatic_codes:code_121
[22:02:04] [modloading-worker-0/ERROR]: Could not find movement type: discord. Defaulting to static.
[22:02:04] [modloading-worker-0/INFO]: Phoenix Chromatic: Registering §^ with effect discord on font phoenix_chromatic_codes:code_94
[22:02:04] [modloading-worker-0/INFO]: Phoenix Chromatic: Registering §u with effect breath on font phoenix_chromatic_codes:code_117
[22:02:04] [modloading-worker-0/INFO]: Phoenix Chromatic: Registering §% with effect stretch on font phoenix_chromatic_codes:code_37
[22:02:04] [modloading-worker-0/INFO]: Phoenix Chromatic: Registering §~ with effect wave on font phoenix_chromatic_codes:code_126
[22:02:04] [modloading-worker-0/INFO]: Phoenix Chromatic: Registering §[rainbow] with effect wave on font phoenix_chromatic_codes:named_973576630
[22:02:04] [modloading-worker-0/INFO]: Phoenix Chromatic: Registering §[matrix] with effect glitch on font phoenix_chromatic_codes:named_1081239615
[22:02:04] [modloading-worker-0/INFO]: Phoenix Colors: Mapping §z to #BF00FF
[22:02:04] [modloading-worker-0/INFO]: Phoenix Colors: Mapping §[phoenix] to #BF00FF
[22:02:04] [modloading-worker-0/INFO]: [Inventory Profiles Next] Inventory Profiles Next - init in Kotlin
[22:02:04] [modloading-worker-0/INFO]: Registering common data for channel xaerolib:main!
[22:02:04] [modloading-worker-0/INFO]: Registering client data for channel xaerolib:main!
[22:02:04] [modloading-worker-0/INFO]: Loading primary common config for channel xaerolib:main!
[22:02:04] [modloading-worker-0/INFO]: Loading server config profiles for channel xaerolib:main!
[22:02:04] [modloading-worker-0/INFO]: Loading primary client config for channel xaerolib:main!
[22:02:04] [modloading-worker-0/INFO]: Loading client config profiles for channel xaerolib:main!
[22:02:04] [modloading-worker-0/INFO]: [dev.tr7zw.trender.gui.impl.client.LibGuiClient:onInitializeClient:37]: [TRender] Initializing Client...
[22:02:04] [UniLib/INFO]: Starting version check for "craftpresence" (MC 1.20.1) at "https://raw.githubusercontent.com/CDAGaming/VersionLibrary/master/CraftPresence/update.json"
[22:02:04] [UniLib/INFO]: Received update status for "craftpresence" -> Release (Target version: "")
[22:02:05] [modloading-worker-0/INFO]: Enabling FirmaCiv+ArborFirmaCraft cross compat
[22:02:05] [modloading-worker-0/INFO]: Enabling FirmaCiv+Beneath cross compat
[22:02:05] [CraftPresence/INFO]: Configuration settings have been saved and reloaded successfully!
[22:02:05] [modloading-worker-0/INFO]: PlayerRevive TaCZ/SBW Compatibility mod initializing...
[22:02:05] [modloading-worker-0/INFO]: PlayerRevive loaded: true
[22:02:05] [modloading-worker-0/INFO]: TaCZ loaded: true
[22:02:05] [modloading-worker-0/INFO]: SuperbWarfare loaded: false
[22:02:05] [modloading-worker-0/INFO]: Registering TaCZ compatibility handler
[22:02:05] [modloading-worker-0/INFO]: TaCZ event handlers registered successfully
[22:02:05] [modloading-worker-0/INFO]: Compatibility layer active - players in bleeding state will be unable to shoot
[22:02:05] [modloading-worker-0/INFO]: I am quite particular about the effects I choose to add :3
[22:02:05] [modloading-worker-0/INFO]: Registering Adaptive Performance Tweaks: Player common config ...
[22:02:05] [modloading-worker-0/INFO]: Constructing common components for cutthrough:main
[22:02:05] [modloading-worker-0/INFO]: Constructing client components for cutthrough:main
[22:02:05] [modloading-worker-0/INFO]: Registering config for craftingtweaks:common (COMMON) with 7 properties.
[22:02:05] [modloading-worker-0/INFO]: Loaded config fzzy_config:keybinds in 2087ms
[22:02:05] [modloading-worker-0/INFO]: Loaded config :particle_core_config in 1738ms
[22:02:05] [CraftPresence/INFO]: Checking Discord for available assets with Client Id: 1182610212121743470
[22:02:05] [CraftPresence/INFO]: Originally coded by paulhobbel - https://github.com/paulhobbel
[22:02:05] [modloading-worker-0/ERROR]: MTSERROR: Welcome to MTS VERSION: 24.0.0
[22:02:05] [CraftPresence/INFO]: 2 total assets detected!
[22:02:06] [modloading-worker-0/INFO]: Registering S2C receiver with id ftblibrary:edit_nbt
[22:02:06] [modloading-worker-0/INFO]: Registering C2S receiver with id ftblibrary:edit_nbt_response
[22:02:06] [modloading-worker-0/INFO]: Loaded common.properties
[22:02:06] [modloading-worker-0/INFO]: Registering S2C receiver with id ftblibrary:sync_known_server_registries
[22:02:06] [modloading-worker-0/INFO]: Loaded dev.properties
[22:02:06] [modloading-worker-0/INFO]: Registering S2C receiver with id ftblibrary:edit_config
[22:02:06] [modloading-worker-0/INFO]: Registering C2S network packet of type SEND with id 'update_writable_sign' in 'dragonlib:network'.
[22:02:06] [modloading-worker-0/INFO]: Looking for KubeJS plugins...
[22:02:06] [modloading-worker-0/INFO]: Found plugin source kubejs
[22:02:06] [modloading-worker-0/INFO]: Registering C2S network packet of type SEND with id 'string_message' in 'dragonlib:network_test'.
[22:02:06] [modloading-worker-0/INFO]: Registering C2S network packet of type SEND_AND_RECEIVE with id 'test_msg' in 'dragonlib:network_test'.
[22:02:06] [modloading-worker-0/INFO]: Registering C2S receiver with id ftbfiltersystem:sync_filter
[22:02:06] [modloading-worker-0/INFO]: Starting the setup of DragonLib...
[22:02:06] [Toothless/INFO]:                              +++ ? +++                             
[22:02:06] [Toothless/INFO]: ---------------------------------------------------------------------
[22:02:06] [Toothless/INFO]:           Loaded DragonLib v1.20.1-beta-3.0.21 by MrJulsen!          
[22:02:06] [Toothless/INFO]:                 Minecraft Forge Client 1.20.1-47.4.13                
[22:02:06] [Toothless/INFO]: 
[22:02:06] [Toothless/INFO]:                 Discord: https://server.mrjulsen.net                
[22:02:06] [Toothless/INFO]:                            GitHub: unknown                           
[22:02:06] [Toothless/INFO]:   Bug Reports: https://github.com/MisterJulsen/MC-DragonLib2/issues  
[22:02:06] [Toothless/INFO]: ---------------------------------------------------------------------
[22:02:06] [Toothless/INFO]:                              +++ ? +++                             
[22:02:06] [modloading-worker-0/INFO]: Registering S2C receiver with id ftbteams:sync_teams
[22:02:06] [modloading-worker-0/INFO]: Registering S2C receiver with id ftbteams:sync_message_history
[22:02:06] [modloading-worker-0/INFO]: Registering C2S receiver with id ftbteams:open_gui
[22:02:06] [modloading-worker-0/INFO]: Registering S2C receiver with id ftbteams:open_my_team_gui
[22:02:06] [modloading-worker-0/INFO]: Registering C2S receiver with id ftbteams:update_settings
[22:02:06] [modloading-worker-0/INFO]: Registering S2C receiver with id ftbteams:update_settings_response
[22:02:06] [modloading-worker-0/INFO]: Registering C2S receiver with id ftbteams:send_message
[22:02:06] [modloading-worker-0/INFO]: Registering S2C receiver with id ftbteams:send_message_response
[22:02:06] [modloading-worker-0/INFO]: Registering S2C receiver with id ftbteams:update_presence
[22:02:06] [modloading-worker-0/INFO]: Registering S2C receiver with id pandalib:config_sync
[22:02:06] [modloading-worker-0/INFO]: Registering C2S receiver with id pandalib:config_sync
[22:02:06] [modloading-worker-0/INFO]: Registering S2C receiver with id ftbessentials:update_tab_name
[22:02:06] [modloading-worker-0/INFO]: Registering C2S receiver with id ftbteams:create_party
[22:02:06] [modloading-worker-0/INFO]: Registering C2S receiver with id ftbteams:player_gui_operation
[22:02:06] [modloading-worker-0/INFO]: Registering S2C receiver with id showcaser:s2c_emi_open_screen
[22:02:06] [modloading-worker-0/INFO]: Registering class observable.net.BetterChannel$PartialPacketBegin
[22:02:06] [modloading-worker-0/INFO]: Registering S2C receiver with id showcaser:s2c_ftbquests_open_screen
[22:02:06] [modloading-worker-0/INFO]: Successfully loaded config 'fallingtrees_client'
[22:02:06] [modloading-worker-0/INFO]: Registering S2C receiver with id octolib:config_sync
[22:02:06] [modloading-worker-0/INFO]: Registering S2C receiver with id polylib:container_to_client
[22:02:06] [modloading-worker-0/INFO]: Registering S2C receiver with id polylib:tile_to_client
[22:02:06] [modloading-worker-0/INFO]: Successfully saved config 'fallingtrees_client'
[22:02:06] [modloading-worker-0/INFO]: Registering C2S receiver with id polylib:container_packet_server
[22:02:06] [modloading-worker-0/INFO]: Registering C2S receiver with id polylib:tile_data_server
[22:02:06] [modloading-worker-0/INFO]: Registering C2S receiver with id polylib:tile_packet_server
[22:02:06] [modloading-worker-0/INFO]: Registering S2C receiver with id showcaser:s2c_jei_open_screen
[22:02:06] [modloading-worker-0/INFO]: Successfully loaded config 'fallingtrees_common'
[22:02:06] [modloading-worker-0/INFO]: Successfully saved config 'fallingtrees_common'
[22:02:06] [modloading-worker-0/INFO]: Registering S2C receiver with id showcaser:s2c_patchouli_open_screen
[22:02:06] [modloading-worker-0/INFO]: Registering C2S receiver with id minecraft:channel/observable/61a49a35c5283c0aaa7b0dfea5b7a53a
[22:02:06] [modloading-worker-0/INFO]: Registering S2C receiver with id minecraft:channel/observable/61a49a35c5283c0aaa7b0dfea5b7a53a
[22:02:06] [modloading-worker-0/INFO]: Registered class observable.net.BetterChannel$PartialPacketBegin
[22:02:06] [modloading-worker-0/INFO]: Registering class observable.net.BetterChannel$PartialPacketData
[22:02:06] [modloading-worker-0/INFO]: Found plugin source ldlib
[22:02:06] [modloading-worker-0/INFO]: Found plugin source tfc_textile
[22:02:06] [modloading-worker-0/INFO]: Registering C2S receiver with id minecraft:channel/observable/3dd73fd88be832559bc3a3c4a2e63b4a
[22:02:06] [modloading-worker-0/INFO]: Registering S2C receiver with id minecraft:channel/observable/3dd73fd88be832559bc3a3c4a2e63b4a
[22:02:06] [modloading-worker-0/INFO]: Registered class observable.net.BetterChannel$PartialPacketData
[22:02:06] [modloading-worker-0/INFO]: Found plugin source exposure
[22:02:06] [modloading-worker-0/INFO]: Found plugin source tfg
[22:02:06] [modloading-worker-0/INFO]: Found plugin source ftbxmodcompat
[22:02:06] [modloading-worker-0/INFO]: Registering class observable.net.C2SPacket$InitTPSProfile
[22:02:06] [modloading-worker-0/INFO]: Registering C2S receiver with id showcaser:c2s_share_resource
[22:02:06] [modloading-worker-0/INFO]: Found plugin source emixx
[22:02:06] [modloading-worker-0/INFO]: Registering C2S receiver with id minecraft:channel/observable/b453c08f23b83b82b690c31bf8b2a45a
[22:02:06] [modloading-worker-0/INFO]: Registering S2C receiver with id minecraft:channel/observable/b453c08f23b83b82b690c31bf8b2a45a
[22:02:06] [modloading-worker-0/INFO]: Registered class observable.net.C2SPacket$InitTPSProfile
[22:02:06] [modloading-worker-0/INFO]: Registering S2C receiver with id showcaser:s2c_share_display
[22:02:06] [modloading-worker-0/INFO]: Registering class observable.net.C2SPacket$RequestAvailability
[22:02:06] [modloading-worker-0/INFO]: Found plugin source tfcambiental
[22:02:06] [modloading-worker-0/INFO]: Found plugin source taczjs
[22:02:06] [modloading-worker-0/INFO]: Registering S2C receiver with id showcaser:s2c_config_sync
[22:02:06] [modloading-worker-0/INFO]: Found plugin source aaa_particles
[22:02:06] [modloading-worker-0/INFO]: Found plugin source moldraw
[22:02:06] [modloading-worker-0/INFO]: Registering C2S receiver with id minecraft:channel/observable/0c662822629034678f5a8f0e70375315
[22:02:06] [modloading-worker-0/INFO]: Registering S2C receiver with id minecraft:channel/observable/0c662822629034678f5a8f0e70375315
[22:02:06] [modloading-worker-0/INFO]: Registered class observable.net.C2SPacket$RequestAvailability
[22:02:06] [modloading-worker-0/INFO]: Found plugin source kubejs_create
[22:02:06] [modloading-worker-0/INFO]: Registering class observable.net.S2CPacket$ProfilingStarted
[22:02:06] [modloading-worker-0/INFO]: Registering C2S receiver with id minecraft:channel/observable/2e815604a29b3a5cbfe0208e619d86c4
[22:02:06] [modloading-worker-0/INFO]: Registering S2C receiver with id minecraft:channel/observable/2e815604a29b3a5cbfe0208e619d86c4
[22:02:06] [modloading-worker-0/INFO]: Registered class observable.net.S2CPacket$ProfilingStarted
[22:02:06] [modloading-worker-0/INFO]: Registering class observable.net.S2CPacket$ProfilingCompleted
[22:02:06] [modloading-worker-0/WARN]: @Inject(@At("INVOKE")) Shift.BY=2 on create_connected.mixins.json:sequencedgearshift.SequencedGearshiftScreenMixin::handler$fag000$updateParamsOfRow exceeds the maximum allowed value: 0. Increase the value of maxShiftBy to suppress this warning.
[22:02:06] [modloading-worker-0/INFO]: Registering C2S receiver with id minecraft:channel/observable/9ae83199b65a3768862799cc5e461a02
[22:02:06] [modloading-worker-0/INFO]: Registering S2C receiver with id minecraft:channel/observable/9ae83199b65a3768862799cc5e461a02
[22:02:06] [modloading-worker-0/INFO]: Registered class observable.net.S2CPacket$ProfilingCompleted
[22:02:06] [modloading-worker-0/INFO]: Registering class observable.net.S2CPacket$ProfilerInactive
[22:02:06] [modloading-worker-0/INFO]: Registering C2S receiver with id ftbchunks:request_map_data
[22:02:06] [modloading-worker-0/INFO]: Registering C2S receiver with id ftbchunks:share_waypoint
[22:02:06] [modloading-worker-0/INFO]: Registering C2S receiver with id minecraft:channel/observable/ae8dfae1238e312397aa53e9d14c45ca
[22:02:06] [modloading-worker-0/INFO]: Registering S2C receiver with id minecraft:channel/observable/ae8dfae1238e312397aa53e9d14c45ca
[22:02:06] [modloading-worker-0/INFO]: Registered class observable.net.S2CPacket$ProfilerInactive
[22:02:06] [modloading-worker-0/INFO]: Registering S2C receiver with id ftbchunks:send_all_chunks
[22:02:06] [modloading-worker-0/INFO]: Registering class observable.net.S2CPacket$ProfilingResult
[22:02:06] [modloading-worker-0/INFO]: Registering S2C receiver with id ftbchunks:login_data
[22:02:06] [modloading-worker-0/INFO]: Registering C2S receiver with id minecraft:channel/observable/3a94cae7336038df9152bcb7b4b94825
[22:02:06] [modloading-worker-0/INFO]: Registering S2C receiver with id minecraft:channel/observable/3a94cae7336038df9152bcb7b4b94825
[22:02:06] [modloading-worker-0/INFO]: Registered class observable.net.S2CPacket$ProfilingResult
[22:02:06] [modloading-worker-0/INFO]: Registering C2S receiver with id ftbchunks:request_chunk_change
[22:02:06] [modloading-worker-0/INFO]: Registering class observable.net.S2CPacket$Availability
[22:02:06] [modloading-worker-0/INFO]: Registering S2C receiver with id ftbchunks:send_chunk
[22:02:06] [modloading-worker-0/INFO]: Registering S2C receiver with id ftbchunks:send_general_data
[22:02:06] [modloading-worker-0/INFO]: Registering C2S receiver with id minecraft:channel/observable/c86a824e756d312396d1ba30e943e6aa
[22:02:06] [modloading-worker-0/INFO]: Registering S2C receiver with id minecraft:channel/observable/c86a824e756d312396d1ba30e943e6aa
[22:02:06] [modloading-worker-0/INFO]: Registered class observable.net.S2CPacket$Availability
[22:02:06] [modloading-worker-0/INFO]: Registering C2S receiver with id ftbchunks:teleport_from_map
[22:02:06] [modloading-worker-0/INFO]: Registering S2C receiver with id ftbchunks:player_death
[22:02:06] [modloading-worker-0/INFO]: Registering S2C receiver with id ftbchunks:send_visible_player_list
[22:02:06] [modloading-worker-0/INFO]: Registering C2S receiver with id ftbchunks:sync_tx
[22:02:06] [modloading-worker-0/INFO]: Registering S2C receiver with id ftbchunks:sync_rx
[22:02:06] [modloading-worker-0/INFO]: Registering S2C receiver with id ftbchunks:loaded_chunk_view
[22:02:06] [modloading-worker-0/INFO]: Registering S2C receiver with id ftbchunks:send_player_position
[22:02:06] [modloading-worker-0/INFO]: Registering C2S receiver with id ftbchunks:update_force_load_expiry
[22:02:06] [modloading-worker-0/INFO]: Registering S2C receiver with id ftbquests:sync_quests
[22:02:06] [modloading-worker-0/INFO]: Registering C2S receiver with id ftbchunks:server_config_request
[22:02:06] [modloading-worker-0/INFO]: Registering S2C receiver with id ftbquests:sync_team_data
[22:02:06] [modloading-worker-0/INFO]: Registering S2C receiver with id ftbchunks:server_config_response
[22:02:06] [modloading-worker-0/INFO]: Registering S2C receiver with id ftbquests:update_task_progress
[22:02:06] [modloading-worker-0/INFO]: Registering S2C receiver with id ftbchunks:chunk_change_response
[22:02:06] [modloading-worker-0/INFO]: Registering C2S receiver with id ftbquests:submit_task
[22:02:06] [modloading-worker-0/INFO]: Registering S2C receiver with id ftbchunks:request_block_color
[22:02:06] [modloading-worker-0/INFO]: Registering C2S receiver with id ftbquests:claim_reward
[22:02:06] [modloading-worker-0/INFO]: Registering S2C receiver with id ftbchunks:add_waypoint
[22:02:06] [modloading-worker-0/INFO]: Registering S2C receiver with id ftbquests:claim_reward_response
[22:02:06] [modloading-worker-0/INFO]: Loading [TerraFirmaCraft] Compat
[22:02:06] [modloading-worker-0/INFO]: Loading [Xaero's Minimap] Compat
[22:02:06] [modloading-worker-0/INFO]: Registering S2C receiver with id ftbquests:sync_editing_mode
[22:02:06] [modloading-worker-0/INFO]: Registering C2S receiver with id ftbquests:get_emergency_items
[22:02:06] [modloading-worker-0/INFO]: Registering S2C receiver with id ftbquests:create_other_team_data
[22:02:06] [CraftPresence/INFO]: Attempting to connect to Discord (1/10)...
[22:02:06] [modloading-worker-0/INFO]: Registering C2S receiver with id ftbquests:claim_all_rewards
[22:02:06] [modloading-worker-0/INFO]: Registering C2S receiver with id ftbquests:claim_choice_reward
[22:02:06] [modloading-worker-0/INFO]: Registering S2C receiver with id ftbquests:display_completion_toast
[22:02:06] [modloading-worker-0/INFO]: [com.magistuarmory.antiquelegacy.EpicKnightsAntiqueLegacy:init:30]: Hello from Epic Knights: Antique Legacy init!
[22:02:06] [modloading-worker-0/INFO]: Registering S2C receiver with id ftbquests:display_reward_toast
[22:02:06] [modloading-worker-0/INFO]: Registering S2C receiver with id ftbquests:display_item_reward_toast
[22:02:06] [modloading-worker-0/INFO]: [com.magistuarmory.item.ModItemTier:handler$ghk000$onInit:522]: ModItemTier constructor with Tier called. Original uses: 59
[22:02:06] [modloading-worker-0/INFO]: Registering S2C receiver with id ftbquests:custom_reward_toast
[22:02:06] [modloading-worker-0/INFO]: [com.magistuarmory.item.ModItemTier:handler$ghk000$onInit:527]: Modified uses: 59
[22:02:06] [modloading-worker-0/INFO]: [com.magistuarmory.item.ModItemTier:handler$ghk000$onInit:522]: ModItemTier constructor with Tier called. Original uses: 131
[22:02:06] [modloading-worker-0/INFO]: [com.magistuarmory.item.ModItemTier:handler$ghk000$onInit:527]: Modified uses: 131
[22:02:06] [modloading-worker-0/INFO]: [com.magistuarmory.item.ModItemTier:handler$ghk000$onInit:522]: ModItemTier constructor with Tier called. Original uses: 250
[22:02:06] [modloading-worker-0/INFO]: Registering C2S receiver with id ftbquests:toggle_pinned
[22:02:06] [modloading-worker-0/INFO]: [com.magistuarmory.item.ModItemTier:handler$ghk000$onInit:527]: Modified uses: 2200
[22:02:06] [modloading-worker-0/INFO]: [com.magistuarmory.item.ModItemTier:handler$ghk000$onInit:522]: ModItemTier constructor with Tier called. Original uses: 1561
[22:02:06] [modloading-worker-0/INFO]: [com.magistuarmory.item.ModItemTier:handler$ghk000$onInit:527]: Modified uses: 1561
[22:02:06] [modloading-worker-0/INFO]: [com.magistuarmory.item.ModItemTier:handler$ghk000$onInit:522]: ModItemTier constructor with Tier called. Original uses: 32
[22:02:06] [modloading-worker-0/INFO]: Registering S2C receiver with id ftbquests:toggle_pinned_response
[22:02:06] [modloading-worker-0/INFO]: [com.magistuarmory.item.ModItemTier:handler$ghk000$onInit:527]: Modified uses: 32
[22:02:06] [modloading-worker-0/INFO]: [com.magistuarmory.item.ModItemTier:handler$ghk000$onInit:522]: ModItemTier constructor with Tier called. Original uses: 2031
[22:02:06] [modloading-worker-0/INFO]: [com.magistuarmory.item.ModItemTier:handler$ghk000$onInit:527]: Modified uses: 2031
[22:02:06] [modloading-worker-0/INFO]: Registering C2S receiver with id magistuarmory:packet_long_reach_attack
[22:02:06] [modloading-worker-0/INFO]: Registering C2S receiver with id ftbquests:toggle_chapter_pinned
[22:02:06] [modloading-worker-0/INFO]: [com.magistuarmory.item.ModItemTier:handler$ghk000$onInit:533]: ModItemTier constructor with parameters called. Original uses: 150
[22:02:06] [modloading-worker-0/INFO]: [com.magistuarmory.item.ModItemTier:handler$ghk000$onInit:554]: Modified uses: 600
[22:02:06] [modloading-worker-0/INFO]: Registering C2S receiver with id magistuarmory:packet_lance_collision
[22:02:06] [modloading-worker-0/INFO]: Registering S2C receiver with id ftbquests:toggle_chapter_pinned_response
[22:02:06] [modloading-worker-0/INFO]: [com.magistuarmory.item.ModItemTier:handler$ghk000$onInit:533]: ModItemTier constructor with parameters called. Original uses: 230
[22:02:06] [modloading-worker-0/INFO]: [com.magistuarmory.item.ModItemTier:handler$ghk000$onInit:554]: Modified uses: 50
[22:02:06] [modloading-worker-0/INFO]: [com.magistuarmory.item.ModItemTier:handler$ghk000$onInit:533]: ModItemTier constructor with parameters called. Original uses: 400
[22:02:06] [modloading-worker-0/INFO]: Registering S2C receiver with id magistuarmory:packet_bc_or_ef_installed
[22:02:06] [modloading-worker-0/INFO]: [com.magistuarmory.item.ModItemTier:handler$ghk000$onInit:554]: Modified uses: 3300
[22:02:06] [modloading-worker-0/INFO]: Registering C2S receiver with id ftbquests:toggle_editing_mode
[22:02:06] [modloading-worker-0/INFO]: [com.magistuarmory.item.ModItemTier:handler$ghk000$onInit:533]: ModItemTier constructor with parameters called. Original uses: 130
[22:02:06] [modloading-worker-0/INFO]: [com.magistuarmory.item.ModItemTier:handler$ghk000$onInit:554]: Modified uses: 50
[22:02:06] [modloading-worker-0/INFO]: [com.magistuarmory.item.ModItemTier:handler$ghk000$onInit:533]: ModItemTier constructor with parameters called. Original uses: 200
[22:02:06] [modloading-worker-0/INFO]: Registering C2S receiver with id ftbquests:force_save
[22:02:06] [modloading-worker-0/INFO]: [com.magistuarmory.item.ModItemTier:handler$ghk000$onInit:554]: Modified uses: 1200
[22:02:06] [modloading-worker-0/INFO]: Registering S2C receiver with id ftbquests:update_team_data
[22:02:07] [modloading-worker-0/INFO]: Registering C2S receiver with id ftbquests:set_custom_image
[22:02:07] [modloading-worker-0/INFO]: Registering S2C receiver with id ftbquests:object_started
[22:02:07] [modloading-worker-0/INFO]: Registering S2C receiver with id ftbquests:object_completed
[22:02:07] [modloading-worker-0/INFO]: Config loaded
[22:02:07] [modloading-worker-0/INFO]: Registering S2C receiver with id ftbquests:object_started_reset
[22:02:07] [modloading-worker-0/INFO]: Registering S2C receiver with id ftbquests:object_completed_reset
[22:02:07] [modloading-worker-0/INFO]: Registering S2C receiver with id ftbquests:sync_lock
[22:02:07] [modloading-worker-0/INFO]: Registering S2C receiver with id ftbquests:reset_reward
[22:02:07] [modloading-worker-0/INFO]: [com.magistuarmory.item.armor.ArmorType:<init>:64]: magistuarmory:minicrown
[22:02:07] [modloading-worker-0/INFO]: [com.magistuarmory.item.armor.ArmorType:<init>:64]: magistuarmory:crown
[22:02:07] [modloading-worker-0/INFO]: [com.magistuarmory.item.armor.ArmorType:<init>:64]: magistuarmory:flowercrown
[22:02:07] [modloading-worker-0/INFO]: [com.magistuarmory.item.armor.ArmorType:<init>:64]: minecraft:default
[22:02:07] [modloading-worker-0/INFO]: [com.magistuarmory.item.armor.ArmorType:<init>:64]: magistuarmory:armet
[22:02:07] [modloading-worker-0/INFO]: [com.magistuarmory.item.armor.ArmorType:<init>:64]: magistuarmory:stechhelm
[22:02:07] [modloading-worker-0/INFO]: Registering S2C receiver with id ftbquests:team_data_changed
[22:02:07] [modloading-worker-0/INFO]: [com.magistuarmory.item.armor.ArmorType:<init>:64]: minecraft:default
[22:02:07] [modloading-worker-0/INFO]: [com.magistuarmory.item.armor.ArmorType:<init>:64]: antiquelegacy:attic_helmet
[22:02:07] [modloading-worker-0/INFO]: [com.magistuarmory.item.armor.ArmorType:<init>:64]: magistuarmory:sallet
[22:02:07] [modloading-worker-0/INFO]: [com.magistuarmory.item.armor.ArmorType:<init>:64]: antiquelegacy:bell_cuirass
[22:02:07] [modloading-worker-0/INFO]: [com.magistuarmory.item.armor.ArmorType:<init>:64]: minecraft:default
[22:02:07] [modloading-worker-0/INFO]: [com.magistuarmory.item.armor.ArmorType:<init>:64]: antiquelegacy:beotian_helmet
[22:02:07] [modloading-worker-0/INFO]: [com.magistuarmory.item.armor.ArmorType:<init>:64]: magistuarmory:maximilian_helmet
[22:02:07] [modloading-worker-0/INFO]: Registering S2C receiver with id ftbquests:task_screen_config_req
[22:02:07] [modloading-worker-0/INFO]: [com.magistuarmory.item.armor.ArmorType:<init>:64]: antiquelegacy:bronzed_gallea
[22:02:07] [modloading-worker-0/INFO]: [com.magistuarmory.item.armor.ArmorType:<init>:64]: minecraft:default
[22:02:07] [modloading-worker-0/INFO]: [libIPN] libIPN - init in Kotlin
[22:02:07] [modloading-worker-0/INFO]: [com.magistuarmory.item.armor.ArmorType:<init>:64]: antiquelegacy:ridge_helmet
[22:02:07] [modloading-worker-0/INFO]: [com.magistuarmory.item.armor.ArmorType:<init>:64]: minecraft:default
[22:02:07] [modloading-worker-0/INFO]: [com.magistuarmory.item.armor.ArmorType:<init>:64]: antiquelegacy:coolus
[22:02:07] [modloading-worker-0/INFO]: [com.magistuarmory.item.armor.ArmorType:<init>:64]: magistuarmory:kettlehat
[22:02:07] [modloading-worker-0/INFO]: [com.magistuarmory.item.armor.ArmorType:<init>:64]: antiquelegacy:intercisa
[22:02:07] [modloading-worker-0/INFO]: [com.magistuarmory.item.armor.ArmorType:<init>:64]: antiquelegacy:melos
[22:02:07] [modloading-worker-0/INFO]: [com.magistuarmory.item.armor.ArmorType:<init>:64]: minecraft:default
[22:02:07] [modloading-worker-0/INFO]: Registering C2S receiver with id ftbquests:task_screen_config_resp
[22:02:07] [modloading-worker-0/INFO]: [com.magistuarmory.item.armor.ArmorType:<init>:64]: antiquelegacy:montefortino_helmet
[22:02:07] [modloading-worker-0/INFO]: [com.magistuarmory.item.armor.ArmorType:<init>:64]: magistuarmory:barbute
[22:02:07] [modloading-worker-0/INFO]: [com.magistuarmory.item.armor.ArmorType:<init>:64]: antiquelegacy:muscle_cuirass
[22:02:07] [modloading-worker-0/INFO]: [com.magistuarmory.item.armor.ArmorType:<init>:64]: minecraft:default
[22:02:07] [modloading-worker-0/INFO]: [com.magistuarmory.item.armor.ArmorType:<init>:64]: antiquelegacy:niederbieber_helmet
[22:02:07] [modloading-worker-0/INFO]: [com.magistuarmory.item.armor.ArmorType:<init>:64]: magistuarmory:crusader
[22:02:07] [modloading-worker-0/INFO]: Registering C2S receiver with id ftbquests:give_item_to_player
[22:02:07] [modloading-worker-0/INFO]: [com.magistuarmory.item.armor.ArmorType:<init>:64]: minecraft:default
[22:02:07] [modloading-worker-0/INFO]: [com.magistuarmory.item.armor.ArmorType:<init>:64]: antiquelegacy:phrygian_helmet
[22:02:07] [modloading-worker-0/INFO]: [com.magistuarmory.item.armor.ArmorType:<init>:64]: antiquelegacy:pilos
[22:02:07] [modloading-worker-0/INFO]: [com.magistuarmory.item.armor.ArmorType:<init>:64]: minecraft:default
[22:02:07] [modloading-worker-0/INFO]: [com.magistuarmory.item.armor.ArmorType:<init>:64]: antiquelegacy:pilos
[22:02:07] [modloading-worker-0/INFO]: [com.magistuarmory.item.armor.ArmorType:<init>:64]: minecraft:default
[22:02:07] [modloading-worker-0/INFO]: Registering C2S receiver with id ftbquests:reorder_item
[22:02:07] [modloading-worker-0/INFO]: [com.magistuarmory.item.armor.ArmorType:<init>:64]: antiquelegacy:squamata
[22:02:07] [modloading-worker-0/INFO]: [com.magistuarmory.item.armor.ArmorType:<init>:64]: magistuarmory:armet
[22:02:07] [modloading-worker-0/INFO]: [com.magistuarmory.item.armor.ArmorType:<init>:64]: antiquelegacy:roman_parade_helmet
[22:02:07] [modloading-worker-0/INFO]: [com.magistuarmory.item.armor.ArmorType:<init>:64]: minecraft:default
[22:02:07] [modloading-worker-0/INFO]: [com.magistuarmory.item.armor.ArmorType:<init>:64]: antiquelegacy:apulo_corinthian_helmet
[22:02:07] [modloading-worker-0/INFO]: [com.magistuarmory.item.armor.ArmorType:<init>:64]: magistuarmory:conic_helmet
[22:02:07] [modloading-worker-0/INFO]: [com.magistuarmory.item.armor.ArmorType:<init>:64]: antiquelegacy:attic_helmet
[22:02:07] [modloading-worker-0/INFO]: Registering C2S receiver with id ftbquests:change_progress
[22:02:07] [modloading-worker-0/INFO]: [com.magistuarmory.item.armor.ArmorType:<init>:64]: magistuarmory:conic_helmet
[22:02:07] [modloading-worker-0/INFO]: [com.magistuarmory.item.armor.ArmorType:<init>:64]: antiquelegacy:corinthian_helmet
[22:02:07] [modloading-worker-0/INFO]: [com.magistuarmory.item.armor.ArmorType:<init>:64]: magistuarmory:barbute
[22:02:07] [modloading-worker-0/INFO]: [com.magistuarmory.item.armor.ArmorType:<init>:64]: antiquelegacy:gallea
[22:02:07] [modloading-worker-0/INFO]: [com.magistuarmory.item.armor.ArmorType:<init>:64]: minecraft:default
[22:02:07] [modloading-worker-0/INFO]: [com.magistuarmory.item.armor.ArmorType:<init>:64]: antiquelegacy:gilded_gallea
[22:02:07] [modloading-worker-0/INFO]: [com.magistuarmory.item.armor.ArmorType:<init>:64]: minecraft:default
[22:02:07] [modloading-worker-0/INFO]: Registering C2S receiver with id ftbquests:create_object
[22:02:07] [modloading-worker-0/INFO]: [com.magistuarmory.item.armor.ArmorType:<init>:64]: antiquelegacy:ridge_helmet
[22:02:07] [modloading-worker-0/INFO]: [com.magistuarmory.item.armor.ArmorType:<init>:64]: magistuarmory:kettlehat
[22:02:07] [modloading-worker-0/INFO]: [com.magistuarmory.item.armor.ArmorType:<init>:64]: antiquelegacy:greek_greaves
[22:02:07] [modloading-worker-0/INFO]: [com.magistuarmory.item.armor.ArmorType:<init>:64]: magistuarmory:conic_helmet
[22:02:07] [CraftPresence/INFO]: Loaded display data with Client Id: 1182610212121743470 (Logged in as JÃ¶rning)
[22:02:07] [modloading-worker-0/INFO]: [com.magistuarmory.item.armor.ArmorType:<init>:64]: antiquelegacy:hamata
[22:02:07] [modloading-worker-0/INFO]: [com.magistuarmory.item.armor.ArmorType:<init>:64]: magistuarmory:crusader
[22:02:07] [modloading-worker-0/INFO]: [com.magistuarmory.item.armor.ArmorType:<init>:64]: antiquelegacy:hamata
[22:02:07] [modloading-worker-0/INFO]: [com.magistuarmory.item.armor.ArmorType:<init>:64]: minecraft:default
[22:02:07] [modloading-worker-0/INFO]: Registering S2C receiver with id ftbquests:create_object_response
[22:02:07] [modloading-worker-0/INFO]: [com.magistuarmory.item.armor.ArmorType:<init>:64]: antiquelegacy:heddernheim_helmet
[22:02:07] [modloading-worker-0/INFO]: [com.magistuarmory.item.armor.ArmorType:<init>:64]: magistuarmory:bascinet
[22:02:07] [modloading-worker-0/INFO]: [com.magistuarmory.item.armor.ArmorType:<init>:64]: antiquelegacy:illirian_helmet
[22:02:07] [modloading-worker-0/INFO]: [com.magistuarmory.item.armor.ArmorType:<init>:64]: minecraft:default
[22:02:07] [modloading-worker-0/INFO]: [com.magistuarmory.item.armor.ArmorType:<init>:64]: antiquelegacy:ridge_helmet
[22:02:07] [modloading-worker-0/INFO]: [com.magistuarmory.item.armor.ArmorType:<init>:64]: magistuarmory:wingedhussarchestplate
[22:02:07] [modloading-worker-0/INFO]: [com.magistuarmory.item.armor.ArmorType:<init>:64]: antiquelegacy:intercisa
[22:02:07] [modloading-worker-0/INFO]: Registering C2S receiver with id ftbquests:create_task_at
[22:02:07] [modloading-worker-0/INFO]: [com.magistuarmory.item.armor.ArmorType:<init>:64]: minecraft:default
[22:02:07] [modloading-worker-0/INFO]: [com.magistuarmory.item.armor.ArmorType:<init>:64]: antiquelegacy:melos
[22:02:07] [modloading-worker-0/INFO]: [com.magistuarmory.item.armor.ArmorType:<init>:64]: minecraft:default
[22:02:07] [modloading-worker-0/INFO]: [com.magistuarmory.item.armor.ArmorType:<init>:64]: antiquelegacy:niederbieber_helmet
[22:02:07] [modloading-worker-0/INFO]: [com.magistuarmory.item.armor.ArmorType:<init>:64]: magistuarmory:grand_bascinet
[22:02:07] [modloading-worker-0/INFO]: [com.magistuarmory.item.armor.ArmorType:<init>:64]: antiquelegacy:pilos
[22:02:07] [modloading-worker-0/INFO]: Registering C2S receiver with id ftbquests:delete_object
[22:02:07] [modloading-worker-0/INFO]: [com.magistuarmory.item.armor.ArmorType:<init>:64]: minecraft:default
[22:02:07] [modloading-worker-0/INFO]: [com.magistuarmory.item.armor.ArmorType:<init>:64]: antiquelegacy:squamata
[22:02:07] [modloading-worker-0/INFO]: [com.magistuarmory.item.armor.ArmorType:<init>:64]: antiquelegacy:hamata
[22:02:07] [modloading-worker-0/INFO]: [com.magistuarmory.item.armor.ArmorType:<init>:64]: antiquelegacy:murmillo_helmet
[22:02:07] [modloading-worker-0/INFO]: Registering S2C receiver with id ftbquests:delete_object_response
[22:02:07] [modloading-worker-0/INFO]: [com.magistuarmory.item.armor.ArmorType:<init>:64]: antiquelegacy:musculata
[22:02:07] [modloading-worker-0/INFO]: [com.magistuarmory.item.armor.ArmorType:<init>:64]: antiquelegacy:officer_squamata
[22:02:07] [modloading-worker-0/INFO]: [com.magistuarmory.item.armor.ArmorType:<init>:64]: antiquelegacy:open_attic_helmet
[22:02:07] [modloading-worker-0/INFO]: Found plugin source vintage_kubejs
[22:02:07] [modloading-worker-0/INFO]: Registering C2S receiver with id ftbquests:edit_object
[22:02:07] [modloading-worker-0/INFO]: [com.magistuarmory.item.armor.ArmorType:<init>:64]: antiquelegacy:provocator_helmet
[22:02:07] [modloading-worker-0/INFO]: [com.magistuarmory.item.armor.ArmorType:<init>:64]: antiquelegacy:secutor_helmet
[22:02:07] [modloading-worker-0/INFO]: [com.magistuarmory.item.armor.ArmorType:<init>:64]: antiquelegacy:segmentata
[22:02:07] [modloading-worker-0/INFO]: Registering S2C receiver with id ftbquests:edit_object_response
[22:02:07] [modloading-worker-0/INFO]: [com.magistuarmory.item.armor.ArmorType:<init>:64]: antiquelegacy:underarmor
[22:02:07] [modloading-worker-0/INFO]: [com.magistuarmory.item.armor.ArmorType:<init>:64]: antiquelegacy:thracian_helmet
[22:02:07] [modloading-worker-0/INFO]: [com.magistuarmory.item.armor.ArmorType:<init>:64]: antiquelegacy:muscle_cuirass
[22:02:07] [modloading-worker-0/INFO]: Registering C2S receiver with id ftbquests:move_chapter
[22:02:07] [modloading-worker-0/INFO]: [com.magistuarmory.item.armor.ArmorType:<init>:64]: antiquelegacy:phrygian_helmet
[22:02:07] [modloading-worker-0/INFO]: [com.magistuarmory.item.armor.ArmorType:<init>:64]: antiquelegacy:corinthian_helmet
[22:02:07] [modloading-worker-0/INFO]: [com.magistuarmory.item.armor.ArmorType:<init>:64]: minecraft:default
[22:02:07] [modloading-worker-0/INFO]: Registering S2C receiver with id ftbquests:move_chapter_response
[22:02:07] [modloading-worker-0/INFO]: [com.magistuarmory.item.armor.ArmorType:<init>:64]: antiquelegacy:left_gladiator_shoulder_pad
[22:02:07] [modloading-worker-0/INFO]: [com.magistuarmory.item.armor.ArmorType:<init>:64]: antiquelegacy:right_gladiator_shoulder_pad
[22:02:07] [modloading-worker-0/INFO]: [com.magistuarmory.item.armor.ArmorType:<init>:64]: antiquelegacy:iron_left_hand_manika
[22:02:07] [modloading-worker-0/INFO]: [com.magistuarmory.item.armor.ArmorType:<init>:64]: antiquelegacy:bronze_left_hand_manika
[22:02:07] [modloading-worker-0/INFO]: [com.magistuarmory.item.armor.ArmorType:<init>:64]: antiquelegacy:fabric_left_hand_manika
[22:02:07] [modloading-worker-0/INFO]: [com.magistuarmory.item.armor.ArmorType:<init>:64]: antiquelegacy:iron_right_hand_manika
[22:02:07] [modloading-worker-0/INFO]: [com.magistuarmory.item.armor.ArmorType:<init>:64]: antiquelegacy:bronze_right_hand_manika
[22:02:07] [modloading-worker-0/INFO]: [com.magistuarmory.item.armor.ArmorType:<init>:64]: antiquelegacy:fabric_right_hand_manika
[22:02:07] [modloading-worker-0/INFO]: [com.magistuarmory.item.armor.ArmorType:<init>:64]: antiquelegacy:thorax
[22:02:07] [modloading-worker-0/INFO]: Registering C2S receiver with id ftbquests:move_quest
[22:02:07] [modloading-worker-0/INFO]: [com.magistuarmory.item.armor.ArmorType:<init>:64]: antiquelegacy:thorax
[22:02:07] [modloading-worker-0/INFO]: [com.magistuarmory.item.armor.ArmorType:<init>:64]: antiquelegacy:thorax
[22:02:07] [modloading-worker-0/INFO]: [com.magistuarmory.item.armor.ArmorType:<init>:64]: antiquelegacy:thorax
[22:02:07] [modloading-worker-0/INFO]: [com.magistuarmory.item.armor.ArmorType:<init>:64]: antiquelegacy:sandals
[22:02:07] [modloading-worker-0/INFO]: [com.magistuarmory.item.armor.ArmorType:<init>:64]: antiquelegacy:underarmor
[22:02:07] [modloading-worker-0/INFO]: [com.magistuarmory.item.armor.ArmorType:<init>:64]: antiquelegacy:laurel_wreath
[22:02:07] [modloading-worker-0/INFO]: [com.magistuarmory.item.armor.ArmorType:<init>:64]: antiquelegacy:laurel_wreath
[22:02:07] [modloading-worker-0/INFO]: [com.magistuarmory.item.armor.ArmorType:<init>:64]: antiquelegacy:kuban_helmet
[22:02:07] [modloading-worker-0/INFO]: [com.magistuarmory.item.armor.ArmorType:<init>:64]: antiquelegacy:thorax
[22:02:07] [modloading-worker-0/INFO]: [com.magistuarmory.item.armor.ArmorType:<init>:64]: antiquelegacy:attic_helmet
[22:02:07] [modloading-worker-0/INFO]: [com.magistuarmory.item.armor.ArmorType:<init>:64]: antiquelegacy:scythian_scale_helmet
[22:02:07] [modloading-worker-0/INFO]: [com.magistuarmory.item.armor.ArmorType:<init>:64]: antiquelegacy:scythian_scale_helmet
[22:02:07] [modloading-worker-0/INFO]: [com.magistuarmory.item.armor.ArmorType:<init>:64]: antiquelegacy:phrygian_cap
[22:02:07] [modloading-worker-0/INFO]: [com.magistuarmory.item.armor.ArmorType:<init>:64]: antiquelegacy:phrygian_cap
[22:02:07] [modloading-worker-0/INFO]: [com.magistuarmory.item.armor.ArmorType:<init>:64]: antiquelegacy:greek_greaves
[22:02:07] [modloading-worker-0/INFO]: [com.magistuarmory.item.armor.ArmorType:<init>:64]: antiquelegacy:greek_greaves
[22:02:07] [modloading-worker-0/INFO]: [com.magistuarmory.item.armor.ArmorType:<init>:64]: antiquelegacy:agen_port_helmet
[22:02:07] [modloading-worker-0/INFO]: [com.magistuarmory.item.armor.ArmorType:<init>:64]: antiquelegacy:montefortino_helmet
[22:02:07] [modloading-worker-0/INFO]: [com.magistuarmory.item.armor.ArmorType:<init>:64]: antiquelegacy:la_gorge_meillet
[22:02:07] [modloading-worker-0/INFO]: [com.magistuarmory.item.armor.ArmorType:<init>:64]: antiquelegacy:agen_port_helmet
[22:02:07] [modloading-worker-0/INFO]: [com.magistuarmory.item.armor.ArmorType:<init>:64]: antiquelegacy:waterloo_helmet
[22:02:07] [modloading-worker-0/INFO]: [com.magistuarmory.item.armor.ArmorType:<init>:64]: antiquelegacy:tunic
[22:02:07] [modloading-worker-0/INFO]: [com.magistuarmory.item.armor.ArmorType:<init>:64]: minecraft:default
[22:02:07] [modloading-worker-0/INFO]: [com.magistuarmory.item.armor.ArmorType:<init>:64]: minecraft:default
[22:02:07] [modloading-worker-0/INFO]: [com.magistuarmory.item.armor.ArmorType:<init>:64]: minecraft:default
[22:02:07] [modloading-worker-0/INFO]: [com.magistuarmory.item.armor.ArmorType:<init>:64]: minecraft:default
[22:02:07] [modloading-worker-0/INFO]: [com.magistuarmory.item.armor.ArmorType:<init>:64]: minecraft:default
[22:02:07] [modloading-worker-0/INFO]: [com.magistuarmory.item.armor.ArmorType:<init>:64]: antiquelegacy:fur_cloak
[22:02:07] [modloading-worker-0/INFO]: Registering S2C receiver with id ftbquests:move_quest_response
[22:02:07] [modloading-worker-0/INFO]: Registering C2S receiver with id ftbquests:change_chapter_group
[22:02:07] [modloading-worker-0/INFO]: Registering S2C receiver with id ftbquests:change_chapter_group_response
[22:02:07] [modloading-worker-0/INFO]: Registering C2S receiver with id ftbquests:move_chapter_group
[22:02:07] [modloading-worker-0/INFO]: [com.magistuarmory.item.ModItemTier:handler$ghk000$onInit:533]: ModItemTier constructor with parameters called. Original uses: 1200
[22:02:07] [modloading-worker-0/INFO]: [com.magistuarmory.item.ModItemTier:handler$ghk000$onInit:552]: Modified uses: 1200
[22:02:07] [modloading-worker-0/INFO]: [com.magistuarmory.item.ModItemTier:handler$ghk000$onInit:554]: Modified uses: 1200
[22:02:07] [modloading-worker-0/INFO]: Registering S2C receiver with id ftbquests:move_chapter_group_response
[22:02:07] [modloading-worker-0/INFO]: [com.magistuarmory.item.ModItemTier:handler$ghk000$onInit:533]: ModItemTier constructor with parameters called. Original uses: 1460
[22:02:07] [modloading-worker-0/INFO]: [com.magistuarmory.item.ModItemTier:handler$ghk000$onInit:552]: Modified uses: 1460
[22:02:07] [modloading-worker-0/INFO]: [com.magistuarmory.item.ModItemTier:handler$ghk000$onInit:554]: Modified uses: 1460
[22:02:07] [modloading-worker-0/INFO]: [com.magistuarmory.item.ModItemTier:handler$ghk000$onInit:533]: ModItemTier constructor with parameters called. Original uses: 4200
[22:02:07] [modloading-worker-0/INFO]: GregTechCEu is initializing...
[22:02:07] [modloading-worker-0/INFO]: Registering S2C receiver with id ftbquests:sync_reward_blocking
[22:02:07] [modloading-worker-0/INFO]: [com.magistuarmory.item.ModItemTier:handler$ghk000$onInit:552]: Modified uses: 4200
[22:02:07] [modloading-worker-0/INFO]: [com.magistuarmory.item.ModItemTier:handler$ghk000$onInit:554]: Modified uses: 4200
[22:02:07] [modloading-worker-0/INFO]: [com.magistuarmory.item.ModItemTier:handler$ghk000$onInit:533]: ModItemTier constructor with parameters called. Original uses: 6500
[22:02:07] [modloading-worker-0/INFO]: [com.magistuarmory.item.ModItemTier:handler$ghk000$onInit:552]: Modified uses: 6500
[22:02:07] [modloading-worker-0/INFO]: [com.magistuarmory.item.ModItemTier:handler$ghk000$onInit:554]: Modified uses: 6500
[22:02:07] [modloading-worker-0/INFO]: [com.magistuarmory.item.ModItemTier:handler$ghk000$onInit:533]: ModItemTier constructor with parameters called. Original uses: 6500
[22:02:07] [modloading-worker-0/INFO]: [com.magistuarmory.item.ModItemTier:handler$ghk000$onInit:552]: Modified uses: 6500
[22:02:07] [modloading-worker-0/INFO]: [com.magistuarmory.item.ModItemTier:handler$ghk000$onInit:554]: Modified uses: 6500
[22:02:07] [modloading-worker-0/INFO]: Registering C2S receiver with id ftbquests:copy_quest
[22:02:07] [modloading-worker-0/INFO]: Registering C2S receiver with id ftbquests:copy_chapter_image
[22:02:07] [modloading-worker-0/INFO]: Registering C2S receiver with id ftbquests:sync_structures_request
[22:02:07] [modloading-worker-0/INFO]: Registering S2C receiver with id ftbquests:sync_structures_response
[22:02:07] [modloading-worker-0/INFO]: Registering C2S receiver with id ftbquests:request_team_data
[22:02:07] [modloading-worker-0/INFO]: Found plugin source greate
[22:02:07] [modloading-worker-0/INFO]: Registering S2C receiver with id ftbquests:sync_editor_permission
[22:02:07] [modloading-worker-0/INFO]: Using default implementation for ThreadExecutor
[22:02:07] [modloading-worker-0/INFO]: Found plugin source lootjs
[22:02:07] [modloading-worker-0/INFO]: Registering S2C receiver with id ftbquests:open_quest_book
[22:02:07] [modloading-worker-0/INFO]: Registering S2C receiver with id ftbquests:clear_display_cache
[22:02:07] [modloading-worker-0/INFO]: Found plugin source cucumber
[22:02:07] [modloading-worker-0/INFO]: Found plugin source tacz
[22:02:07] [modloading-worker-0/INFO]: Found plugin source diggerhelmet
[22:02:07] [modloading-worker-0/INFO]: Registering S2C receiver with id ftbquests:reorder_item_response
[22:02:07] [modloading-worker-0/INFO]: Method Lcom/gregtechceu/gtceu/api/recipe/ingredient/SizedIngredient;m_43908_()[Lnet/minecraft/world/item/ItemStack; at mixin dev.uncandango.alltheleaks.mixin.core.main.SizedIngredientMixin cancelled due to not matching hash: Actual -1646167567, Expected: [-2032821999]
[22:02:07] [modloading-worker-0/INFO]: Mixin annotation @Lcom/llamalad7/mixinextras/injector/ModifyExpressionValue;(at={@Lorg/spongepowered/asm/mixin/injection/At;(args={}, value="INVOKE", target="Lnet/minecraft/world/item/crafting/Ingredient;m_43908_()[Lnet/minecraft/world/item/ItemStack;")}, method={}, slice={}) at mixin dev.uncandango.alltheleaks.mixin.core.main.SizedIngredientMixin removed due to no methods available
[22:02:07] [modloading-worker-0/WARN]: Modified mixin "dev.uncandango.alltheleaks.mixin.core.main.SizedIngredientMixin". Check debug logs for more information.
[22:02:07] [modloading-worker-0/INFO]: Found plugin source gtceu
[22:02:07] [modloading-worker-0/ERROR]: MTSERROR: Could not do model-based legacy compats on mtsofficialpack:engineamci4.  Lights and treads will likely not be present on this model.
[22:02:07] [modloading-worker-0/ERROR]: MTSERROR: For input string: "roller2"
[22:02:07] [modloading-worker-0/INFO]: Registering S2C receiver with id ftbquests:clear_repeat_cooldown
[22:02:07] [modloading-worker-0/INFO]: [com.magistuarmory.item.armor.ArmorType:<init>:64]: knightsofterrafirma:black_steel_armor
[22:02:07] [modloading-worker-0/INFO]: [com.magistuarmory.item.armor.ArmorType:<init>:64]: minecraft:default
[22:02:07] [modloading-worker-0/INFO]: [com.magistuarmory.item.armor.ArmorType:<init>:64]: knightsofterrafirma:armet
[22:02:07] [modloading-worker-0/INFO]: [com.magistuarmory.item.armor.ArmorType:<init>:64]: minecraft:default
[22:02:07] [modloading-worker-0/INFO]: [com.magistuarmory.item.armor.ArmorType:<init>:64]: minecraft:default
[22:02:07] [modloading-worker-0/INFO]: [com.magistuarmory.item.armor.ArmorType:<init>:64]: knightsofterrafirma:black_steel_armor
[22:02:07] [modloading-worker-0/INFO]: [com.magistuarmory.item.armor.ArmorType:<init>:64]: minecraft:default
[22:02:07] [modloading-worker-0/INFO]: [com.magistuarmory.item.armor.ArmorType:<init>:64]: knightsofterrafirma:sallet
[22:02:07] [modloading-worker-0/INFO]: [com.magistuarmory.item.armor.ArmorType:<init>:64]: knightsofterrafirma:black_steel_armor
[22:02:07] [modloading-worker-0/INFO]: [com.magistuarmory.item.armor.ArmorType:<init>:64]: minecraft:default
[22:02:07] [modloading-worker-0/INFO]: [com.magistuarmory.item.armor.ArmorType:<init>:64]: knightsofterrafirma:maximilian_helmet
[22:02:07] [modloading-worker-0/INFO]: [com.magistuarmory.item.armor.ArmorType:<init>:64]: knightsofterrafirma:black_steel_armor
[22:02:07] [modloading-worker-0/INFO]: [com.magistuarmory.item.armor.ArmorType:<init>:64]: minecraft:default
[22:02:07] [modloading-worker-0/INFO]: [com.magistuarmory.item.armor.ArmorType:<init>:64]: knightsofterrafirma:stechhelm
[22:02:07] [modloading-worker-0/INFO]: [com.magistuarmory.item.armor.ArmorType:<init>:64]: knightsofterrafirma:black_steel_armor
[22:02:07] [modloading-worker-0/INFO]: [com.magistuarmory.item.armor.ArmorType:<init>:64]: minecraft:default
[22:02:07] [modloading-worker-0/INFO]: [com.magistuarmory.item.armor.ArmorType:<init>:64]: knightsofterrafirma:grand_bascinet
[22:02:07] [modloading-worker-0/INFO]: [com.magistuarmory.item.armor.ArmorType:<init>:64]: knightsofterrafirma:black_steel_armor
[22:02:07] [modloading-worker-0/INFO]: [com.magistuarmory.item.armor.ArmorType:<init>:64]: minecraft:default
[22:02:07] [modloading-worker-0/INFO]: [com.magistuarmory.item.armor.ArmorType:<init>:64]: knightsofterrafirma:kettlehat
[22:02:07] [modloading-worker-0/INFO]: [com.magistuarmory.item.armor.ArmorType:<init>:64]: knightsofterrafirma:black_steel_armor
[22:02:07] [modloading-worker-0/INFO]: [com.magistuarmory.item.armor.ArmorType:<init>:64]: minecraft:default
[22:02:07] [modloading-worker-0/INFO]: Initialized Scheduler Signaller of type: class net.creeperhost.ftbbackups.repack.org.quartz.core.SchedulerSignalerImpl
[22:02:07] [modloading-worker-0/INFO]: [com.magistuarmory.item.armor.ArmorType:<init>:64]: knightsofterrafirma:armet
[22:02:07] [modloading-worker-0/INFO]: Quartz Scheduler v.2.0.2 created.
[22:02:07] [modloading-worker-0/INFO]: [com.magistuarmory.item.armor.ArmorType:<init>:64]: knightsofterrafirma:black_steel_armor
[22:02:07] [modloading-worker-0/INFO]: [com.magistuarmory.item.armor.ArmorType:<init>:64]: minecraft:default
[22:02:07] [modloading-worker-0/INFO]: [com.magistuarmory.item.armor.ArmorType:<init>:64]: knightsofterrafirma:armet
[22:02:07] [modloading-worker-0/INFO]: [com.magistuarmory.item.armor.ArmorType:<init>:64]: knightsofterrafirma:black_steel_armor
[22:02:07] [modloading-worker-0/INFO]: [com.magistuarmory.item.armor.ArmorType:<init>:64]: minecraft:default
[22:02:07] [modloading-worker-0/INFO]: [com.magistuarmory.item.armor.ArmorType:<init>:64]: knightsofterrafirma:armet
[22:02:07] [modloading-worker-0/INFO]: Found plugin source gtceuterminal
[22:02:07] [modloading-worker-0/INFO]: [com.magistuarmory.item.armor.ArmorType:<init>:64]: knightsofterrafirma:black_steel_armor
[22:02:07] [modloading-worker-0/INFO]: Found plugin source kubejs_tfc
[22:02:07] [modloading-worker-0/INFO]: [com.magistuarmory.item.armor.ArmorType:<init>:64]: minecraft:default
[22:02:07] [modloading-worker-0/INFO]: [com.magistuarmory.item.armor.ArmorType:<init>:64]: knightsofterrafirma:armet
[22:02:07] [modloading-worker-0/INFO]: [com.magistuarmory.item.armor.ArmorType:<init>:64]: knightsofterrafirma:black_steel_armor
[22:02:07] [modloading-worker-0/INFO]: [com.magistuarmory.item.armor.ArmorType:<init>:64]: minecraft:default
[22:02:07] [modloading-worker-0/INFO]: RAMJobStore initialized.
[22:02:07] [modloading-worker-0/INFO]: [com.magistuarmory.item.armor.ArmorType:<init>:64]: knightsofterrafirma:armet
[22:02:07] [modloading-worker-0/INFO]: [com.magistuarmory.item.armor.ArmorType:<init>:64]: knightsofterrafirma:black_steel_armor
[22:02:07] [modloading-worker-0/INFO]: [com.magistuarmory.item.armor.ArmorType:<init>:64]: minecraft:default
[22:02:07] [modloading-worker-0/INFO]: [com.magistuarmory.item.armor.ArmorType:<init>:64]: knightsofterrafirma:armet
[22:02:07] [modloading-worker-0/INFO]: [com.magistuarmory.item.armor.ArmorType:<init>:64]: knightsofterrafirma:armet
[22:02:07] [modloading-worker-0/WARN]: Plugin com.notenoughmail.kubejs_tfc.addons.precpros.PrecProsPlugin does not have required mod precisionprospecting loaded, skipping
[22:02:07] [modloading-worker-0/INFO]: Scheduler meta-data: Quartz Scheduler (v2.0.2) 'ftbbackups2' with instanceId 'NON_CLUSTERED'
  Scheduler class: 'net.creeperhost.ftbbackups.repack.org.quartz.core.QuartzScheduler' - running locally.
  NOT STARTED.
  Currently in standby mode.
  Number of jobs executed: 0
  Using thread pool 'net.creeperhost.ftbbackups.repack.org.quartz.simpl.SimpleThreadPool' - with 1 threads.
  Using job-store 'net.creeperhost.ftbbackups.repack.org.quartz.simpl.RAMJobStore' - which does not support persistence. and is not clustered.

[22:02:07] [modloading-worker-0/INFO]: Quartz scheduler 'ftbbackups2' initialized from an externally provided properties instance.
[22:02:07] [modloading-worker-0/INFO]: Quartz scheduler version: 2.0.2
[22:02:07] [modloading-worker-0/INFO]: [com.magistuarmory.item.armor.ArmorType:<init>:64]: minecraft:default
[22:02:07] [modloading-worker-0/INFO]: [com.magistuarmory.item.armor.ArmorType:<init>:64]: knightsofterrafirma:armet
[22:02:07] [modloading-worker-0/INFO]: [com.magistuarmory.item.armor.ArmorType:<init>:64]: minecraft:default
[22:02:07] [modloading-worker-0/INFO]: [com.magistuarmory.item.armor.ArmorType:<init>:64]: knightsofterrafirma:armet
[22:02:07] [modloading-worker-0/WARN]: Plugin com.notenoughmail.kubejs_tfc.addons.entityjs.EntityJSTFCPlugin does not have required mod entityjs loaded, skipping
[22:02:07] [modloading-worker-0/WARN]: Plugin com.notenoughmail.kubejs_tfc.addons.artisanal.ArtisanalPlugin does not have required mod artisanal loaded, skipping
[22:02:07] [modloading-worker-0/INFO]: [com.magistuarmory.item.armor.ArmorType:<init>:64]: minecraft:default
[22:02:07] [modloading-worker-0/INFO]: [com.magistuarmory.item.armor.ArmorType:<init>:64]: knightsofterrafirma:armet
[22:02:07] [modloading-worker-0/INFO]: Done in 1.649 s
[22:02:07] [modloading-worker-0/INFO]: [com.magistuarmory.item.armor.ArmorType:<init>:64]: minecraft:default
[22:02:07] [modloading-worker-0/INFO]: [com.magistuarmory.item.armor.ArmorType:<init>:64]: knightsofterrafirma:armet
[22:02:07] [modloading-worker-0/INFO]: [com.magistuarmory.item.armor.ArmorType:<init>:64]: minecraft:default
[22:02:07] [modloading-worker-0/INFO]: [com.magistuarmory.item.armor.ArmorType:<init>:64]: knightsofterrafirma:blue_steel_armor
[22:02:07] [modloading-worker-0/INFO]: [com.magistuarmory.item.armor.ArmorType:<init>:64]: minecraft:default
[22:02:07] [modloading-worker-0/INFO]: [com.magistuarmory.item.armor.ArmorType:<init>:64]: knightsofterrafirma:armet
[22:02:07] [modloading-worker-0/INFO]: [com.magistuarmory.item.armor.ArmorType:<init>:64]: knightsofterrafirma:blue_steel_armor
[22:02:07] [modloading-worker-0/INFO]: [com.magistuarmory.item.armor.ArmorType:<init>:64]: minecraft:default
[22:02:07] [modloading-worker-0/INFO]: [com.magistuarmory.item.armor.ArmorType:<init>:64]: knightsofterrafirma:armet
[22:02:07] [modloading-worker-0/INFO]: [com.magistuarmory.item.armor.ArmorType:<init>:64]: knightsofterrafirma:blue_steel_armor
[22:02:07] [modloading-worker-0/INFO]: [com.magistuarmory.item.armor.ArmorType:<init>:64]: minecraft:default
[22:02:07] [modloading-worker-0/INFO]: [com.magistuarmory.item.armor.ArmorType:<init>:64]: knightsofterrafirma:armet
[22:02:07] [modloading-worker-0/INFO]: [com.magistuarmory.item.armor.ArmorType:<init>:64]: knightsofterrafirma:blue_steel_armor
[22:02:07] [modloading-worker-0/INFO]: [com.magistuarmory.item.armor.ArmorType:<init>:64]: minecraft:default
[22:02:07] [modloading-worker-0/INFO]: [com.magistuarmory.item.armor.ArmorType:<init>:64]: knightsofterrafirma:armet
[22:02:07] [modloading-worker-0/INFO]: [com.magistuarmory.item.armor.ArmorType:<init>:64]: knightsofterrafirma:blue_steel_armor
[22:02:07] [modloading-worker-0/INFO]: [com.magistuarmory.item.armor.ArmorType:<init>:64]: minecraft:default
[22:02:07] [modloading-worker-0/INFO]: [com.magistuarmory.item.armor.ArmorType:<init>:64]: knightsofterrafirma:armet
[22:02:07] [modloading-worker-0/INFO]: [com.magistuarmory.item.armor.ArmorType:<init>:64]: knightsofterrafirma:blue_steel_armor
[22:02:07] [modloading-worker-0/INFO]: [com.magistuarmory.item.armor.ArmorType:<init>:64]: minecraft:default
[22:02:07] [modloading-worker-0/INFO]: Scheduler ftbbackups2_$_NON_CLUSTERED started.
[22:02:07] [modloading-worker-0/INFO]: [com.magistuarmory.item.armor.ArmorType:<init>:64]: knightsofterrafirma:armet
[22:02:07] [modloading-worker-0/INFO]: [com.magistuarmory.item.armor.ArmorType:<init>:64]: knightsofterrafirma:blue_steel_armor
[22:02:07] [modloading-worker-0/INFO]: [com.magistuarmory.item.armor.ArmorType:<init>:64]: minecraft:default
[22:02:07] [modloading-worker-0/INFO]: [com.magistuarmory.item.armor.ArmorType:<init>:64]: knightsofterrafirma:armet
[22:02:07] [modloading-worker-0/INFO]: Registered gtmutils config for auto-sync function
[22:02:07] [modloading-worker-0/INFO]: [com.magistuarmory.item.armor.ArmorType:<init>:64]: knightsofterrafirma:blue_steel_armor
[22:02:07] [modloading-worker-0/INFO]: [com.magistuarmory.item.armor.ArmorType:<init>:64]: minecraft:default
[22:02:07] [modloading-worker-0/INFO]: [com.magistuarmory.item.armor.ArmorType:<init>:64]: knightsofterrafirma:sallet
[22:02:07] [modloading-worker-0/INFO]: [com.magistuarmory.item.armor.ArmorType:<init>:64]: knightsofterrafirma:blue_steel_armor
[22:02:07] [modloading-worker-0/INFO]: [com.magistuarmory.item.armor.ArmorType:<init>:64]: minecraft:default
[22:02:07] [modloading-worker-0/INFO]: [com.magistuarmory.item.armor.ArmorType:<init>:64]: knightsofterrafirma:stechhelm
[22:02:07] [modloading-worker-0/INFO]: [com.magistuarmory.item.armor.ArmorType:<init>:64]: knightsofterrafirma:blue_steel_armor
[22:02:07] [modloading-worker-0/INFO]: [com.magistuarmory.item.armor.ArmorType:<init>:64]: minecraft:default
[22:02:07] [modloading-worker-0/INFO]: [com.magistuarmory.item.armor.ArmorType:<init>:64]: knightsofterrafirma:grand_bascinet
[22:02:07] [modloading-worker-0/INFO]: [com.magistuarmory.item.armor.ArmorType:<init>:64]: knightsofterrafirma:blue_steel_armor
[22:02:07] [modloading-worker-0/INFO]: [com.magistuarmory.item.armor.ArmorType:<init>:64]: minecraft:default
[22:02:07] [modloading-worker-0/INFO]: [com.magistuarmory.item.armor.ArmorType:<init>:64]: knightsofterrafirma:maximilian_helmet
[22:02:07] [modloading-worker-0/INFO]: [com.magistuarmory.item.armor.ArmorType:<init>:64]: minecraft:default
[22:02:07] [modloading-worker-0/INFO]: [com.magistuarmory.item.armor.ArmorType:<init>:64]: minecraft:default
[22:02:07] [modloading-worker-0/INFO]: [com.magistuarmory.item.armor.ArmorType:<init>:64]: knightsofterrafirma:red_steel_armor
[22:02:07] [modloading-worker-0/INFO]: [com.magistuarmory.item.armor.ArmorType:<init>:64]: minecraft:default
[22:02:07] [modloading-worker-0/INFO]: [com.magistuarmory.item.armor.ArmorType:<init>:64]: knightsofterrafirma:armet
[22:02:07] [modloading-worker-0/INFO]: [com.magistuarmory.item.armor.ArmorType:<init>:64]: knightsofterrafirma:red_steel_armor
[22:02:07] [modloading-worker-0/INFO]: [com.magistuarmory.item.armor.ArmorType:<init>:64]: minecraft:default
[22:02:07] [modloading-worker-0/INFO]: [com.magistuarmory.item.armor.ArmorType:<init>:64]: knightsofterrafirma:armet
[22:02:07] [modloading-worker-0/INFO]: [com.magistuarmory.item.armor.ArmorType:<init>:64]: knightsofterrafirma:red_steel_armor
[22:02:07] [modloading-worker-0/INFO]: [com.magistuarmory.item.armor.ArmorType:<init>:64]: minecraft:default
[22:02:07] [modloading-worker-0/INFO]: [com.magistuarmory.item.armor.ArmorType:<init>:64]: knightsofterrafirma:armet
[22:02:07] [modloading-worker-0/INFO]: [com.magistuarmory.item.armor.ArmorType:<init>:64]: knightsofterrafirma:red_steel_armor
[22:02:07] [modloading-worker-0/INFO]: [com.magistuarmory.item.armor.ArmorType:<init>:64]: minecraft:default
[22:02:07] [modloading-worker-0/INFO]: [com.magistuarmory.item.armor.ArmorType:<init>:64]: knightsofterrafirma:armet
[22:02:07] [modloading-worker-0/INFO]: [com.magistuarmory.item.armor.ArmorType:<init>:64]: knightsofterrafirma:red_steel_armor
[22:02:07] [modloading-worker-0/INFO]: [com.magistuarmory.item.armor.ArmorType:<init>:64]: minecraft:default
[22:02:07] [modloading-worker-0/INFO]: [com.magistuarmory.item.armor.ArmorType:<init>:64]: knightsofterrafirma:armet
[22:02:07] [modloading-worker-0/INFO]: [com.magistuarmory.item.armor.ArmorType:<init>:64]: knightsofterrafirma:red_steel_armor
[22:02:07] [modloading-worker-0/INFO]: [com.magistuarmory.item.armor.ArmorType:<init>:64]: minecraft:default
[22:02:07] [modloading-worker-0/INFO]: [com.magistuarmory.item.armor.ArmorType:<init>:64]: knightsofterrafirma:armet
[22:02:07] [modloading-worker-0/INFO]: [com.magistuarmory.item.armor.ArmorType:<init>:64]: knightsofterrafirma:red_steel_armor
[22:02:07] [modloading-worker-0/INFO]: [com.magistuarmory.item.armor.ArmorType:<init>:64]: minecraft:default
[22:02:07] [modloading-worker-0/INFO]: [com.magistuarmory.item.armor.ArmorType:<init>:64]: knightsofterrafirma:armet
[22:02:07] [modloading-worker-0/INFO]: [com.magistuarmory.item.armor.ArmorType:<init>:64]: knightsofterrafirma:red_steel_armor
[22:02:07] [modloading-worker-0/INFO]: [com.magistuarmory.item.armor.ArmorType:<init>:64]: minecraft:default
[22:02:07] [modloading-worker-0/INFO]: [com.magistuarmory.item.armor.ArmorType:<init>:64]: knightsofterrafirma:sallet
[22:02:07] [modloading-worker-0/INFO]: [com.magistuarmory.item.armor.ArmorType:<init>:64]: knightsofterrafirma:red_steel_armor
[22:02:07] [modloading-worker-0/INFO]: [com.magistuarmory.item.armor.ArmorType:<init>:64]: minecraft:default
[22:02:07] [modloading-worker-0/INFO]: [com.magistuarmory.item.armor.ArmorType:<init>:64]: knightsofterrafirma:stechhelm
[22:02:07] [modloading-worker-0/INFO]: [com.magistuarmory.item.armor.ArmorType:<init>:64]: knightsofterrafirma:red_steel_armor
[22:02:07] [modloading-worker-0/INFO]: [com.magistuarmory.item.armor.ArmorType:<init>:64]: minecraft:default
[22:02:07] [modloading-worker-0/INFO]: [com.magistuarmory.item.armor.ArmorType:<init>:64]: knightsofterrafirma:grand_bascinet
[22:02:07] [modloading-worker-0/INFO]: [com.magistuarmory.item.armor.ArmorType:<init>:64]: knightsofterrafirma:red_steel_armor
[22:02:07] [modloading-worker-0/INFO]: [com.magistuarmory.item.armor.ArmorType:<init>:64]: minecraft:default
[22:02:07] [modloading-worker-0/INFO]: [com.magistuarmory.item.armor.ArmorType:<init>:64]: knightsofterrafirma:maximilian_helmet
[22:02:07] [modloading-worker-0/INFO]: [com.magistuarmory.item.armor.ArmorType:<init>:64]: minecraft:default
[22:02:07] [modloading-worker-0/INFO]: [com.magistuarmory.item.armor.ArmorType:<init>:64]: minecraft:default
[22:02:07] [modloading-worker-0/INFO]: [com.magistuarmory.item.armor.ArmorType:<init>:64]: knightsofterrafirma:crown
[22:02:07] [modloading-worker-0/INFO]: [com.magistuarmory.item.armor.ArmorType:<init>:64]: knightsofterrafirma:crown
[22:02:07] [modloading-worker-0/INFO]: [com.magistuarmory.item.armor.ArmorType:<init>:64]: knightsofterrafirma:crown
[22:02:07] [modloading-worker-0/INFO]: [com.magistuarmory.item.armor.ArmorType:<init>:64]: knightsofterrafirma:crown
[22:02:07] [modloading-worker-0/INFO]: [com.magistuarmory.item.armor.ArmorType:<init>:64]: knightsofterrafirma:crown
[22:02:07] [modloading-worker-0/INFO]: [com.magistuarmory.item.armor.ArmorType:<init>:64]: knightsofterrafirma:crown
[22:02:07] [modloading-worker-0/INFO]: [com.magistuarmory.item.armor.ArmorType:<init>:64]: knightsofterrafirma:crown
[22:02:07] [modloading-worker-0/INFO]: [com.magistuarmory.item.armor.ArmorType:<init>:64]: knightsofterrafirma:crown
[22:02:07] [modloading-worker-0/INFO]: [com.magistuarmory.item.armor.ArmorType:<init>:64]: knightsofterrafirma:crown
[22:02:07] [modloading-worker-0/INFO]: [com.magistuarmory.item.armor.ArmorType:<init>:64]: knightsofterrafirma:crown
[22:02:07] [modloading-worker-0/INFO]: [com.magistuarmory.item.armor.ArmorType:<init>:64]: knightsofterrafirma:crown
[22:02:07] [modloading-worker-0/INFO]: [com.magistuarmory.item.armor.ArmorType:<init>:64]: knightsofterrafirma:crown
[22:02:07] [modloading-worker-0/INFO]: [com.magistuarmory.item.armor.ArmorType:<init>:64]: knightsofterrafirma:minicrown
[22:02:07] [modloading-worker-0/INFO]: [com.magistuarmory.item.armor.ArmorType:<init>:64]: knightsofterrafirma:minicrown
[22:02:07] [modloading-worker-0/INFO]: [com.magistuarmory.item.armor.ArmorType:<init>:64]: knightsofterrafirma:minicrown
[22:02:07] [modloading-worker-0/INFO]: [com.magistuarmory.item.armor.ArmorType:<init>:64]: knightsofterrafirma:minicrown
[22:02:08] [modloading-worker-0/INFO]: [com.magistuarmory.item.armor.ArmorType:<init>:64]: knightsofterrafirma:minicrown
[22:02:08] [modloading-worker-0/INFO]: [com.magistuarmory.item.armor.ArmorType:<init>:64]: knightsofterrafirma:minicrown
[22:02:08] [modloading-worker-0/INFO]: [com.magistuarmory.item.armor.ArmorType:<init>:64]: knightsofterrafirma:minicrown
[22:02:08] [modloading-worker-0/INFO]: [com.magistuarmory.item.armor.ArmorType:<init>:64]: knightsofterrafirma:minicrown
[22:02:08] [modloading-worker-0/INFO]: [com.magistuarmory.item.armor.ArmorType:<init>:64]: knightsofterrafirma:minicrown
[22:02:08] [modloading-worker-0/INFO]: [com.magistuarmory.item.armor.ArmorType:<init>:64]: knightsofterrafirma:minicrown
[22:02:08] [modloading-worker-0/INFO]: [com.magistuarmory.item.armor.ArmorType:<init>:64]: knightsofterrafirma:minicrown
[22:02:08] [modloading-worker-0/INFO]: [com.magistuarmory.item.armor.ArmorType:<init>:64]: knightsofterrafirma:minicrown
[22:02:08] [modloading-worker-0/INFO]: Registered gtceu config for auto-sync function
[22:02:08] [modloading-worker-0/INFO]: Registering Applied Ammo Box config...
[22:02:08] [modloading-worker-0/INFO]: Registering Applied Ammo Box items...
[22:02:08] [modloading-worker-0/INFO]: High-Tier is Disabled.
[22:02:08] [modloading-worker-0/INFO]: Registering Applied Ammo Box creative tabs...
[22:02:08] [modloading-worker-0/INFO]: Registering C2S receiver with id betterp2p:networking_channel/d346b53d48c83a41b1ff2d997dc43be2
[22:02:08] [modloading-worker-0/INFO]: Registering S2C receiver with id betterp2p:networking_channel/d346b53d48c83a41b1ff2d997dc43be2
[22:02:08] [modloading-worker-0/INFO]: Registering C2S receiver with id betterp2p:networking_channel/b31253ae71a9335d829ad64862dfa507
[22:02:08] [modloading-worker-0/INFO]: Registering S2C receiver with id betterp2p:networking_channel/b31253ae71a9335d829ad64862dfa507
[22:02:08] [modloading-worker-0/INFO]: [com.magistuarmory.item.armor.ArmorType:<init>:64]: knightsofterrafirma:attic_helmet
[22:02:08] [modloading-worker-0/INFO]: [com.magistuarmory.item.armor.ArmorType:<init>:64]: knightsofterrafirma:bell_cuirass
[22:02:08] [modloading-worker-0/INFO]: Registering C2S receiver with id betterp2p:networking_channel/64144269062b368ea317cfbd48263325
[22:02:08] [modloading-worker-0/INFO]: [com.magistuarmory.item.armor.ArmorType:<init>:64]: knightsofterrafirma:beotian_helmet
[22:02:08] [modloading-worker-0/INFO]: Registering S2C receiver with id betterp2p:networking_channel/64144269062b368ea317cfbd48263325
[22:02:08] [modloading-worker-0/INFO]: [com.magistuarmory.item.armor.ArmorType:<init>:64]: knightsofterrafirma:bronzed_gallea
[22:02:08] [modloading-worker-0/INFO]: [com.magistuarmory.item.armor.ArmorType:<init>:64]: knightsofterrafirma:ridge_helmet
[22:02:08] [modloading-worker-0/INFO]: [com.magistuarmory.item.armor.ArmorType:<init>:64]: knightsofterrafirma:coolus
[22:02:08] [modloading-worker-0/INFO]: [com.magistuarmory.item.armor.ArmorType:<init>:64]: knightsofterrafirma:intercisa
[22:02:08] [modloading-worker-0/INFO]: Registering GTCEu Terminal creative tabs
[22:02:08] [modloading-worker-0/INFO]: [com.magistuarmory.item.armor.ArmorType:<init>:64]: knightsofterrafirma:melos
[22:02:08] [modloading-worker-0/INFO]: [com.magistuarmory.item.armor.ArmorType:<init>:64]: knightsofterrafirma:montefortino_helmet
[22:02:08] [modloading-worker-0/INFO]: [com.magistuarmory.item.armor.ArmorType:<init>:64]: knightsofterrafirma:muscle_cuirass
[22:02:08] [modloading-worker-0/INFO]: Registering C2S receiver with id betterp2p:networking_channel/34ce19bf355335b3bf3d889e48d9f75c
[22:02:08] [modloading-worker-0/INFO]: Registering S2C receiver with id betterp2p:networking_channel/34ce19bf355335b3bf3d889e48d9f75c
[22:02:08] [modloading-worker-0/INFO]: [com.magistuarmory.item.armor.ArmorType:<init>:64]: knightsofterrafirma:niederbieber_helmet
[22:02:08] [modloading-worker-0/INFO]: [com.magistuarmory.item.armor.ArmorType:<init>:64]: knightsofterrafirma:phrygian_helmet
[22:02:08] [modloading-worker-0/INFO]: [com.magistuarmory.item.armor.ArmorType:<init>:64]: knightsofterrafirma:pilos
[22:02:08] [modloading-worker-0/INFO]: [com.magistuarmory.item.armor.ArmorType:<init>:64]: knightsofterrafirma:pilos
[22:02:08] [modloading-worker-0/INFO]: [com.magistuarmory.item.armor.ArmorType:<init>:64]: knightsofterrafirma:squamata
[22:02:08] [modloading-worker-0/INFO]: [com.magistuarmory.item.armor.ArmorType:<init>:64]: knightsofterrafirma:roman_parade_helmet
[22:02:08] [modloading-worker-0/INFO]: [com.magistuarmory.item.armor.ArmorType:<init>:64]: knightsofterrafirma:apulo_corinthian_helmet
[22:02:08] [modloading-worker-0/INFO]: [com.magistuarmory.item.armor.ArmorType:<init>:64]: knightsofterrafirma:attic_helmet
[22:02:08] [modloading-worker-0/INFO]: [com.magistuarmory.item.armor.ArmorType:<init>:64]: knightsofterrafirma:corinthian_helmet
[22:02:08] [modloading-worker-0/INFO]: Registering C2S receiver with id betterp2p:networking_channel/d7bf4829ebdc3db49445530bd1f71a11
[22:02:08] [modloading-worker-0/INFO]: Registering S2C receiver with id betterp2p:networking_channel/d7bf4829ebdc3db49445530bd1f71a11
[22:02:08] [modloading-worker-0/INFO]: [com.magistuarmory.item.armor.ArmorType:<init>:64]: knightsofterrafirma:greek_greaves
[22:02:08] [modloading-worker-0/INFO]: [com.magistuarmory.item.armor.ArmorType:<init>:64]: knightsofterrafirma:hamata
[22:02:08] [modloading-worker-0/INFO]: [com.magistuarmory.item.armor.ArmorType:<init>:64]: knightsofterrafirma:hamata
[22:02:08] [modloading-worker-0/INFO]: [com.magistuarmory.item.armor.ArmorType:<init>:64]: knightsofterrafirma:heddernheim_helmet
[22:02:08] [modloading-worker-0/INFO]: [com.magistuarmory.item.armor.ArmorType:<init>:64]: knightsofterrafirma:illirian_helmet
[22:02:08] [modloading-worker-0/INFO]: [com.magistuarmory.item.armor.ArmorType:<init>:64]: knightsofterrafirma:niederbieber_helmet
[22:02:08] [modloading-worker-0/INFO]: [com.magistuarmory.item.armor.ArmorType:<init>:64]: knightsofterrafirma:murmillo_helmet
[22:02:08] [modloading-worker-0/INFO]: [com.magistuarmory.item.armor.ArmorType:<init>:64]: knightsofterrafirma:musculata
[22:02:08] [modloading-worker-0/INFO]: [com.magistuarmory.item.armor.ArmorType:<init>:64]: knightsofterrafirma:officer_squamata
[22:02:08] [modloading-worker-0/INFO]: Registering C2S receiver with id betterp2p:networking_channel/955677494362347abfb80af326569f0a
[22:02:08] [modloading-worker-0/INFO]: Registering S2C receiver with id betterp2p:networking_channel/955677494362347abfb80af326569f0a
[22:02:08] [modloading-worker-0/INFO]: [com.magistuarmory.item.armor.ArmorType:<init>:64]: knightsofterrafirma:open_attic_helmet
[22:02:08] [modloading-worker-0/INFO]: [com.magistuarmory.item.armor.ArmorType:<init>:64]: knightsofterrafirma:provocator_helmet
[22:02:08] [modloading-worker-0/INFO]: [com.magistuarmory.item.armor.ArmorType:<init>:64]: knightsofterrafirma:secutor_helmet
[22:02:08] [modloading-worker-0/INFO]: [com.magistuarmory.item.armor.ArmorType:<init>:64]: knightsofterrafirma:segmentata
[22:02:08] [modloading-worker-0/INFO]: [com.magistuarmory.item.armor.ArmorType:<init>:64]: knightsofterrafirma:thracian_helmet
[22:02:08] [modloading-worker-0/INFO]: [com.magistuarmory.item.armor.ArmorType:<init>:64]: minecraft:default
[22:02:08] [modloading-worker-0/INFO]: [com.magistuarmory.item.armor.ArmorType:<init>:64]: knightsofterrafirma:black_bronze_left_gladiator_shoulder_pad
[22:02:08] [modloading-worker-0/INFO]: [com.magistuarmory.item.armor.ArmorType:<init>:64]: knightsofterrafirma:black_bronze_right_gladiator_shoulder_pad
[22:02:08] [modloading-worker-0/INFO]: Registering C2S receiver with id betterp2p:networking_channel/ae85bfea0aaa3c58b110986bfee2b70c
[22:02:08] [modloading-worker-0/INFO]: Registering S2C receiver with id betterp2p:networking_channel/ae85bfea0aaa3c58b110986bfee2b70c
[22:02:08] [modloading-worker-0/INFO]: [com.magistuarmory.item.armor.ArmorType:<init>:64]: knightsofterrafirma:black_bronze_left_hand_manika
[22:02:08] [modloading-worker-0/INFO]: [com.magistuarmory.item.armor.ArmorType:<init>:64]: knightsofterrafirma:black_bronze_right_hand_manika
[22:02:08] [modloading-worker-0/INFO]: [com.magistuarmory.item.armor.ArmorType:<init>:64]: knightsofterrafirma:thorax
[22:02:08] [modloading-worker-0/INFO]: [com.magistuarmory.item.armor.ArmorType:<init>:64]: knightsofterrafirma:thorax
[22:02:08] [modloading-worker-0/INFO]: [com.magistuarmory.item.armor.ArmorType:<init>:64]: knightsofterrafirma:kuban_helmet
[22:02:08] [modloading-worker-0/INFO]: [com.magistuarmory.item.armor.ArmorType:<init>:64]: knightsofterrafirma:thorax
[22:02:08] [modloading-worker-0/INFO]: [com.magistuarmory.item.armor.ArmorType:<init>:64]: knightsofterrafirma:attic_helmet
[22:02:08] [modloading-worker-0/INFO]: ???????
[22:02:08] [modloading-worker-0/INFO]: [com.magistuarmory.item.armor.ArmorType:<init>:64]: knightsofterrafirma:scythian_scale_helmet
[22:02:08] [modloading-worker-0/INFO]: [com.magistuarmory.item.armor.ArmorType:<init>:64]: knightsofterrafirma:greek_greaves
[22:02:08] [modloading-worker-0/INFO]: [com.magistuarmory.item.armor.ArmorType:<init>:64]: knightsofterrafirma:montefortino_helmet
[22:02:08] [modloading-worker-0/INFO]: Registering C2S receiver with id betterp2p:networking_channel/f955d830b11e3ae080e9966a0e4085ec
[22:02:08] [modloading-worker-0/INFO]: Registering S2C receiver with id betterp2p:networking_channel/f955d830b11e3ae080e9966a0e4085ec
[22:02:08] [modloading-worker-0/INFO]: [com.magistuarmory.item.armor.ArmorType:<init>:64]: knightsofterrafirma:la_gorge_meillet
[22:02:08] [modloading-worker-0/INFO]: [com.magistuarmory.item.armor.ArmorType:<init>:64]: knightsofterrafirma:agen_port_helmet
[22:02:08] [modloading-worker-0/INFO]: [com.magistuarmory.item.armor.ArmorType:<init>:64]: knightsofterrafirma:waterloo_helmet
[22:02:08] [modloading-worker-0/INFO]: [com.magistuarmory.item.armor.ArmorType:<init>:64]: knightsofterrafirma:attic_helmet
[22:02:08] [modloading-worker-0/INFO]: ???????
[22:02:08] [modloading-worker-0/INFO]: [com.magistuarmory.item.armor.ArmorType:<init>:64]: knightsofterrafirma:bell_cuirass
[22:02:08] [modloading-worker-0/INFO]: [com.magistuarmory.item.armor.ArmorType:<init>:64]: knightsofterrafirma:beotian_helmet
[22:02:08] [modloading-worker-0/INFO]: [com.magistuarmory.item.armor.ArmorType:<init>:64]: knightsofterrafirma:bronzed_gallea
[22:02:08] [modloading-worker-0/INFO]: [com.magistuarmory.item.armor.ArmorType:<init>:64]: knightsofterrafirma:ridge_helmet
[22:02:08] [modloading-worker-0/INFO]: [com.magistuarmory.item.armor.ArmorType:<init>:64]: knightsofterrafirma:coolus
[22:02:08] [modloading-worker-0/INFO]: Registering C2S receiver with id betterp2p:networking_channel/2bc00ad3b8a531dda933f6050b227dc1
[22:02:08] [modloading-worker-0/INFO]: Registering S2C receiver with id betterp2p:networking_channel/2bc00ad3b8a531dda933f6050b227dc1
[22:02:08] [modloading-worker-0/INFO]: [com.magistuarmory.item.armor.ArmorType:<init>:64]: knightsofterrafirma:intercisa
[22:02:08] [modloading-worker-0/INFO]: [com.magistuarmory.item.armor.ArmorType:<init>:64]: knightsofterrafirma:melos
[22:02:08] [modloading-worker-0/INFO]: [com.magistuarmory.item.armor.ArmorType:<init>:64]: knightsofterrafirma:montefortino_helmet
[22:02:08] [modloading-worker-0/INFO]: [com.magistuarmory.item.armor.ArmorType:<init>:64]: knightsofterrafirma:muscle_cuirass
[22:02:08] [modloading-worker-0/INFO]: [com.magistuarmory.item.armor.ArmorType:<init>:64]: knightsofterrafirma:niederbieber_helmet
[22:02:08] [modloading-worker-0/INFO]: [com.magistuarmory.item.armor.ArmorType:<init>:64]: knightsofterrafirma:phrygian_helmet
[22:02:08] [modloading-worker-0/INFO]: [com.magistuarmory.item.armor.ArmorType:<init>:64]: knightsofterrafirma:pilos
[22:02:08] [modloading-worker-0/INFO]: Initialised items.
[22:02:08] [modloading-worker-0/INFO]: [com.magistuarmory.item.armor.ArmorType:<init>:64]: knightsofterrafirma:pilos
[22:02:08] [modloading-worker-0/INFO]: [com.magistuarmory.item.armor.ArmorType:<init>:64]: knightsofterrafirma:squamata
[22:02:08] [modloading-worker-0/INFO]: [com.magistuarmory.item.armor.ArmorType:<init>:64]: knightsofterrafirma:roman_parade_helmet
[22:02:08] [modloading-worker-0/INFO]: Constructing common components for armorquickswap:main
[22:02:08] [modloading-worker-0/INFO]: [com.magistuarmory.item.armor.ArmorType:<init>:64]: knightsofterrafirma:apulo_corinthian_helmet
[22:02:08] [modloading-worker-0/INFO]: [com.magistuarmory.item.armor.ArmorType:<init>:64]: knightsofterrafirma:attic_helmet
[22:02:08] [modloading-worker-0/INFO]: [com.magistuarmory.item.armor.ArmorType:<init>:64]: knightsofterrafirma:corinthian_helmet
[22:02:08] [modloading-worker-0/INFO]: [com.magistuarmory.item.armor.ArmorType:<init>:64]: knightsofterrafirma:greek_greaves
[22:02:08] [modloading-worker-0/INFO]: [com.magistuarmory.item.armor.ArmorType:<init>:64]: knightsofterrafirma:hamata
[22:02:08] [modloading-worker-0/INFO]: [com.magistuarmory.item.armor.ArmorType:<init>:64]: knightsofterrafirma:hamata
[22:02:08] [modloading-worker-0/INFO]: [com.magistuarmory.item.armor.ArmorType:<init>:64]: knightsofterrafirma:heddernheim_helmet
[22:02:08] [modloading-worker-0/INFO]: [com.magistuarmory.item.armor.ArmorType:<init>:64]: knightsofterrafirma:illirian_helmet
[22:02:08] [modloading-worker-0/INFO]: [com.magistuarmory.item.armor.ArmorType:<init>:64]: knightsofterrafirma:niederbieber_helmet
[22:02:08] [modloading-worker-0/INFO]: [com.magistuarmory.item.armor.ArmorType:<init>:64]: knightsofterrafirma:murmillo_helmet
[22:02:08] [modloading-worker-0/INFO]: [com.magistuarmory.item.armor.ArmorType:<init>:64]: knightsofterrafirma:musculata
[22:02:08] [modloading-worker-0/INFO]: [com.magistuarmory.item.armor.ArmorType:<init>:64]: knightsofterrafirma:officer_squamata
[22:02:08] [modloading-worker-0/INFO]: [com.magistuarmory.item.armor.ArmorType:<init>:64]: knightsofterrafirma:open_attic_helmet
[22:02:08] [modloading-worker-0/INFO]: [com.magistuarmory.item.armor.ArmorType:<init>:64]: knightsofterrafirma:provocator_helmet
[22:02:08] [modloading-worker-0/INFO]: Constructing client components for armorquickswap:main
[22:02:08] [modloading-worker-0/INFO]: [com.magistuarmory.item.armor.ArmorType:<init>:64]: knightsofterrafirma:secutor_helmet
[22:02:08] [modloading-worker-0/INFO]: [com.magistuarmory.item.armor.ArmorType:<init>:64]: knightsofterrafirma:segmentata
[22:02:08] [modloading-worker-0/INFO]: [com.magistuarmory.item.armor.ArmorType:<init>:64]: knightsofterrafirma:thracian_helmet
[22:02:08] [modloading-worker-0/INFO]: [com.magistuarmory.item.armor.ArmorType:<init>:64]: minecraft:default
[22:02:08] [modloading-worker-0/INFO]: [com.magistuarmory.item.armor.ArmorType:<init>:64]: knightsofterrafirma:bismuth_bronze_left_gladiator_shoulder_pad
[22:02:08] [modloading-worker-0/INFO]: [com.magistuarmory.item.armor.ArmorType:<init>:64]: knightsofterrafirma:bismuth_bronze_right_gladiator_shoulder_pad
[22:02:08] [modloading-worker-0/INFO]: [com.magistuarmory.item.armor.ArmorType:<init>:64]: knightsofterrafirma:bismuth_bronze_left_hand_manika
[22:02:08] [modloading-worker-0/INFO]: [com.magistuarmory.item.armor.ArmorType:<init>:64]: knightsofterrafirma:bismuth_bronze_right_hand_manika
[22:02:08] [modloading-worker-0/INFO]: [com.magistuarmory.item.armor.ArmorType:<init>:64]: knightsofterrafirma:thorax
[22:02:08] [modloading-worker-0/INFO]: [com.magistuarmory.item.armor.ArmorType:<init>:64]: knightsofterrafirma:thorax
[22:02:08] [modloading-worker-0/INFO]: [com.magistuarmory.item.armor.ArmorType:<init>:64]: knightsofterrafirma:kuban_helmet
[22:02:08] [modloading-worker-0/INFO]: [com.magistuarmory.item.armor.ArmorType:<init>:64]: knightsofterrafirma:thorax
[22:02:08] [modloading-worker-0/INFO]: [com.magistuarmory.item.armor.ArmorType:<init>:64]: knightsofterrafirma:attic_helmet
[22:02:08] [modloading-worker-0/INFO]: [com.magistuarmory.item.armor.ArmorType:<init>:64]: knightsofterrafirma:scythian_scale_helmet
[22:02:08] [modloading-worker-0/INFO]: [com.magistuarmory.item.armor.ArmorType:<init>:64]: knightsofterrafirma:greek_greaves
[22:02:08] [modloading-worker-0/INFO]: [com.magistuarmory.item.armor.ArmorType:<init>:64]: knightsofterrafirma:montefortino_helmet
[22:02:08] [modloading-worker-0/INFO]: [com.magistuarmory.item.armor.ArmorType:<init>:64]: knightsofterrafirma:la_gorge_meillet
[22:02:08] [modloading-worker-0/INFO]: [com.magistuarmory.item.armor.ArmorType:<init>:64]: knightsofterrafirma:agen_port_helmet
[22:02:08] [modloading-worker-0/INFO]: Initialised blocks.
[22:02:08] [modloading-worker-0/INFO]: [com.magistuarmory.item.armor.ArmorType:<init>:64]: knightsofterrafirma:waterloo_helmet
[22:02:08] [modloading-worker-0/INFO]: [com.magistuarmory.item.armor.ArmorType:<init>:64]: knightsofterrafirma:laurel_wreath
[22:02:08] [modloading-worker-0/INFO]: [com.magistuarmory.item.armor.ArmorType:<init>:64]: knightsofterrafirma:laurel_wreath
[22:02:08] [modloading-worker-0/INFO]: [com.magistuarmory.item.armor.ArmorType:<init>:64]: knightsofterrafirma:laurel_wreath
[22:02:08] [modloading-worker-0/INFO]: [com.magistuarmory.item.armor.ArmorType:<init>:64]: knightsofterrafirma:laurel_wreath
[22:02:08] [modloading-worker-0/INFO]: [com.magistuarmory.item.armor.ArmorType:<init>:64]: knightsofterrafirma:laurel_wreath
[22:02:08] [modloading-worker-0/INFO]: [com.magistuarmory.item.armor.ArmorType:<init>:64]: knightsofterrafirma:laurel_wreath
[22:02:08] [modloading-worker-0/INFO]: [com.magistuarmory.item.armor.ArmorType:<init>:64]: knightsofterrafirma:laurel_wreath
[22:02:08] [modloading-worker-0/INFO]: [com.magistuarmory.item.armor.ArmorType:<init>:64]: knightsofterrafirma:laurel_wreath
[22:02:08] [modloading-worker-0/INFO]: [com.magistuarmory.item.armor.ArmorType:<init>:64]: knightsofterrafirma:laurel_wreath
[22:02:08] [modloading-worker-0/INFO]: [com.magistuarmory.item.armor.ArmorType:<init>:64]: knightsofterrafirma:laurel_wreath
[22:02:08] [modloading-worker-0/INFO]: [com.magistuarmory.item.armor.ArmorType:<init>:64]: knightsofterrafirma:laurel_wreath
[22:02:08] [modloading-worker-0/INFO]: Initialised block entities.
[22:02:08] [modloading-worker-0/INFO]: [com.magistuarmory.item.armor.ArmorType:<init>:64]: knightsofterrafirma:laurel_wreath
[22:02:08] [modloading-worker-0/INFO]: [FANCYMENU] Loading v3.8.1 in client-side mode on FORGE!
[22:02:08] [modloading-worker-0/INFO]: [FTB Quests] Enabled KubeJS integration
[22:02:08] [modloading-worker-0/INFO]: [FTB Chunks] Enabled KubeJS integration
[22:02:08] [modloading-worker-0/ERROR]: MTSERROR: Was told to parse part oamp:exterior_luggage with part type luggage_rack, but that's not a valid type for creating a part.
[22:02:08] [modloading-worker-0/ERROR]: MTSERROR: Could not do model-based legacy compats on oamp:enginevwbus.  Lights and treads will likely not be present on this model.
[22:02:08] [modloading-worker-0/ERROR]: MTSERROR: For input string: "roller2"
[22:02:08] [modloading-worker-0/INFO]: Deserializing YACLConfig from 'C:\Users\erikp\curseforge\minecraft\Instances\TerraFirmaGreg-Modern (1)\config\yacl.json5'
[22:02:08] [modloading-worker-0/ERROR]: MTSERROR: Could not do model-based legacy compats on oamp:engineecoline.  Lights and treads will likely not be present on this model.
[22:02:08] [modloading-worker-0/ERROR]: MTSERROR: For input string: "roller2"
[22:02:08] [modloading-worker-0/ERROR]: MTSERROR: Could not do model-based legacy compats on oamp:engineikarus.  Lights and treads will likely not be present on this model.
[22:02:08] [modloading-worker-0/ERROR]: MTSERROR: Attempted to parse the OBJ model at: /assets/oamp/objmodels/parts/engineikarus.obj but could not find it.  Check the path and try again.
[22:02:08] [modloading-worker-0/INFO]: CC UTF-8 Compat loaded
[22:02:08] [modloading-worker-0/ERROR]: MTSERROR: Object body_selection found with no faces defined at line: 9505 in: /assets/oamp/objmodels/vehicles/escargot.obj
[22:02:08] [modloading-worker-0/INFO]: KubeJS TFC configuration:
[22:02:08] [modloading-worker-0/INFO]: - Debug mode enabled: false
[22:02:08] [modloading-worker-0/INFO]: - Self tests console insertion enabled: true
[22:02:08] [modloading-worker-0/INFO]: - Self tests warnings deduplicated: true
[22:02:08] [modloading-worker-0/INFO]: Create 6.0.8 initializing! Commit hash: 1a1a9a2819b4f89f78caec41b55ed8cb222fa24b
[22:02:08] [modloading-worker-0/INFO]: Registering items for Create Deco
[22:02:09] [modloading-worker-0/INFO]: Registering blocks for Create Deco
[22:02:09] [modloading-worker-0/INFO]: Registered greate config for auto-sync function
[22:02:09] [modloading-worker-0/INFO]: Curios detected - enabling accessory slot support
[22:02:09] [modloading-worker-0/INFO]: Welcome to Wan Ancient Beasts Mod [1.4.3 for 1.20.1]
[22:02:10] [modloading-worker-0/INFO]: Registering C2S network packet of type SEND_AND_RECEIVE with id 'get_station_tag' in 'createrailwaysnavigator:network'.
[22:02:10] [modloading-worker-0/INFO]: Registering C2S network packet of type SEND_AND_RECEIVE with id 'get_station_tag_by_tag' in 'createrailwaysnavigator:network'.
[22:02:10] [modloading-worker-0/INFO]: Registering C2S network packet of type SEND_AND_RECEIVE with id 'create_station_tag' in 'createrailwaysnavigator:network'.
[22:02:10] [modloading-worker-0/INFO]: Registering C2S network packet of type SEND_AND_RECEIVE with id 'update_station_tag_permissions' in 'createrailwaysnavigator:network'.
[22:02:10] [modloading-worker-0/INFO]: Registering C2S network packet of type SEND_AND_RECEIVE with id 'add_station_tag_entry' in 'createrailwaysnavigator:network'.
[22:02:10] [modloading-worker-0/INFO]: Registering C2S network packet of type SEND_AND_RECEIVE with id 'update_station_tag_entry' in 'createrailwaysnavigator:network'.
[22:02:10] [modloading-worker-0/INFO]: Registering C2S network packet of type SEND_AND_RECEIVE with id 'remove_station_tag_entry' in 'createrailwaysnavigator:network'.
[22:02:10] [modloading-worker-0/INFO]: Registering C2S network packet of type SEND_AND_RECEIVE with id 'get_all_stations_as_station_tags' in 'createrailwaysnavigator:network'.
[22:02:10] [modloading-worker-0/INFO]: Registering C2S network packet of type SEND_AND_RECEIVE with id 'get_train_category' in 'createrailwaysnavigator:network'.
[22:02:10] [modloading-worker-0/INFO]: Registering C2S network packet of type SEND_AND_RECEIVE with id 'update_train_category_name' in 'createrailwaysnavigator:network'.
[22:02:10] [modloading-worker-0/INFO]: Registering C2S network packet of type SEND_AND_RECEIVE with id 'create_train_category' in 'createrailwaysnavigator:network'.
[22:02:10] [modloading-worker-0/WARN]: Modified mixin "dev.uncandango.alltheleaks.mixin.core.main.GeoModelMixin". Check debug logs for more information.
[22:02:10] [modloading-worker-0/INFO]: Registering C2S network packet of type SEND_AND_RECEIVE with id 'update_train_category_permissions' in 'createrailwaysnavigator:network'.
[22:02:10] [modloading-worker-0/INFO]: Registering C2S network packet of type SEND_AND_RECEIVE with id 'add_station_to_blacklist' in 'createrailwaysnavigator:network'.
[22:02:10] [modloading-worker-0/INFO]: Registering C2S network packet of type SEND_AND_RECEIVE with id 'remove_station_from_blacklist' in 'createrailwaysnavigator:network'.
[22:02:10] [modloading-worker-0/INFO]: Registering C2S network packet of type SEND_AND_RECEIVE with id 'add_train_to_blacklist' in 'createrailwaysnavigator:network'.
[22:02:10] [modloading-worker-0/INFO]: Registering C2S network packet of type SEND_AND_RECEIVE with id 'remove_train_from_blacklist' in 'createrailwaysnavigator:network'.
[22:02:10] [modloading-worker-0/INFO]: Registering C2S network packet of type SEND_AND_RECEIVE with id 'update_realtime' in 'createrailwaysnavigator:network'.
[22:02:10] [modloading-worker-0/INFO]: Registering C2S network packet of type SEND_AND_RECEIVE with id 'get_user_settings' in 'createrailwaysnavigator:network'.
[22:02:10] [modloading-worker-0/INFO]: Registering C2S network packet of type SEND_AND_RECEIVE with id 'get_nearest_station' in 'createrailwaysnavigator:network'.
[22:02:10] [modloading-worker-0/INFO]: Registering C2S network packet of type SEND_AND_RECEIVE with id 'get_train_display_data' in 'createrailwaysnavigator:network'.
[22:02:10] [modloading-worker-0/INFO]: Registering C2S network packet of type SEND_AND_RECEIVE with id 'get_next_connections_display_data' in 'createrailwaysnavigator:network'.
[22:02:10] [modloading-worker-0/INFO]: Registering C2S network packet of type SEND_AND_RECEIVE with id 'get_train_line' in 'createrailwaysnavigator:network'.
[22:02:10] [modloading-worker-0/INFO]: Registering C2S network packet of type SEND_AND_RECEIVE with id 'update_train_line_name' in 'createrailwaysnavigator:network'.
[22:02:10] [modloading-worker-0/INFO]: Registering C2S network packet of type SEND_AND_RECEIVE with id 'create_train_line' in 'createrailwaysnavigator:network'.
[22:02:10] [modloading-worker-0/INFO]: Registering C2S network packet of type SEND_AND_RECEIVE with id 'update_train_line_permissions' in 'createrailwaysnavigator:network'.
[22:02:10] [modloading-worker-0/INFO]: Registering C2S network packet of type SEND_AND_RECEIVE with id 'navigate' in 'createrailwaysnavigator:network'.
[22:02:10] [modloading-worker-0/INFO]: Registering C2S network packet of type SEND_AND_RECEIVE with id 'get_departure_and_arrival_routes_at' in 'createrailwaysnavigator:network'.
[22:02:10] [modloading-worker-0/INFO]: Registering C2S network packet of type SEND_AND_RECEIVE with id 'get_departures_at' in 'createrailwaysnavigator:network'.
[22:02:10] [modloading-worker-0/INFO]: Registering C2S network packet of type SEND_AND_RECEIVE with id 'get_station_departure_history' in 'createrailwaysnavigator:network'.
[22:02:10] [modloading-worker-0/INFO]: Registering C2S network packet of type SEND_AND_RECEIVE with id 'register_station_tag' in 'createrailwaysnavigator:network'.
[22:02:10] [modloading-worker-0/INFO]: Registering C2S network packet of type SEND_AND_RECEIVE with id 'delete_station_tag' in 'createrailwaysnavigator:network'.
[22:02:10] [modloading-worker-0/INFO]: Registering C2S network packet of type SEND_AND_RECEIVE with id 'update_station_tag_name' in 'createrailwaysnavigator:network'.
[22:02:10] [modloading-worker-0/INFO]: Registering C2S network packet of type SEND_AND_RECEIVE with id 'delete_train_category' in 'createrailwaysnavigator:network'.
[22:02:10] [modloading-worker-0/INFO]: Registering C2S network packet of type SEND_AND_RECEIVE with id 'update_train_category_color' in 'createrailwaysnavigator:network'.
[22:02:10] [modloading-worker-0/INFO]: Registering C2S network packet of type SEND_AND_RECEIVE with id 'delete_train_line' in 'createrailwaysnavigator:network'.
[22:02:10] [modloading-worker-0/INFO]: Registering C2S network packet of type SEND_AND_RECEIVE with id 'update_train_line_color' in 'createrailwaysnavigator:network'.
[22:02:10] [modloading-worker-0/INFO]: Registering C2S network packet of type SEND_AND_RECEIVE with id 'save_user_settings' in 'createrailwaysnavigator:network'.
[22:02:10] [modloading-worker-0/INFO]: Registering C2S network packet of type SEND with id 'train_soft_reset' in 'createrailwaysnavigator:network'.
[22:02:10] [modloading-worker-0/INFO]: Registering C2S network packet of type SEND with id 'train_hard_reset' in 'createrailwaysnavigator:network'.
[22:02:10] [modloading-worker-0/INFO]: Registering C2S network packet of type SEND with id 'advanced_display_update_packet' in 'createrailwaysnavigator:network'.
[22:02:10] [modloading-worker-0/INFO]: Registering C2S network packet of type SEND with id 'teleport_player' in 'createrailwaysnavigator:network'.
[22:02:10] [modloading-worker-0/INFO]: Registering C2S network packet of type RECEIVE with id 'get_all_station_tags' in 'createrailwaysnavigator:network'.
[22:02:10] [modloading-worker-0/INFO]: Registering C2S network packet of type RECEIVE with id 'get_all_train_categories' in 'createrailwaysnavigator:network'.
[22:02:10] [modloading-worker-0/INFO]: Registering C2S network packet of type RECEIVE with id 'get_all_train_lines' in 'createrailwaysnavigator:network'.
[22:02:10] [modloading-worker-0/INFO]: Registering C2S network packet of type RECEIVE with id 'get_all_blacklisted_stations' in 'createrailwaysnavigator:network'.
[22:02:10] [modloading-worker-0/INFO]: Registering C2S network packet of type RECEIVE with id 'get_all_blacklisted_trains' in 'createrailwaysnavigator:network'.
[22:02:10] [modloading-worker-0/INFO]: Registering C2S network packet of type RECEIVE with id 'get_all_train_names' in 'createrailwaysnavigator:network'.
[22:02:10] [modloading-worker-0/INFO]: Registering C2S network packet of type RECEIVE with id 'get_all_station_names' in 'createrailwaysnavigator:network'.
[22:02:10] [modloading-worker-0/INFO]: Registering C2S network packet of type RECEIVE with id 'all_trains_initialized' in 'createrailwaysnavigator:network'.
[22:02:10] [modloading-worker-0/INFO]: Registering C2S network packet of type RECEIVE with id 'get_all_trains_debug_data' in 'createrailwaysnavigator:network'.
[22:02:10] [modloading-worker-0/INFO]: Registering C2S network packet of type RECEIVE with id 'get_online_players' in 'createrailwaysnavigator:network'.
[22:02:10] [modloading-worker-0/INFO]: Registering S2C network packet of type SEND with id 'show_train_debug_screen' in 'createrailwaysnavigator:network'.
[22:02:10] [modloading-worker-0/INFO]: Registering S2C network packet of type SEND with id 'server_error' in 'createrailwaysnavigator:network'.
[22:02:10] [modloading-worker-0/INFO]: FluidLogistics initialized!
[22:02:11] [modloading-worker-0/INFO]: Registered bogey styles from railways
[22:02:12] [modloading-worker-0/INFO]: Loading Rhino Minecraft remapper...
[22:02:12] [modloading-worker-0/INFO]: Rhino properties loaded.
[22:02:12] [modloading-worker-0/INFO]: Loading mappings for 1.20.1
[22:02:12] [modloading-worker-0/INFO]: Done in 0.142 s
[22:02:12] [modloading-worker-0/INFO]: Registering data fixers
[22:02:12] [modloading-worker-0/WARN]: Skipping Datafixer Registration due to it being disabled in the config.
[22:02:12] [modloading-worker-0/INFO]: Registering callback for create:track_signal in minecraft:block_entity_type
[22:02:12] [modloading-worker-0/INFO]: Registering callback for railways:track_signal_source in create:display_source
[22:02:12] [modloading-worker-0/INFO]: Registering callback for create:copycat in minecraft:block_entity_type
[22:02:12] [modloading-worker-0/INFO]: Registering callback for railways:conductor_vent in minecraft:block
[22:02:12] [modloading-worker-0/INFO]: Registering callback for create:flywheel in minecraft:block_entity_type
[22:02:12] [modloading-worker-0/INFO]: Registering callback for railways:locometal_flywheel in minecraft:block
[22:02:12] [modloading-worker-0/INFO]: Registering callback for create:sliding_door in minecraft:block_entity_type
[22:02:12] [modloading-worker-0/INFO]: Registering callback for railways:sliding_locometal_door in minecraft:block
[22:02:12] [modloading-worker-0/INFO]: Registering callback for create:sliding_door in minecraft:block_entity_type
[22:02:12] [modloading-worker-0/INFO]: Registering callback for railways:folding_locometal_door in minecraft:block
[22:02:12] [modloading-worker-0/INFO]: Registering callback for create:flywheel in minecraft:block_entity_type
[22:02:12] [modloading-worker-0/INFO]: Registering callback for railways:brown_locometal_flywheel in minecraft:block
[22:02:12] [modloading-worker-0/INFO]: Registering callback for create:sliding_door in minecraft:block_entity_type
[22:02:12] [modloading-worker-0/INFO]: Registering callback for railways:brown_sliding_locometal_door in minecraft:block
[22:02:12] [modloading-worker-0/INFO]: Registering callback for create:sliding_door in minecraft:block_entity_type
[22:02:12] [modloading-worker-0/INFO]: Registering callback for railways:brown_folding_locometal_door in minecraft:block
[22:02:12] [modloading-worker-0/INFO]: Registering callback for create:flywheel in minecraft:block_entity_type
[22:02:12] [modloading-worker-0/INFO]: Registering callback for railways:maroon_locometal_flywheel in minecraft:block
[22:02:12] [modloading-worker-0/INFO]: Registering callback for create:sliding_door in minecraft:block_entity_type
[22:02:12] [modloading-worker-0/INFO]: Registering callback for railways:maroon_sliding_locometal_door in minecraft:block
[22:02:12] [modloading-worker-0/INFO]: Registering callback for create:sliding_door in minecraft:block_entity_type
[22:02:12] [modloading-worker-0/INFO]: Registering callback for railways:maroon_folding_locometal_door in minecraft:block
[22:02:12] [modloading-worker-0/INFO]: Registering callback for create:flywheel in minecraft:block_entity_type
[22:02:12] [modloading-worker-0/INFO]: Registering callback for railways:red_locometal_flywheel in minecraft:block
[22:02:12] [modloading-worker-0/INFO]: Registering callback for create:sliding_door in minecraft:block_entity_type
[22:02:12] [modloading-worker-0/INFO]: Registering callback for railways:red_sliding_locometal_door in minecraft:block
[22:02:12] [modloading-worker-0/INFO]: Registering callback for create:sliding_door in minecraft:block_entity_type
[22:02:12] [modloading-worker-0/INFO]: Registering callback for railways:red_folding_locometal_door in minecraft:block
[22:02:12] [modloading-worker-0/INFO]: Registering callback for create:flywheel in minecraft:block_entity_type
[22:02:12] [modloading-worker-0/INFO]: Registering callback for railways:vermilion_locometal_flywheel in minecraft:block
[22:02:12] [modloading-worker-0/INFO]: Registering callback for create:sliding_door in minecraft:block_entity_type
[22:02:12] [modloading-worker-0/INFO]: Registering callback for railways:vermilion_sliding_locometal_door in minecraft:block
[22:02:12] [modloading-worker-0/INFO]: Registering callback for create:sliding_door in minecraft:block_entity_type
[22:02:12] [modloading-worker-0/INFO]: Registering callback for railways:vermilion_folding_locometal_door in minecraft:block
[22:02:12] [modloading-worker-0/INFO]: Registering callback for create:flywheel in minecraft:block_entity_type
[22:02:12] [modloading-worker-0/INFO]: Registering callback for railways:orange_locometal_flywheel in minecraft:block
[22:02:12] [modloading-worker-0/INFO]: Registering callback for create:sliding_door in minecraft:block_entity_type
[22:02:12] [modloading-worker-0/INFO]: Registering callback for railways:orange_sliding_locometal_door in minecraft:block
[22:02:12] [modloading-worker-0/INFO]: Registering callback for create:sliding_door in minecraft:block_entity_type
[22:02:12] [modloading-worker-0/INFO]: Registering callback for railways:orange_folding_locometal_door in minecraft:block
[22:02:12] [modloading-worker-0/INFO]: Registering callback for create:flywheel in minecraft:block_entity_type
[22:02:12] [modloading-worker-0/INFO]: Registering callback for railways:granite_locometal_flywheel in minecraft:block
[22:02:12] [modloading-worker-0/INFO]: Registering callback for create:sliding_door in minecraft:block_entity_type
[22:02:12] [modloading-worker-0/INFO]: Registering callback for railways:granite_sliding_locometal_door in minecraft:block
[22:02:12] [modloading-worker-0/INFO]: Registering callback for create:sliding_door in minecraft:block_entity_type
[22:02:12] [modloading-worker-0/INFO]: Registering callback for railways:granite_folding_locometal_door in minecraft:block
[22:02:12] [modloading-worker-0/INFO]: Registering callback for create:flywheel in minecraft:block_entity_type
[22:02:12] [modloading-worker-0/INFO]: Registering callback for railways:dripstone_locometal_flywheel in minecraft:block
[22:02:12] [modloading-worker-0/INFO]: Registering callback for create:sliding_door in minecraft:block_entity_type
[22:02:12] [modloading-worker-0/INFO]: Registering callback for railways:dripstone_sliding_locometal_door in minecraft:block
[22:02:12] [modloading-worker-0/INFO]: Registering callback for create:sliding_door in minecraft:block_entity_type
[22:02:12] [modloading-worker-0/INFO]: Registering callback for railways:dripstone_folding_locometal_door in minecraft:block
[22:02:12] [modloading-worker-0/INFO]: Registering callback for create:flywheel in minecraft:block_entity_type
[22:02:12] [modloading-worker-0/INFO]: Registering callback for railways:ochrum_locometal_flywheel in minecraft:block
[22:02:12] [modloading-worker-0/INFO]: Registering callback for create:sliding_door in minecraft:block_entity_type
[22:02:12] [modloading-worker-0/INFO]: Registering callback for railways:ochrum_sliding_locometal_door in minecraft:block
[22:02:12] [modloading-worker-0/INFO]: Registering callback for create:sliding_door in minecraft:block_entity_type
[22:02:12] [modloading-worker-0/INFO]: Registering callback for railways:ochrum_folding_locometal_door in minecraft:block
[22:02:12] [modloading-worker-0/INFO]: Registering callback for create:flywheel in minecraft:block_entity_type
[22:02:12] [modloading-worker-0/INFO]: Registering callback for railways:yellow_locometal_flywheel in minecraft:block
[22:02:12] [modloading-worker-0/INFO]: Registering callback for create:sliding_door in minecraft:block_entity_type
[22:02:12] [modloading-worker-0/INFO]: Registering callback for railways:yellow_sliding_locometal_door in minecraft:block
[22:02:12] [modloading-worker-0/INFO]: Registering callback for create:sliding_door in minecraft:block_entity_type
[22:02:12] [modloading-worker-0/INFO]: Registering callback for railways:yellow_folding_locometal_door in minecraft:block
[22:02:12] [modloading-worker-0/INFO]: Registering callback for create:flywheel in minecraft:block_entity_type
[22:02:12] [modloading-worker-0/INFO]: Registering callback for railways:chartreuse_locometal_flywheel in minecraft:block
[22:02:12] [modloading-worker-0/INFO]: Registering callback for create:sliding_door in minecraft:block_entity_type
[22:02:12] [modloading-worker-0/INFO]: Registering callback for railways:chartreuse_sliding_locometal_door in minecraft:block
[22:02:12] [modloading-worker-0/INFO]: Registering callback for create:sliding_door in minecraft:block_entity_type
[22:02:12] [modloading-worker-0/INFO]: Registering callback for railways:chartreuse_folding_locometal_door in minecraft:block
[22:02:12] [modloading-worker-0/INFO]: Registering callback for create:flywheel in minecraft:block_entity_type
[22:02:12] [modloading-worker-0/INFO]: Registering callback for railways:olive_green_locometal_flywheel in minecraft:block
[22:02:12] [modloading-worker-0/INFO]: Registering callback for create:sliding_door in minecraft:block_entity_type
[22:02:12] [modloading-worker-0/INFO]: Registering callback for railways:olive_green_sliding_locometal_door in minecraft:block
[22:02:12] [modloading-worker-0/INFO]: Registering callback for create:sliding_door in minecraft:block_entity_type
[22:02:12] [modloading-worker-0/INFO]: Registering callback for railways:olive_green_folding_locometal_door in minecraft:block
[22:02:12] [modloading-worker-0/INFO]: Registering callback for create:flywheel in minecraft:block_entity_type
[22:02:12] [modloading-worker-0/INFO]: Registering callback for railways:lime_locometal_flywheel in minecraft:block
[22:02:12] [modloading-worker-0/INFO]: Registering callback for create:sliding_door in minecraft:block_entity_type
[22:02:12] [modloading-worker-0/INFO]: Registering callback for railways:lime_sliding_locometal_door in minecraft:block
[22:02:12] [modloading-worker-0/INFO]: Registering callback for create:sliding_door in minecraft:block_entity_type
[22:02:12] [modloading-worker-0/INFO]: Registering callback for railways:lime_folding_locometal_door in minecraft:block
[22:02:12] [modloading-worker-0/INFO]: Registering callback for create:flywheel in minecraft:block_entity_type
[22:02:12] [modloading-worker-0/INFO]: Registering callback for railways:green_locometal_flywheel in minecraft:block
[22:02:12] [modloading-worker-0/INFO]: Registering callback for create:sliding_door in minecraft:block_entity_type
[22:02:12] [modloading-worker-0/INFO]: Registering callback for railways:green_sliding_locometal_door in minecraft:block
[22:02:12] [modloading-worker-0/INFO]: Registering callback for create:sliding_door in minecraft:block_entity_type
[22:02:12] [modloading-worker-0/INFO]: Registering callback for railways:green_folding_locometal_door in minecraft:block
[22:02:12] [modloading-worker-0/INFO]: Registering callback for create:flywheel in minecraft:block_entity_type
[22:02:12] [modloading-worker-0/INFO]: Registering callback for railways:pine_green_locometal_flywheel in minecraft:block
[22:02:12] [modloading-worker-0/INFO]: Registering callback for create:sliding_door in minecraft:block_entity_type
[22:02:12] [modloading-worker-0/INFO]: Registering callback for railways:pine_green_sliding_locometal_door in minecraft:block
[22:02:12] [modloading-worker-0/INFO]: Registering callback for create:sliding_door in minecraft:block_entity_type
[22:02:12] [modloading-worker-0/INFO]: Registering callback for railways:pine_green_folding_locometal_door in minecraft:block
[22:02:12] [modloading-worker-0/INFO]: Registering callback for create:flywheel in minecraft:block_entity_type
[22:02:12] [modloading-worker-0/INFO]: Registering callback for railways:cyan_locometal_flywheel in minecraft:block
[22:02:12] [modloading-worker-0/INFO]: Registering callback for create:sliding_door in minecraft:block_entity_type
[22:02:12] [modloading-worker-0/INFO]: Registering callback for railways:cyan_sliding_locometal_door in minecraft:block
[22:02:12] [modloading-worker-0/INFO]: Registering callback for create:sliding_door in minecraft:block_entity_type
[22:02:12] [modloading-worker-0/INFO]: Registering callback for railways:cyan_folding_locometal_door in minecraft:block
[22:02:12] [modloading-worker-0/INFO]: Registering callback for create:flywheel in minecraft:block_entity_type
[22:02:12] [modloading-worker-0/INFO]: Registering callback for railways:sea_green_locometal_flywheel in minecraft:block
[22:02:12] [modloading-worker-0/INFO]: Registering callback for create:sliding_door in minecraft:block_entity_type
[22:02:12] [modloading-worker-0/INFO]: Registering callback for railways:sea_green_sliding_locometal_door in minecraft:block
[22:02:12] [modloading-worker-0/INFO]: Registering callback for create:sliding_door in minecraft:block_entity_type
[22:02:12] [modloading-worker-0/INFO]: Registering callback for railways:sea_green_folding_locometal_door in minecraft:block
[22:02:12] [modloading-worker-0/INFO]: Registering callback for create:flywheel in minecraft:block_entity_type
[22:02:12] [modloading-worker-0/INFO]: Registering callback for railways:turquoise_locometal_flywheel in minecraft:block
[22:02:12] [modloading-worker-0/INFO]: Registering callback for create:sliding_door in minecraft:block_entity_type
[22:02:12] [modloading-worker-0/INFO]: Registering callback for railways:turquoise_sliding_locometal_door in minecraft:block
[22:02:12] [modloading-worker-0/INFO]: Registering callback for create:sliding_door in minecraft:block_entity_type
[22:02:12] [modloading-worker-0/INFO]: Registering callback for railways:turquoise_folding_locometal_door in minecraft:block
[22:02:12] [modloading-worker-0/INFO]: Registering callback for create:flywheel in minecraft:block_entity_type
[22:02:12] [modloading-worker-0/INFO]: Registering callback for railways:light_blue_locometal_flywheel in minecraft:block
[22:02:12] [modloading-worker-0/INFO]: Registering callback for create:sliding_door in minecraft:block_entity_type
[22:02:12] [modloading-worker-0/INFO]: Registering callback for railways:light_blue_sliding_locometal_door in minecraft:block
[22:02:12] [modloading-worker-0/INFO]: Registering callback for create:sliding_door in minecraft:block_entity_type
[22:02:12] [modloading-worker-0/INFO]: Registering callback for railways:light_blue_folding_locometal_door in minecraft:block
[22:02:12] [modloading-worker-0/INFO]: Registering callback for create:flywheel in minecraft:block_entity_type
[22:02:12] [modloading-worker-0/INFO]: Registering callback for railways:blue_locometal_flywheel in minecraft:block
[22:02:12] [modloading-worker-0/INFO]: Registering callback for create:sliding_door in minecraft:block_entity_type
[22:02:12] [modloading-worker-0/INFO]: Registering callback for railways:blue_sliding_locometal_door in minecraft:block
[22:02:12] [modloading-worker-0/INFO]: Registering callback for create:sliding_door in minecraft:block_entity_type
[22:02:12] [modloading-worker-0/INFO]: Registering callback for railways:blue_folding_locometal_door in minecraft:block
[22:02:12] [modloading-worker-0/INFO]: Registering callback for create:flywheel in minecraft:block_entity_type
[22:02:12] [modloading-worker-0/INFO]: Registering callback for railways:royal_blue_locometal_flywheel in minecraft:block
[22:02:12] [modloading-worker-0/INFO]: Registering callback for create:sliding_door in minecraft:block_entity_type
[22:02:12] [modloading-worker-0/INFO]: Registering callback for railways:royal_blue_sliding_locometal_door in minecraft:block
[22:02:12] [modloading-worker-0/INFO]: Registering callback for create:sliding_door in minecraft:block_entity_type
[22:02:12] [modloading-worker-0/INFO]: Registering callback for railways:royal_blue_folding_locometal_door in minecraft:block
[22:02:12] [modloading-worker-0/INFO]: Registering callback for create:flywheel in minecraft:block_entity_type
[22:02:12] [modloading-worker-0/INFO]: Registering callback for railways:purple_locometal_flywheel in minecraft:block
[22:02:12] [modloading-worker-0/INFO]: Registering callback for create:sliding_door in minecraft:block_entity_type
[22:02:12] [modloading-worker-0/INFO]: Registering callback for railways:purple_sliding_locometal_door in minecraft:block
[22:02:12] [modloading-worker-0/INFO]: Registering callback for create:sliding_door in minecraft:block_entity_type
[22:02:12] [modloading-worker-0/INFO]: Registering callback for railways:purple_folding_locometal_door in minecraft:block
[22:02:12] [modloading-worker-0/INFO]: Registering callback for create:flywheel in minecraft:block_entity_type
[22:02:12] [modloading-worker-0/INFO]: Registering callback for railways:magenta_locometal_flywheel in minecraft:block
[22:02:12] [modloading-worker-0/INFO]: Registering callback for create:sliding_door in minecraft:block_entity_type
[22:02:12] [modloading-worker-0/INFO]: Registering callback for railways:magenta_sliding_locometal_door in minecraft:block
[22:02:12] [modloading-worker-0/INFO]: Registering callback for create:sliding_door in minecraft:block_entity_type
[22:02:12] [modloading-worker-0/INFO]: Registering callback for railways:magenta_folding_locometal_door in minecraft:block
[22:02:12] [modloading-worker-0/INFO]: Registering callback for create:flywheel in minecraft:block_entity_type
[22:02:12] [modloading-worker-0/INFO]: Registering callback for railways:pink_locometal_flywheel in minecraft:block
[22:02:12] [modloading-worker-0/INFO]: Registering callback for create:sliding_door in minecraft:block_entity_type
[22:02:12] [modloading-worker-0/INFO]: Registering callback for railways:pink_sliding_locometal_door in minecraft:block
[22:02:12] [modloading-worker-0/INFO]: Registering callback for create:sliding_door in minecraft:block_entity_type
[22:02:12] [modloading-worker-0/INFO]: Registering callback for railways:pink_folding_locometal_door in minecraft:block
[22:02:12] [modloading-worker-0/INFO]: Registering callback for create:flywheel in minecraft:block_entity_type
[22:02:12] [modloading-worker-0/INFO]: Registering callback for railways:white_locometal_flywheel in minecraft:block
[22:02:12] [modloading-worker-0/INFO]: Registering callback for create:sliding_door in minecraft:block_entity_type
[22:02:12] [modloading-worker-0/INFO]: Registering callback for railways:white_sliding_locometal_door in minecraft:block
[22:02:12] [modloading-worker-0/INFO]: Registering callback for create:sliding_door in minecraft:block_entity_type
[22:02:12] [modloading-worker-0/INFO]: Registering callback for railways:white_folding_locometal_door in minecraft:block
[22:02:12] [modloading-worker-0/INFO]: Registering callback for create:flywheel in minecraft:block_entity_type
[22:02:12] [modloading-worker-0/INFO]: Registering callback for railways:diorite_locometal_flywheel in minecraft:block
[22:02:12] [modloading-worker-0/INFO]: Registering callback for create:sliding_door in minecraft:block_entity_type
[22:02:12] [modloading-worker-0/INFO]: Registering callback for railways:diorite_sliding_locometal_door in minecraft:block
[22:02:12] [modloading-worker-0/INFO]: Registering callback for create:sliding_door in minecraft:block_entity_type
[22:02:12] [modloading-worker-0/INFO]: Registering callback for railways:diorite_folding_locometal_door in minecraft:block
[22:02:12] [modloading-worker-0/INFO]: Registering callback for create:flywheel in minecraft:block_entity_type
[22:02:12] [modloading-worker-0/INFO]: Registering callback for railways:limestone_locometal_flywheel in minecraft:block
[22:02:12] [modloading-worker-0/INFO]: Registering callback for create:sliding_door in minecraft:block_entity_type
[22:02:12] [modloading-worker-0/INFO]: Registering callback for railways:limestone_sliding_locometal_door in minecraft:block
[22:02:12] [modloading-worker-0/INFO]: Registering callback for create:sliding_door in minecraft:block_entity_type
[22:02:12] [modloading-worker-0/INFO]: Registering callback for railways:limestone_folding_locometal_door in minecraft:block
[22:02:12] [modloading-worker-0/INFO]: Registering callback for create:flywheel in minecraft:block_entity_type
[22:02:12] [modloading-worker-0/INFO]: Registering callback for railways:light_gray_locometal_flywheel in minecraft:block
[22:02:12] [modloading-worker-0/INFO]: Registering callback for create:sliding_door in minecraft:block_entity_type
[22:02:12] [modloading-worker-0/INFO]: Registering callback for railways:light_gray_sliding_locometal_door in minecraft:block
[22:02:12] [modloading-worker-0/INFO]: Registering callback for create:sliding_door in minecraft:block_entity_type
[22:02:12] [modloading-worker-0/INFO]: Registering callback for railways:light_gray_folding_locometal_door in minecraft:block
[22:02:12] [modloading-worker-0/INFO]: Registering callback for create:flywheel in minecraft:block_entity_type
[22:02:12] [modloading-worker-0/INFO]: Registering callback for railways:tuff_locometal_flywheel in minecraft:block
[22:02:12] [modloading-worker-0/INFO]: Registering callback for create:sliding_door in minecraft:block_entity_type
[22:02:12] [modloading-worker-0/INFO]: Registering callback for railways:tuff_sliding_locometal_door in minecraft:block
[22:02:12] [modloading-worker-0/INFO]: Registering callback for create:sliding_door in minecraft:block_entity_type
[22:02:12] [modloading-worker-0/INFO]: Registering callback for railways:tuff_folding_locometal_door in minecraft:block
[22:02:12] [modloading-worker-0/INFO]: Registering callback for create:flywheel in minecraft:block_entity_type
[22:02:12] [modloading-worker-0/INFO]: Registering callback for railways:gray_locometal_flywheel in minecraft:block
[22:02:12] [modloading-worker-0/INFO]: Registering callback for create:sliding_door in minecraft:block_entity_type
[22:02:12] [modloading-worker-0/INFO]: Registering callback for railways:gray_sliding_locometal_door in minecraft:block
[22:02:12] [modloading-worker-0/INFO]: Registering callback for create:sliding_door in minecraft:block_entity_type
[22:02:12] [modloading-worker-0/INFO]: Registering callback for railways:gray_folding_locometal_door in minecraft:block
[22:02:12] [modloading-worker-0/INFO]: Registering callback for create:flywheel in minecraft:block_entity_type
[22:02:12] [modloading-worker-0/INFO]: Registering callback for railways:scorchia_locometal_flywheel in minecraft:block
[22:02:12] [modloading-worker-0/INFO]: Registering callback for create:sliding_door in minecraft:block_entity_type
[22:02:12] [modloading-worker-0/INFO]: Registering callback for railways:scorchia_sliding_locometal_door in minecraft:block
[22:02:12] [modloading-worker-0/INFO]: Registering callback for create:sliding_door in minecraft:block_entity_type
[22:02:12] [modloading-worker-0/INFO]: Registering callback for railways:scorchia_folding_locometal_door in minecraft:block
[22:02:12] [modloading-worker-0/INFO]: Registering callback for create:flywheel in minecraft:block_entity_type
[22:02:12] [modloading-worker-0/INFO]: Registering callback for railways:black_locometal_flywheel in minecraft:block
[22:02:12] [modloading-worker-0/INFO]: Registering callback for create:sliding_door in minecraft:block_entity_type
[22:02:12] [modloading-worker-0/INFO]: Registering callback for railways:black_sliding_locometal_door in minecraft:block
[22:02:12] [modloading-worker-0/INFO]: Registering callback for create:sliding_door in minecraft:block_entity_type
[22:02:12] [modloading-worker-0/INFO]: Registering callback for railways:black_folding_locometal_door in minecraft:block
[22:02:12] [modloading-worker-0/INFO]: Registering tracks for Hex Casting
[22:02:12] [modloading-worker-0/INFO]: Registering tracks for Oh The Biomes You'll Go
[22:02:12] [modloading-worker-0/INFO]: Registering tracks for Blue Skies
[22:02:12] [modloading-worker-0/INFO]: Registering tracks for Twilight Forest
[22:02:12] [modloading-worker-0/INFO]: Registering tracks for Biomes O' Plenty
[22:02:12] [modloading-worker-0/INFO]: Registering tracks for Nature's Spirit
[22:02:12] [modloading-worker-0/INFO]: Registering tracks for Dreams and Desires
[22:02:12] [modloading-worker-0/INFO]: Registering tracks for Quark
[22:02:12] [modloading-worker-0/INFO]: Registering tracks for TerraFirmaCraft
[22:02:12] [modloading-worker-0/INFO]: Mixing client.MixinServerData from mixins/common/nochatreports.mixins.json into net.minecraft.client.multiplayer.ServerData
[22:02:12] [modloading-worker-0/INFO]: Mixing common.MixinServerStatus from mixins/common/nochatreports.mixins.json into net.minecraft.network.protocol.status.ServerStatus
[22:02:13] [modloading-worker-0/INFO]: Mixing client.MixinChatListener from mixins/common/nochatreports.mixins.json into net.minecraft.client.multiplayer.chat.ChatListener
[22:02:13] [modloading-worker-0/INFO]: Loaded script startup_scripts:main_startup_script.js in 0.061 s
[22:02:13] [modloading-worker-0/INFO]: Loaded script startup_scripts:tfg/food/constants.food.js in 0.04 s
[22:02:13] [modloading-worker-0/INFO]: Loaded script startup_scripts:ad_astra/modifications.js in 0.001 s
[22:02:13] [modloading-worker-0/INFO]: Loaded script startup_scripts:ae2/materials.js in 0.001 s
[22:02:13] [modloading-worker-0/INFO]: Loaded script startup_scripts:ae2/tag_prefixes.js in 0.001 s
[22:02:13] [modloading-worker-0/INFO]: Loaded script startup_scripts:beneath/modifications.js in 0.0 s
[22:02:13] [modloading-worker-0/INFO]: Loaded script startup_scripts:civ_tfg/coins.js in 0.001 s
[22:02:13] [modloading-worker-0/INFO]: Loaded script startup_scripts:create/creative_tab.js in 0.0 s
[22:02:13] [modloading-worker-0/INFO]: Loaded script startup_scripts:create/materials.js in 0.001 s
[22:02:13] [modloading-worker-0/INFO]: Loaded script startup_scripts:create/modifications.js in 0.001 s
[22:02:13] [modloading-worker-0/INFO]: Loaded script startup_scripts:createdeco/constants.js in 0.0 s
[22:02:13] [modloading-worker-0/INFO]: Loaded script startup_scripts:firmaciv/modifications.js in 0.0 s
[22:02:13] [modloading-worker-0/INFO]: Loaded script startup_scripts:firmalife/modifications.js in 0.001 s
[22:02:13] [modloading-worker-0/INFO]: Loaded script startup_scripts:greate/materials.js in 0.001 s
[22:02:13] [modloading-worker-0/INFO]: Loaded script startup_scripts:greate/material_modification.js in 0.0 s
[22:02:13] [modloading-worker-0/INFO]: Loaded script startup_scripts:gtceu/machines.js in 0.007 s
[22:02:13] [modloading-worker-0/INFO]: Loaded script startup_scripts:gtceu/modifications.js in 0.003 s
[22:02:13] [modloading-worker-0/INFO]: Loaded script startup_scripts:gtceu/recipe_types.js in 0.001 s
[22:02:13] [modloading-worker-0/INFO]: Loaded script startup_scripts:gtceu/tag_prefixes.js in 0.001 s
[22:02:13] [modloading-worker-0/INFO]: Loaded script startup_scripts:macaws_for_tfc/creative_tab.js in 0.001 s
[22:02:13] [modloading-worker-0/INFO]: Loaded script startup_scripts:minecraft/modifications.js in 0.001 s
[22:02:13] [modloading-worker-0/INFO]: Loaded script startup_scripts:rnr/creative_tab.js in 0.0 s
[22:02:13] [modloading-worker-0/INFO]: s3_progression_mod/progression_listener.js#15: Loaded Java class 'dev.ftb.mods.ftbchunks.api.FTBChunksAPI'
[22:02:13] [modloading-worker-0/INFO]: s3_progression_mod/progression_listener.js#28: Loaded Java class 'com.civtfg.progression.stage.ProgressionTiers'
[22:02:13] [modloading-worker-0/INFO]: Loaded script startup_scripts:s3_progression_mod/progression_listener.js in 0.013 s
[22:02:13] [modloading-worker-0/INFO]: Loaded script startup_scripts:sacksnsuch/modifications.js in 0.001 s
[22:02:13] [modloading-worker-0/INFO]: Loaded script startup_scripts:species/modifications.js in 0.0 s
[22:02:13] [modloading-worker-0/INFO]: Loaded script startup_scripts:tfc/item_stack_modifiers.js in 0.001 s
[22:02:13] [modloading-worker-0/INFO]: Loaded script startup_scripts:tfctextile/creative_tab.js in 0.001 s
[22:02:13] [modloading-worker-0/INFO]: Loaded script startup_scripts:tfg/aquaponics/items.aquaponics.js in 0.0 s
[22:02:13] [modloading-worker-0/INFO]: Loaded script startup_scripts:tfg/aquaponics/materials.aquaponics.js in 0.001 s
[22:02:13] [modloading-worker-0/INFO]: Loaded script startup_scripts:tfg/beneath/blocks.beneath.js in 0.001 s
[22:02:13] [modloading-worker-0/INFO]: Loaded script startup_scripts:tfg/beneath/materials.beneath.js in 0.001 s
[22:02:13] [modloading-worker-0/INFO]: Loaded script startup_scripts:tfg/biotech/items.biotech.js in 0.0 s
[22:02:13] [modloading-worker-0/INFO]: Loaded script startup_scripts:tfg/biotech/materials.bioline.js in 0.0 s
[22:02:13] [modloading-worker-0/INFO]: Loaded script startup_scripts:tfg/blocks.crops.js in 0.003 s
[22:02:13] [modloading-worker-0/INFO]: Loaded script startup_scripts:tfg/blocks.js in 0.001 s
[22:02:13] [modloading-worker-0/INFO]: Loaded script startup_scripts:tfg/crafting_components.js in 0.001 s
[22:02:13] [modloading-worker-0/INFO]: Loaded script startup_scripts:tfg/dimension_markers.js in 0.002 s
[22:02:13] [modloading-worker-0/INFO]: Loaded script startup_scripts:tfg/element.js in 0.001 s
[22:02:13] [modloading-worker-0/INFO]: Loaded script startup_scripts:tfg/equipment/items.weapons.js in 0.0 s
[22:02:13] [modloading-worker-0/INFO]: Loaded script startup_scripts:tfg/europa/blocks.europa_deco.js in 0.001 s
[22:02:13] [modloading-worker-0/INFO]: Loaded script startup_scripts:tfg/europa/materials.europa.js in 0.001 s
[22:02:13] [modloading-worker-0/INFO]: Loaded script startup_scripts:tfg/fluids.js in 0.0 s
[22:02:13] [modloading-worker-0/INFO]: Loaded script startup_scripts:tfg/food/fluids.food.js in 0.0 s
[22:02:13] [modloading-worker-0/INFO]: Loaded script startup_scripts:tfg/food/items.food.js in 0.003 s
[22:02:13] [modloading-worker-0/INFO]: Loaded script startup_scripts:tfg/food/materials.food.js in 0.001 s
[22:02:13] [modloading-worker-0/INFO]: Loaded script startup_scripts:tfg/icon_sets.js in 0.003 s
[22:02:13] [modloading-worker-0/INFO]: Loaded script startup_scripts:tfg/items.aircraft.js in 0.0 s
[22:02:13] [modloading-worker-0/INFO]: Loaded script startup_scripts:tfg/items.asphalt_road.js in 0.0 s
[22:02:13] [modloading-worker-0/INFO]: Loaded script startup_scripts:tfg/items.js in 0.001 s
[22:02:13] [modloading-worker-0/INFO]: Loaded script startup_scripts:tfg/mars/blocks.mars_deco.js in 0.003 s
[22:02:13] [modloading-worker-0/INFO]: Loaded script startup_scripts:tfg/mars/blocks.trees.js in 0.001 s
[22:02:13] [modloading-worker-0/INFO]: Loaded script startup_scripts:tfg/mars/materials.mars.js in 0.0 s
[22:02:13] [modloading-worker-0/INFO]: Loaded script startup_scripts:tfg/materials/materials.alumina.js in 0.0 s
[22:02:13] [modloading-worker-0/INFO]: Loaded script startup_scripts:tfg/materials/materials.bakelite.js in 0.0 s
[22:02:13] [modloading-worker-0/INFO]: Loaded script startup_scripts:tfg/materials/materials.boules.js in 0.0 s
[22:02:13] [modloading-worker-0/INFO]: Loaded script startup_scripts:tfg/materials/materials.coils.js in 0.0 s
[22:02:13] [modloading-worker-0/INFO]: Loaded script startup_scripts:tfg/materials/materials.etching.js in 0.001 s
[22:02:13] [modloading-worker-0/INFO]: Loaded script startup_scripts:tfg/materials/materials.garnet_sand.js in 0.0 s
[22:02:13] [modloading-worker-0/INFO]: Loaded script startup_scripts:tfg/materials/materials.gem_slurries.js in 0.002 s
[22:02:13] [modloading-worker-0/INFO]: Loaded script startup_scripts:tfg/materials/materials.misc_alloys.js in 0.001 s
[22:02:13] [modloading-worker-0/INFO]: Loaded script startup_scripts:tfg/materials/materials.power_rework.js in 0.001 s
[22:02:13] [modloading-worker-0/INFO]: Loaded script startup_scripts:tfg/materials/materials.refrigerants.js in 0.0 s
[22:02:13] [modloading-worker-0/INFO]: Loaded script startup_scripts:tfg/materials/materials.rotors.js in 0.001 s
[22:02:13] [modloading-worker-0/INFO]: Loaded script startup_scripts:tfg/materials/materials.solders.js in 0.0 s
[22:02:13] [modloading-worker-0/INFO]: Loaded script startup_scripts:tfg/materials/materials.tungsten.js in 0.0 s
[22:02:13] [modloading-worker-0/INFO]: Loaded script startup_scripts:tfg/materials/materials.zirconium.js in 0.0 s
[22:02:13] [modloading-worker-0/INFO]: Loaded script startup_scripts:tfg/materials/material_modification.colors.js in 0.001 s
[22:02:13] [modloading-worker-0/INFO]: Loaded script startup_scripts:tfg/materials/material_modification.components.js in 0.0 s
[22:02:13] [modloading-worker-0/INFO]: Loaded script startup_scripts:tfg/materials/material_modification.flags.js in 0.001 s
[22:02:13] [modloading-worker-0/INFO]: Loaded script startup_scripts:tfg/materials/material_modification.fluids.js in 0.002 s
[22:02:13] [modloading-worker-0/INFO]: Loaded script startup_scripts:tfg/materials/material_modification.ores.js in 0.002 s
[22:02:13] [modloading-worker-0/INFO]: Loaded script startup_scripts:tfg/materials/material_modification.properties.js in 0.002 s
[22:02:13] [modloading-worker-0/INFO]: Loaded script startup_scripts:tfg/materials/material_modification.tfc.js in 0.001 s
[22:02:14] [modloading-worker-0/INFO]: Loaded script startup_scripts:tfg/materials/material_modification.tools.js in 0.005 s
[22:02:14] [modloading-worker-0/INFO]: Loaded script startup_scripts:tfg/materials.js in 0.001 s
[22:02:14] [modloading-worker-0/INFO]: Loaded script startup_scripts:tfg/material_modification.js in 0.0 s
[22:02:14] [modloading-worker-0/INFO]: Loaded script startup_scripts:tfg/modifications.js in 0.0 s
[22:02:14] [modloading-worker-0/INFO]: Loaded script startup_scripts:tfg/moon/blocks.moon_deco.js in 0.0 s
[22:02:14] [modloading-worker-0/INFO]: Loaded script startup_scripts:tfg/moon/materials.moon.js in 0.0 s
[22:02:14] [modloading-worker-0/INFO]: Loaded script startup_scripts:tfg/nuclear/blocks.nuclear.js in 0.001 s
[22:02:14] [modloading-worker-0/INFO]: Loaded script startup_scripts:tfg/nuclear/items.nuclear.js in 0.001 s
[22:02:14] [modloading-worker-0/INFO]: Loaded script startup_scripts:tfg/nuclear/machine.js in 0.0 s
[22:02:14] [modloading-worker-0/INFO]: tfg/nuclear/materials.nuclear.js#551: Loaded Java class 'fi.dea.mc.deafission.common.data.items.FuelCellItem'
[22:02:14] [modloading-worker-0/INFO]: tfg/nuclear/materials.nuclear.js#552: Loaded Java class 'fi.dea.mc.deafission.common.data.items.DepletedFuelCellItem'
[22:02:14] [modloading-worker-0/INFO]: Loaded script startup_scripts:tfg/nuclear/materials.nuclear.js in 0.018 s
[22:02:14] [modloading-worker-0/INFO]: Loaded script startup_scripts:tfg/nuclear/materials.smr_additives.js in 0.001 s
[22:02:14] [modloading-worker-0/INFO]: Loaded script startup_scripts:tfg/primitive/blocks.cloth.js in 0.0 s
[22:02:14] [modloading-worker-0/INFO]: Loaded script startup_scripts:tfg/primitive/blocks.glass.js in 0.0 s
[22:02:14] [modloading-worker-0/INFO]: Loaded script startup_scripts:tfg/primitive/blocks.mud_bricks.js in 0.001 s
[22:02:14] [modloading-worker-0/INFO]: Loaded script startup_scripts:tfg/primitive/blocks.supports.js in 0.001 s
[22:02:14] [modloading-worker-0/INFO]: Loaded script startup_scripts:tfg/primitive/blocks.vases.js in 0.001 s
[22:02:14] [modloading-worker-0/INFO]: Loaded script startup_scripts:tfg/primitive/blocks.wood.js in 0.0 s
[22:02:14] [modloading-worker-0/INFO]: Loaded script startup_scripts:tfg/primitive/items.primitive.js in 0.001 s
[22:02:14] [modloading-worker-0/INFO]: Loaded script startup_scripts:tfg/primitive/materials.primitive.js in 0.0 s
[22:02:14] [modloading-worker-0/INFO]: Loaded script startup_scripts:tfg/sounds.js in 0.0 s
[22:02:14] [modloading-worker-0/INFO]: Loaded script startup_scripts:tfg/space_general/items.space.js in 0.001 s
[22:02:14] [modloading-worker-0/INFO]: Loaded script startup_scripts:tfg/space_general/materials.rockets.js in 0.001 s
[22:02:14] [modloading-worker-0/INFO]: Loaded script startup_scripts:tfg/stone_types/blocks.rocks.js in 0.002 s
[22:02:14] [modloading-worker-0/INFO]: Loaded script startup_scripts:tfg/stone_types/items.rocks.js in 0.001 s
[22:02:14] [modloading-worker-0/INFO]: Loaded script startup_scripts:tfg/stone_types/materials.rocks.js in 0.0 s
[22:02:14] [modloading-worker-0/INFO]: Loaded script startup_scripts:tfg/stone_types/tag_prefixes.rocks.js in 0.002 s
[22:02:14] [modloading-worker-0/INFO]: Loaded script startup_scripts:tfg/tag_prefixes.js in 0.002 s
[22:02:14] [modloading-worker-0/INFO]: Loaded script startup_scripts:tfg/venus/blocks.venus_deco.js in 0.003 s
[22:02:14] [modloading-worker-0/INFO]: Loaded script startup_scripts:tfg/venus/materials.venus.js in 0.0 s
[22:02:14] [modloading-worker-0/INFO]: Loaded script startup_scripts:tfg/worldgen/blocks.earth_deco.js in 0.001 s
[22:02:14] [modloading-worker-0/INFO]: Loaded script startup_scripts:tfg/worldgen/fauna.js in 0.001 s
[22:02:14] [modloading-worker-0/INFO]: Loaded script startup_scripts:tfg/worldgen/items.wood.js in 0.0 s
[22:02:14] [modloading-worker-0/INFO]: tfg/worldgen/register_climates.js#4: Loaded Java class 'net.dries007.tfc.util.calendar.ICalendar'
[22:02:14] [modloading-worker-0/INFO]: tfg/worldgen/register_climates.js#5: Loaded Java class 'net.dries007.tfc.world.chunkdata.LerpFloatLayer'
[22:02:14] [modloading-worker-0/INFO]: Loaded script startup_scripts:tfg/worldgen/register_climates.js in 0.018 s
[22:02:14] [modloading-worker-0/INFO]: Loaded script startup_scripts:tfg/worldgen/rock_layers.js in 0.001 s
[22:02:14] [modloading-worker-0/INFO]: Loaded script startup_scripts:tfg/worldgen/utility.js in 0.0 s
[22:02:14] [modloading-worker-0/INFO]: Loaded script startup_scripts:tfg/stone_types/constants.rocks.js in 0.026 s
[22:02:14] [modloading-worker-0/INFO]: Loaded script startup_scripts:ad_astra/constants.js in 0.0 s
[22:02:14] [modloading-worker-0/INFO]: Loaded script startup_scripts:ae2/constants.js in 0.001 s
[22:02:14] [modloading-worker-0/INFO]: Loaded script startup_scripts:afc/constants.js in 0.001 s
[22:02:14] [modloading-worker-0/INFO]: Loaded script startup_scripts:arthropocolypse/constants.js in 0.0 s
[22:02:14] [modloading-worker-0/INFO]: Loaded script startup_scripts:beneath/constants.js in 0.0 s
[22:02:14] [modloading-worker-0/INFO]: Loaded script startup_scripts:computer_craft/constants.js in 0.0 s
[22:02:14] [modloading-worker-0/INFO]: Loaded script startup_scripts:crafting_station/constants.js in 0.0 s
[22:02:14] [modloading-worker-0/INFO]: Loaded script startup_scripts:create_connected/constants.js in 0.001 s
[22:02:14] [modloading-worker-0/INFO]: Loaded script startup_scripts:domum_ornamentum/constants.js in 0.0 s
[22:02:14] [modloading-worker-0/INFO]: Loaded script startup_scripts:firmalife/constants.js in 0.0 s
[22:02:14] [modloading-worker-0/INFO]: Loaded script startup_scripts:framedblocks/constants.js in 0.0 s
[22:02:14] [modloading-worker-0/INFO]: Loaded script startup_scripts:greate/constants.js in 0.0 s
[22:02:14] [modloading-worker-0/INFO]: Loaded script startup_scripts:gtceu/constants.js in 0.001 s
[22:02:14] [modloading-worker-0/INFO]: Loaded script startup_scripts:minecraft/constants.js in 0.001 s
[22:02:14] [modloading-worker-0/INFO]: Loaded script startup_scripts:railways/constants.js in 0.0 s
[22:02:14] [modloading-worker-0/INFO]: Loaded script startup_scripts:soulbind/constants.js in 0.0 s
[22:02:14] [modloading-worker-0/INFO]: Loaded script startup_scripts:tacz/constants.js in 0.002 s
[22:02:14] [modloading-worker-0/INFO]: Loaded script startup_scripts:tfc/constants.js in 0.003 s
[22:02:14] [modloading-worker-0/INFO]: Loaded script startup_scripts:tfg/constants.js in 0.0 s
[22:02:14] [modloading-worker-0/INFO]: Loaded script startup_scripts:vintage_improvements/constants.js in 0.001 s
[22:02:14] [modloading-worker-0/INFO]: Loaded script startup_scripts:wan_ancient_beasts/constants.js in 0.0 s
[22:02:14] [modloading-worker-0/INFO]: Loaded 130/130 KubeJS startup scripts in 1.825 s with 0 errors and 0 warnings
[22:02:14] [modloading-worker-0/INFO]: Loaded script client_scripts:coins.js in 0.002 s
[22:02:14] [modloading-worker-0/INFO]: Loaded script client_scripts:emixx.js in 0.004 s
[22:02:14] [modloading-worker-0/INFO]: Loaded script client_scripts:main_client_script.js in 0.001 s
[22:02:14] [modloading-worker-0/INFO]: Loaded script client_scripts:tooltips.crops.js in 0.01 s
[22:02:14] [modloading-worker-0/INFO]: Loaded script client_scripts:tooltips.js in 0.015 s
[22:02:14] [modloading-worker-0/INFO]: Loaded 5/5 KubeJS client scripts in 0.067 s with 0 errors and 0 warnings
[22:02:14] [modloading-worker-0/INFO]: tfg/blocks.crops.js#20: Loaded Java class 'net.dries007.tfc.common.blockentities.FarmlandBlockEntity'
[22:02:16] [FTB Backups Config Watcher 0/INFO]: Config at C:\Users\erikp\curseforge\minecraft\Instances\TerraFirmaGreg-Modern (1)\config\ftbbackups2.json has changed, reloaded!
[22:02:43] [modloading-worker-0/INFO]: Registering C2S receiver with id kubejs:send_data_from_client
[22:02:43] [modloading-worker-0/INFO]: Registering S2C receiver with id kubejs:send_data_from_server
[22:02:43] [modloading-worker-0/INFO]: Registering S2C receiver with id kubejs:paint
[22:02:43] [modloading-worker-0/INFO]: Registering S2C receiver with id kubejs:add_stage
[22:02:43] [modloading-worker-0/INFO]: Registering S2C receiver with id kubejs:remove_stage
[22:02:43] [modloading-worker-0/INFO]: Registering S2C receiver with id kubejs:sync_stages
[22:02:43] [modloading-worker-0/INFO]: Registering C2S receiver with id kubejs:first_click
[22:02:43] [modloading-worker-0/INFO]: Registering S2C receiver with id kubejs:toast
[22:02:43] [modloading-worker-0/INFO]: Registering S2C receiver with id kubejs:reload_startup_scripts
[22:02:43] [modloading-worker-0/INFO]: Registering S2C receiver with id kubejs:display_server_errors
[22:02:43] [modloading-worker-0/INFO]: Registering S2C receiver with id kubejs:display_client_errors
[22:02:43] [Render thread/INFO]: Registered moldraw config for auto-sync function
[22:02:43] [Render thread/INFO]: GTCEu common proxy init!
[22:02:43] [Render thread/INFO]: Registering material registries
[22:02:43] [Render thread/INFO]: Registering GTCEu Materials
[22:02:43] [Render thread/INFO]: Registering addon Materials
[22:02:43] [Render thread/INFO]: greate/materials.js#6: Loaded Java class 'electrolyte.greate.content.gtceu.material.BeltProperty'
[22:02:43] [Render thread/INFO]: greate/materials.js#7: Loaded Java class 'electrolyte.greate.registry.GreateMaterials'
[22:02:43] [Render thread/INFO]: greate/materials.js#8: Loaded Java class 'electrolyte.greate.content.gtceu.material.GreatePropertyKeys'
[22:02:43] [Render thread/INFO]: tfg/materials.js#6: Loaded Java class 'com.gregtechceu.gtceu.api.data.chemical.material.properties.BlastProperty'
[22:02:43] [Render thread/WARN]: unknown is not a known Material
[22:02:43] [Render thread/WARN]: Material material.tfg.weak_steel does not have required property blast for flag disable_alloy_blast!
[22:02:44] [Render thread/WARN]: Material material.greate.rose_quartz does not have required property ore for flag high_sifter_output!
[22:02:44] [Render thread/INFO]: tfg/materials/material_modification.tfc.js#6: Loaded Java class 'su.terrafirmagreg.core.common.tfgt.material.property.TFCProperty'
[22:02:44] [Render thread/INFO]: tfg/materials/material_modification.flags.js#5: Loaded Java class 'com.gregtechceu.gtceu.api.data.chemical.material.info.MaterialFlags'
[22:02:44] [Render thread/WARN]: Material material.gtceu.wood does not have required property ingot for flag generate_small_gear!
[22:02:44] [Render thread/WARN]: Material material.gtceu.zirconium does not have required property ingot for flag generate_fine_wire!
[22:02:44] [Render thread/WARN]: Material material.gtceu.zirconium does not have required property ingot for flag generate_foil!
[22:02:44] [Render thread/WARN]: Material material.gtceu.zirconium does not have required property dust for flag generate_plate!
[22:02:44] [Render thread/WARN]: Material material.gtceu.zirconium does not have required property dust for flag no_ore_smelting!
[22:02:44] [Render thread/WARN]: Material material.gtceu.zirconium does not have required property dust for flag generate_plate!
[22:02:44] [Render thread/WARN]: Material material.gtceu.zirconium does not have required property dust for flag generate_dense!
[22:02:44] [Render thread/WARN]: Material material.gtceu.zirconium does not have required property dust for flag generate_plate!
[22:02:44] [Render thread/INFO]: tfg/materials/material_modification.ores.js#5: Loaded Java class 'com.gregtechceu.gtceu.api.data.chemical.material.properties.OreProperty'
[22:02:44] [Render thread/INFO]: tfg/materials/material_modification.properties.js#5: Loaded Java class 'com.gregtechceu.gtceu.api.data.chemical.material.properties.DustProperty'
[22:02:44] [Render thread/INFO]: tfg/materials/material_modification.properties.js#6: Loaded Java class 'com.gregtechceu.gtceu.api.data.chemical.material.properties.IngotProperty'
[22:02:44] [Render thread/INFO]: tfg/materials/material_modification.properties.js#8: Loaded Java class 'com.gregtechceu.gtceu.api.data.chemical.material.properties.ItemPipeProperties'
[22:02:44] [Render thread/INFO]: tfg/materials/material_modification.properties.js#9: Loaded Java class 'com.gregtechceu.gtceu.api.data.chemical.material.properties.FluidPipeProperties'
[22:02:44] [Render thread/INFO]: tfg/materials/material_modification.properties.js#10: Loaded Java class 'com.gregtechceu.gtceu.api.data.chemical.material.properties.HazardProperty'
[22:02:44] [Render thread/INFO]: tfg/materials/material_modification.properties.js#11: Loaded Java class 'su.terrafirmagreg.core.common.data.tfgt.TFGMedicalConditions'
[22:02:44] [Render thread/INFO]: tfg/materials/material_modification.tools.js#5: Loaded Java class 'com.gregtechceu.gtceu.api.data.chemical.material.properties.RotorProperty'
[22:02:44] [Render thread/INFO]: tfg/materials/material_modification.tools.js#18: Loaded Java class 'com.gregtechceu.gtceu.api.item.tool.GTToolType'
[22:02:44] [Render thread/INFO]: tfg/materials/material_modification.fluids.js#5: Loaded Java class 'com.gregtechceu.gtceu.api.data.chemical.material.properties.FluidProperty'
[22:02:44] [Render thread/INFO]: tfg/materials/material_modification.fluids.js#6: Loaded Java class 'com.gregtechceu.gtceu.api.fluids.store.FluidStorageKeys'
[22:02:44] [Render thread/INFO]: ae2/tag_prefixes.js#5: Loaded Java class 'appeng.core.definitions.AEBlocks'
[22:02:44] [Render thread/INFO]: ae2/tag_prefixes.js#6: Loaded Java class 'appeng.core.definitions.AEItems'
[22:02:44] [Render thread/INFO]: gtceu/tag_prefixes.js#6: Loaded Java class 'net.minecraft.tags.TagKey'
[22:02:44] [Render thread/INFO]: gtceu/tag_prefixes.js#7: Loaded Java class 'net.minecraftforge.registries.ForgeRegistries'
[22:02:44] [Render thread/INFO]: gtceu/tag_prefixes.js#8: Loaded Java class 'net.minecraft.resources.ResourceLocation'
[22:02:45] [Render thread/WARN]: FluidStorageKey{gtceu:liquid} already has an associated fluid for material tfg:weak_steel
[22:02:45] [Render thread/WARN]: FluidStorageKey{gtceu:liquid} already has an associated fluid for material tfg:weak_red_steel
[22:02:45] [Render thread/WARN]: FluidStorageKey{gtceu:liquid} already has an associated fluid for material tfg:weak_blue_steel
[22:02:45] [Render thread/WARN]: FluidStorageKey{gtceu:liquid} already has an associated fluid for material gtceu:black_dye
[22:02:45] [Render thread/WARN]: FluidStorageKey{gtceu:liquid} already has an associated fluid for material gtceu:pink_dye
[22:02:45] [Render thread/WARN]: FluidStorageKey{gtceu:liquid} already has an associated fluid for material gtceu:gray_dye
[22:02:45] [Render thread/WARN]: FluidStorageKey{gtceu:liquid} already has an associated fluid for material gtceu:green_dye
[22:02:45] [Render thread/WARN]: FluidStorageKey{gtceu:liquid} already has an associated fluid for material gtceu:orange_dye
[22:02:45] [Render thread/WARN]: FluidStorageKey{gtceu:liquid} already has an associated fluid for material gtceu:cyan_dye
[22:02:45] [Render thread/WARN]: FluidStorageKey{gtceu:liquid} already has an associated fluid for material gtceu:yellow_dye
[22:02:45] [Render thread/WARN]: FluidStorageKey{gtceu:liquid} already has an associated fluid for material gtceu:light_gray_dye
[22:02:45] [Render thread/WARN]: FluidStorageKey{gtceu:liquid} already has an associated fluid for material gtceu:purple_dye
[22:02:45] [Render thread/WARN]: FluidStorageKey{gtceu:liquid} already has an associated fluid for material gtceu:milk
[22:02:45] [Render thread/WARN]: FluidStorageKey{gtceu:liquid} already has an associated fluid for material gtceu:lava
[22:02:45] [Render thread/WARN]: FluidStorageKey{gtceu:liquid} already has an associated fluid for material gtceu:blue_dye
[22:02:45] [Render thread/WARN]: FluidStorageKey{gtceu:liquid} already has an associated fluid for material gtceu:magenta_dye
[22:02:45] [Render thread/WARN]: FluidStorageKey{gtceu:liquid} already has an associated fluid for material gtceu:light_blue_dye
[22:02:45] [Render thread/WARN]: FluidStorageKey{gtceu:liquid} already has an associated fluid for material gtceu:brown_dye
[22:02:45] [Render thread/WARN]: FluidStorageKey{gtceu:liquid} already has an associated fluid for material gtceu:lime_dye
[22:02:45] [Render thread/WARN]: FluidStorageKey{gtceu:liquid} already has an associated fluid for material gtceu:red_dye
[22:02:45] [Render thread/WARN]: FluidStorageKey{gtceu:liquid} already has an associated fluid for material gtceu:water
[22:02:45] [Render thread/WARN]: FluidStorageKey{gtceu:liquid} already has an associated fluid for material gtceu:white_dye
[22:02:45] [Render thread/INFO]: gtceu/recipe_types.js#2: Loaded Java class 'com.gregtechceu.gtceu.api.capability.recipe.IO'
[22:02:46] [Render thread/INFO]: gtceu/machines.js#5: Loaded Java class 'com.gregtechceu.gtceu.api.machine.multiblock.CoilWorkableElectricMultiblockMachine'
[22:02:46] [Render thread/INFO]: gtceu/machines.js#6: Loaded Java class 'dev.latvian.mods.kubejs.util.Tags'
[22:02:46] [Render thread/INFO]: tfg/nuclear/machine.js#5: Loaded Java class 'fi.dea.mc.deafission.core.c2.fr.FrComponents'
[22:02:46] [Render thread/INFO]: tfg/nuclear/machine.js#6: Loaded Java class 'fi.dea.mc.deafission.core.ReactorBaseStats'
[22:02:47] [Render thread/INFO]: Greate GTCEu addon initialized!
[22:02:47] [Render thread/INFO]: Registering KeyBinds
[22:02:47] [Render thread/WARN]: Mod 'gtceu' took 4.073 s to run a deferred task.
[22:02:54] [Render thread/WARN]: Registry minecraft:menu: The object net.minecraft.world.inventory.MenuType@1760eab0 has been registered twice for the same name ae2:export_card.
[22:02:54] [Render thread/WARN]: Registry minecraft:menu: The object net.minecraft.world.inventory.MenuType@586fca2b has been registered twice for the same name ae2:insert_card.
[22:02:57] [Render thread/INFO]: Registering C2S receiver with id ae2wtlib:cycle_terminal
[22:02:57] [Render thread/INFO]: Registering C2S receiver with id ae2wtlib:pick_block
[22:02:57] [Render thread/INFO]: Registering C2S receiver with id ae2wtlib:terminal_settings
[22:02:57] [Render thread/INFO]: SchematicInterfaceItem constructor called - behavior created
[22:02:58] [Render thread/INFO]: Initialized block sets in 50ms
[22:02:58] [Render thread/INFO]: Registering Compat WoodType Blocks
[22:02:58] [Render thread/INFO]: [WoodGood - Create Module]: registered 74 WoodType blocks
[22:02:58] [Render thread/INFO]: Running callback for create:flywheel and railways:locometal_flywheel
[22:02:58] [Render thread/INFO]: Running callback for create:flywheel and railways:brown_locometal_flywheel
[22:02:58] [Render thread/INFO]: Running callback for create:flywheel and railways:maroon_locometal_flywheel
[22:02:58] [Render thread/INFO]: Running callback for create:flywheel and railways:red_locometal_flywheel
[22:02:58] [Render thread/INFO]: Running callback for create:flywheel and railways:vermilion_locometal_flywheel
[22:02:58] [Render thread/INFO]: Running callback for create:flywheel and railways:orange_locometal_flywheel
[22:02:58] [Render thread/INFO]: Running callback for create:flywheel and railways:granite_locometal_flywheel
[22:02:58] [Render thread/INFO]: Running callback for create:flywheel and railways:dripstone_locometal_flywheel
[22:02:58] [Render thread/INFO]: Running callback for create:flywheel and railways:ochrum_locometal_flywheel
[22:02:58] [Render thread/INFO]: Running callback for create:flywheel and railways:yellow_locometal_flywheel
[22:02:58] [Render thread/INFO]: Running callback for create:flywheel and railways:chartreuse_locometal_flywheel
[22:02:58] [Render thread/INFO]: Running callback for create:flywheel and railways:olive_green_locometal_flywheel
[22:02:58] [Render thread/INFO]: Running callback for create:flywheel and railways:lime_locometal_flywheel
[22:02:58] [Render thread/INFO]: Running callback for create:flywheel and railways:green_locometal_flywheel
[22:02:58] [Render thread/INFO]: Running callback for create:flywheel and railways:pine_green_locometal_flywheel
[22:02:58] [Render thread/INFO]: Running callback for create:flywheel and railways:cyan_locometal_flywheel
[22:02:58] [Render thread/INFO]: Running callback for create:flywheel and railways:sea_green_locometal_flywheel
[22:02:58] [Render thread/INFO]: Running callback for create:flywheel and railways:turquoise_locometal_flywheel
[22:02:58] [Render thread/INFO]: Running callback for create:flywheel and railways:light_blue_locometal_flywheel
[22:02:58] [Render thread/INFO]: Running callback for create:flywheel and railways:blue_locometal_flywheel
[22:02:58] [Render thread/INFO]: Running callback for create:flywheel and railways:royal_blue_locometal_flywheel
[22:02:58] [Render thread/INFO]: Running callback for create:flywheel and railways:purple_locometal_flywheel
[22:02:58] [Render thread/INFO]: Running callback for create:flywheel and railways:magenta_locometal_flywheel
[22:02:58] [Render thread/INFO]: Running callback for create:flywheel and railways:pink_locometal_flywheel
[22:02:58] [Render thread/INFO]: Running callback for create:flywheel and railways:white_locometal_flywheel
[22:02:58] [Render thread/INFO]: Running callback for create:flywheel and railways:diorite_locometal_flywheel
[22:02:58] [Render thread/INFO]: Running callback for create:flywheel and railways:limestone_locometal_flywheel
[22:02:58] [Render thread/INFO]: Running callback for create:flywheel and railways:light_gray_locometal_flywheel
[22:02:58] [Render thread/INFO]: Running callback for create:flywheel and railways:tuff_locometal_flywheel
[22:02:58] [Render thread/INFO]: Running callback for create:flywheel and railways:gray_locometal_flywheel
[22:02:58] [Render thread/INFO]: Running callback for create:flywheel and railways:scorchia_locometal_flywheel
[22:02:58] [Render thread/INFO]: Running callback for create:flywheel and railways:black_locometal_flywheel
[22:02:58] [Render thread/INFO]: Running callback for create:sliding_door and railways:sliding_locometal_door
[22:02:58] [Render thread/INFO]: Running callback for create:sliding_door and railways:folding_locometal_door
[22:02:58] [Render thread/INFO]: Running callback for create:sliding_door and railways:brown_sliding_locometal_door
[22:02:58] [Render thread/INFO]: Running callback for create:sliding_door and railways:brown_folding_locometal_door
[22:02:58] [Render thread/INFO]: Running callback for create:sliding_door and railways:maroon_sliding_locometal_door
[22:02:58] [Render thread/INFO]: Running callback for create:sliding_door and railways:maroon_folding_locometal_door
[22:02:58] [Render thread/INFO]: Running callback for create:sliding_door and railways:red_sliding_locometal_door
[22:02:58] [Render thread/INFO]: Running callback for create:sliding_door and railways:red_folding_locometal_door
[22:02:58] [Render thread/INFO]: Running callback for create:sliding_door and railways:vermilion_sliding_locometal_door
[22:02:58] [Render thread/INFO]: Running callback for create:sliding_door and railways:vermilion_folding_locometal_door
[22:02:58] [Render thread/INFO]: Running callback for create:sliding_door and railways:orange_sliding_locometal_door
[22:02:58] [Render thread/INFO]: Running callback for create:sliding_door and railways:orange_folding_locometal_door
[22:02:58] [Render thread/INFO]: Running callback for create:sliding_door and railways:granite_sliding_locometal_door
[22:02:58] [Render thread/INFO]: Running callback for create:sliding_door and railways:granite_folding_locometal_door
[22:02:58] [Render thread/INFO]: Running callback for create:sliding_door and railways:dripstone_sliding_locometal_door
[22:02:58] [Render thread/INFO]: Running callback for create:sliding_door and railways:dripstone_folding_locometal_door
[22:02:58] [Render thread/INFO]: Running callback for create:sliding_door and railways:ochrum_sliding_locometal_door
[22:02:58] [Render thread/INFO]: Running callback for create:sliding_door and railways:ochrum_folding_locometal_door
[22:02:58] [Render thread/INFO]: Running callback for create:sliding_door and railways:yellow_sliding_locometal_door
[22:02:58] [Render thread/INFO]: Running callback for create:sliding_door and railways:yellow_folding_locometal_door
[22:02:58] [Render thread/INFO]: Running callback for create:sliding_door and railways:chartreuse_sliding_locometal_door
[22:02:58] [Render thread/INFO]: Running callback for create:sliding_door and railways:chartreuse_folding_locometal_door
[22:02:58] [Render thread/INFO]: Running callback for create:sliding_door and railways:olive_green_sliding_locometal_door
[22:02:58] [Render thread/INFO]: Running callback for create:sliding_door and railways:olive_green_folding_locometal_door
[22:02:58] [Render thread/INFO]: Running callback for create:sliding_door and railways:lime_sliding_locometal_door
[22:02:58] [Render thread/INFO]: Running callback for create:sliding_door and railways:lime_folding_locometal_door
[22:02:58] [Render thread/INFO]: Running callback for create:sliding_door and railways:green_sliding_locometal_door
[22:02:58] [Render thread/INFO]: Running callback for create:sliding_door and railways:green_folding_locometal_door
[22:02:58] [Render thread/INFO]: Running callback for create:sliding_door and railways:pine_green_sliding_locometal_door
[22:02:58] [Render thread/INFO]: Running callback for create:sliding_door and railways:pine_green_folding_locometal_door
[22:02:58] [Render thread/INFO]: Running callback for create:sliding_door and railways:cyan_sliding_locometal_door
[22:02:58] [Render thread/INFO]: Running callback for create:sliding_door and railways:cyan_folding_locometal_door
[22:02:58] [Render thread/INFO]: Running callback for create:sliding_door and railways:sea_green_sliding_locometal_door
[22:02:58] [Render thread/INFO]: Running callback for create:sliding_door and railways:sea_green_folding_locometal_door
[22:02:58] [Render thread/INFO]: Running callback for create:sliding_door and railways:turquoise_sliding_locometal_door
[22:02:58] [Render thread/INFO]: Running callback for create:sliding_door and railways:turquoise_folding_locometal_door
[22:02:58] [Render thread/INFO]: Running callback for create:sliding_door and railways:light_blue_sliding_locometal_door
[22:02:58] [Render thread/INFO]: Running callback for create:sliding_door and railways:light_blue_folding_locometal_door
[22:02:58] [Render thread/INFO]: Running callback for create:sliding_door and railways:blue_sliding_locometal_door
[22:02:58] [Render thread/INFO]: Running callback for create:sliding_door and railways:blue_folding_locometal_door
[22:02:58] [Render thread/INFO]: Running callback for create:sliding_door and railways:royal_blue_sliding_locometal_door
[22:02:58] [Render thread/INFO]: Running callback for create:sliding_door and railways:royal_blue_folding_locometal_door
[22:02:58] [Render thread/INFO]: Running callback for create:sliding_door and railways:purple_sliding_locometal_door
[22:02:58] [Render thread/INFO]: Running callback for create:sliding_door and railways:purple_folding_locometal_door
[22:02:58] [Render thread/INFO]: Running callback for create:sliding_door and railways:magenta_sliding_locometal_door
[22:02:58] [Render thread/INFO]: Running callback for create:sliding_door and railways:magenta_folding_locometal_door
[22:02:58] [Render thread/INFO]: Running callback for create:sliding_door and railways:pink_sliding_locometal_door
[22:02:58] [Render thread/INFO]: Running callback for create:sliding_door and railways:pink_folding_locometal_door
[22:02:58] [Render thread/INFO]: Running callback for create:sliding_door and railways:white_sliding_locometal_door
[22:02:58] [Render thread/INFO]: Running callback for create:sliding_door and railways:white_folding_locometal_door
[22:02:58] [Render thread/INFO]: Running callback for create:sliding_door and railways:diorite_sliding_locometal_door
[22:02:58] [Render thread/INFO]: Running callback for create:sliding_door and railways:diorite_folding_locometal_door
[22:02:58] [Render thread/INFO]: Running callback for create:sliding_door and railways:limestone_sliding_locometal_door
[22:02:58] [Render thread/INFO]: Running callback for create:sliding_door and railways:limestone_folding_locometal_door
[22:02:58] [Render thread/INFO]: Running callback for create:sliding_door and railways:light_gray_sliding_locometal_door
[22:02:58] [Render thread/INFO]: Running callback for create:sliding_door and railways:light_gray_folding_locometal_door
[22:02:58] [Render thread/INFO]: Running callback for create:sliding_door and railways:tuff_sliding_locometal_door
[22:02:58] [Render thread/INFO]: Running callback for create:sliding_door and railways:tuff_folding_locometal_door
[22:02:58] [Render thread/INFO]: Running callback for create:sliding_door and railways:gray_sliding_locometal_door
[22:02:58] [Render thread/INFO]: Running callback for create:sliding_door and railways:gray_folding_locometal_door
[22:02:58] [Render thread/INFO]: Running callback for create:sliding_door and railways:scorchia_sliding_locometal_door
[22:02:58] [Render thread/INFO]: Running callback for create:sliding_door and railways:scorchia_folding_locometal_door
[22:02:58] [Render thread/INFO]: Running callback for create:sliding_door and railways:black_sliding_locometal_door
[22:02:58] [Render thread/INFO]: Running callback for create:sliding_door and railways:black_folding_locometal_door
[22:02:58] [Render thread/INFO]: Running callback for create:copycat and railways:conductor_vent
[22:02:59] [Render thread/INFO]: Running callback for create:track_signal and railways:track_signal_source
[22:02:59] [Render thread/INFO]: Running finalizers
[22:03:00] [Render thread/INFO]: Injecting ArborFirmaCraft override pack
[22:03:00] [Render thread/INFO]: Adding FirmaLife compatibility resource pack
[22:03:00] [Render thread/INFO]: Adding AFC compatibility resource pack
[22:03:00] [Render thread/INFO]: Injecting TFC Tumbleweed override pack
[22:03:00] [Render thread/INFO]: Injecting firmalife override pack
[22:03:01] [Render thread/INFO]: Start scanning for gun packs in C:\Users\erikp\curseforge\minecraft\Instances\TerraFirmaGreg-Modern (1)\tacz
[22:03:01] [Render thread/INFO]: - Applied Armorer-v1.1.4.1.TFG-for114+.zip, Main namespace: applied_armorer
[22:03:01] [Render thread/INFO]: - Create Armorer-v1.2.0-for115.zip, Main namespace: create_armorer
[22:03:01] [Render thread/INFO]: - tacz_default_gun, Main namespace: tacz
[22:03:01] [Render thread/INFO]: - ulv_guns.zip, Main namespace: ulv_guns
[22:03:01] [Render thread/INFO]: Found 4 possible gunpack(s) and added them to resource set.
[22:03:02] [Render thread/INFO]: Hardware information:
[22:03:02] [Render thread/INFO]: CPU: 16x 12th Gen Intel(R) Core(TM) i5-12500H
[22:03:02] [Render thread/INFO]: GPU: NVIDIA GeForce RTX 2050/PCIe/SSE2 (Supports OpenGL 4.6.0 NVIDIA 566.14)
[22:03:02] [Render thread/INFO]: OS: Windows 11 (10.0)
[22:03:02] [Render thread/WARN]: Mod(s) [oculus] are modifying Embeddium class me.jellysquid.mods.sodium.client.render.vertex.VertexFormatDescriptionImpl, which may cause instability.
[22:03:02] [Render thread/WARN]: Mod(s) [oculus] are modifying Embeddium class me.jellysquid.mods.sodium.client.render.vertex.buffer.SodiumBufferBuilder, which may cause instability.
[22:03:02] [Render thread/WARN]: Mod(s) [oculus] are modifying Embeddium class me.jellysquid.mods.sodium.client.render.SodiumWorldRenderer, which may cause instability.
[22:03:04] [Render thread/INFO]: [FANCYMENU] Registering resource reload listener..
[22:03:04] [Render thread/INFO]: [FANCYMENU] Initializing screen customization engine! Addons should NOT REGISTER TO REGISTRIES anymore now!
[22:03:04] [Render thread/INFO]: Mixing client.MixinConnectScreen from mixins/common/nochatreports.mixins.json into net.minecraft.client.gui.screens.ConnectScreen
[22:03:04] [Render thread/INFO]: Mixing client.MixinChatOptionsScreen from mixins/common/nochatreports.mixins.json into net.minecraft.client.gui.screens.ChatOptionsScreen
[22:03:04] [Render thread/INFO]: Renaming synthetic method lambda$init$0(Lnet/minecraft/client/gui/components/AbstractWidget;)V to mda37686$lambda$init$0$0 in mixins/common/nochatreports.mixins.json:client.MixinChatOptionsScreen
[22:03:05] [Render thread/INFO]: Mixing client.MixinJoinMultiplayerScreen from mixins/common/nochatreports.mixins.json into net.minecraft.client.gui.screens.multiplayer.JoinMultiplayerScreen
[22:03:05] [Render thread/INFO]: Renaming synthetic method lambda$onInit$2()Lnet/minecraft/network/chat/Component; to mda37686$lambda$onInit$2$0 in mixins/common/nochatreports.mixins.json:client.MixinJoinMultiplayerScreen
[22:03:05] [Render thread/INFO]: Renaming synthetic method lambda$onInit$1(Lnet/minecraft/client/gui/components/Button;)V to mda37686$lambda$onInit$1$1 in mixins/common/nochatreports.mixins.json:client.MixinJoinMultiplayerScreen
[22:03:05] [Render thread/INFO]: Renaming synthetic method lambda$onInit$0(Lnet/minecraft/client/gui/components/Button;)V to mda37686$lambda$onInit$0$2 in mixins/common/nochatreports.mixins.json:client.MixinJoinMultiplayerScreen
[22:03:10] [Render thread/INFO]: [FANCYMENU] Minecraft resource reload: STARTING
[22:03:10] [Render thread/INFO]: Reloading ResourceManager: Additional Placements Dynamic Resources, gtceu:dynamic_assets, tacz_resources, mod_resources, vanilla, KubeJS Resource Pack [assets], tfg_excludes.zip, file/TerraFirmaCraft_New_Animals.zip, file/Perfected Anvil Helper.zip, file/ComputerCraft Greg Refreshed 1.1 - 1.20.1.zip, file/Icon Xaero's 1.22.zip, file/TFC_Ambiental_Refreshed_1.18-1.21.1.zip, file/tfg-accurate-create-machines.zip, builtin/create_repair_asset_overrides, Moonlight Mods Dynamic Assets, afc_compat_assets, afc-1.0.23-1.20.1.jar:overload, firmalife_compat_assets, Firmalife-1.20.1-2.1.28.jar:overload, knightsofterrafirma-3.1.2-gregified.jar:overload, phoenix_chromatic_codes_dynamic_fonts, TFCTumbleweed-1.20.1-1.2.2.jar:overload, ldlib
[22:03:10] [Worker-ResourceReload-0/INFO]: Starting runtime resource generation for pack type CLIENT_RESOURCES with generators from mods [everycomp, moonlight, everycomp]: [net.mehvahdjukaar.every_compat.dynamicpack.ClientDynamicResourcesHandler@61742754, net.mehvahdjukaar.moonlight.core.MoonlightClient$MLDynamicClientResources@16a4b1dc]
[22:03:10] [Worker-ResourceReload-0/INFO]: Generating runtime assets for pack Moonlight Mods Dynamic Assets (everycomp)
[22:03:10] [Render thread/INFO]: [DRIPPY LOADING SCREEN] Initializing fonts for text rendering..
[22:03:10] [Render thread/INFO]: [FANCYMENU] ScreenCustomizationLayer registered: drippy_loading_overlay
[22:03:10] [Worker-ResourceReload-0/INFO]: Starting dynamic resources generation tasks: 3 in batches of 16
[22:03:10] [Render thread/INFO]: [FANCYMENU] Starting late client initialization phase..
[22:03:11] [Render thread/INFO]: [FANCYMENU] Custom window icon successfully updated!
[22:03:11] [Render thread/INFO]: Client resource reload complete!
[22:03:11] [Render thread/INFO]: Loaded client config
[22:03:11] [Render thread/INFO]: Creating network thread pool with 15 Threads.
[22:03:11] [Render thread/INFO]: [FANCYMENU] Custom window icon successfully updated!
[22:03:13] [Worker-ResourceReload-0/INFO]: Generated runtime CLIENT_RESOURCES for pack Moonlight Mods Dynamic Assets (everycomp) in: 2681 ms (multithreaded)
[22:03:13] [Worker-ResourceReload-0/INFO]: Generating runtime assets for pack Moonlight Mods Dynamic Assets (moonlight)
[22:03:13] [Worker-ResourceReload-0/INFO]: Generated runtime CLIENT_RESOURCES for pack Moonlight Mods Dynamic Assets (moonlight) in: 18 ms (multithreaded)
[22:03:13] [Worker-ResourceReload-0/INFO]: Finished runtime resources generation for 3 packs in a total of 2704 ms
[22:03:13] [Worker-Main-27/INFO]: Found unifont_all_no_pua-15.0.06.hex, loading
[22:03:15] [Render thread/INFO]: [FANCYMENU] ScreenCustomizationLayer registered: pause_screen
[22:03:15] [Render thread/INFO]: Mixing client.MixinRowHelper from mixins/common/nochatreports.mixins.json into net.minecraft.client.gui.layouts.GridLayout$RowHelper
[22:03:15] [Worker-ResourceReload-6/INFO]: Found unifont_all_no_pua-15.0.06.hex, loading
[22:03:15] [modloading-worker-0/INFO]: Updating config cache
[22:03:15] [modloading-worker-0/INFO]: Cache updated successfully
[22:03:16] [modloading-worker-0/INFO]: Loading client config for blockrunner
[22:03:16] [modloading-worker-0/INFO]: Loading client config for pickupnotifier
[22:03:18] [modloading-worker-0/INFO]: Loading client config for hangglider
[22:03:18] [modloading-worker-0/INFO]: Loading client config for cutthrough
[22:03:18] [Render thread/INFO]: GregTech Model loading took 2796ms
[22:03:18] [Render thread/INFO]: Greate model loading took 122ms
[22:03:24] [Worker-ResourceReload-5/INFO]: ConstructionWand says hello - may the odds be ever in your favor.
[22:03:24] [Worker-ResourceReload-10/INFO]: Proximity Chat Mod setup starting
[22:03:24] [Worker-ResourceReload-10/INFO]: Proximity Chat Mod setup completed
[22:03:24] [Worker-ResourceReload-14/INFO]: TFC Common Setup
[22:03:24] [Worker-ResourceReload-13/INFO]: [voicechat] Compatibility version 20
[22:03:24] [Worker-ResourceReload-2/INFO]: Checking loaded mods...
[22:03:24] [Worker-ResourceReload-2/INFO]: Create detected, registering checks
[22:03:24] [Forge Version Check/INFO]: [saturn] Starting version check at https://github.com/AbdElAziz333/Saturn/raw/mc1.20.1/dev/updates.json
[22:03:24] [Worker-ResourceReload-2/INFO]: Done
[22:03:24] [Worker-ResourceReload-7/INFO]: Create Stock Bridge starting
[22:03:25] [Worker-ResourceReload-12/INFO]: Loaded 2383 reliable remover rules.
[22:03:25] [Worker-ResourceReload-7/INFO]: Initilaized Network Handler
[22:03:25] [Worker-ResourceReload-1/INFO]: AFC COMMON SETUP
[22:03:25] [Forge Version Check/WARN]: Failed to process update information
com.google.gson.JsonSyntaxException: java.lang.IllegalStateException: Expected BEGIN_OBJECT but was STRING at line 9 column 1 path $
	at com.google.gson.Gson.fromJson(Gson.java:1226) ~[gson-2.10.jar%23107!/:?]
	at com.google.gson.Gson.fromJson(Gson.java:1124) ~[gson-2.10.jar%23107!/:?]
	at com.google.gson.Gson.fromJson(Gson.java:1034) ~[gson-2.10.jar%23107!/:?]
	at com.google.gson.Gson.fromJson(Gson.java:969) ~[gson-2.10.jar%23107!/:?]
	at net.minecraftforge.fml.VersionChecker$1.process(VersionChecker.java:186) ~[fmlcore-1.20.1-47.4.13.jar%23734!/:?]
	at java.lang.Iterable.forEach(Iterable.java:75) ~[?:?]
	at net.minecraftforge.fml.VersionChecker$1.run(VersionChecker.java:117) ~[fmlcore-1.20.1-47.4.13.jar%23734!/:?]
Caused by: java.lang.IllegalStateException: Expected BEGIN_OBJECT but was STRING at line 9 column 1 path $
	at com.google.gson.stream.JsonReader.beginObject(JsonReader.java:393) ~[gson-2.10.jar%23107!/:?]
	at com.google.gson.internal.bind.MapTypeAdapterFactory$Adapter.read(MapTypeAdapterFactory.java:182) ~[gson-2.10.jar%23107!/:?]
	at com.google.gson.internal.bind.MapTypeAdapterFactory$Adapter.read(MapTypeAdapterFactory.java:144) ~[gson-2.10.jar%23107!/:?]
	at com.google.gson.Gson.fromJson(Gson.java:1214) ~[gson-2.10.jar%23107!/:?]
	... 6 more
[22:03:25] [Forge Version Check/INFO]: [kreno] Starting version check at https://mvnc.pkg.one/update/mod/krypton_fnp/forge_update.json
[22:03:25] [Forge Version Check/INFO]: [kreno] Found status: UP_TO_DATE Current: 26.1.1-1.20.1 Target: null
[22:03:25] [Forge Version Check/INFO]: [pickupnotifier] Starting version check at https://raw.githubusercontent.com/Fuzss/modresources/main/update/pickupnotifier.json
[22:03:25] [Forge Version Check/INFO]: [pickupnotifier] Found status: UP_TO_DATE Current: 8.0.0 Target: null
[22:03:25] [Forge Version Check/INFO]: [corpse] Starting version check at https://update.maxhenkel.de/forge/corpse
[22:03:25] [Worker-ResourceReload-5/INFO]: Loading DSBG...
[22:03:25] [Worker-ResourceReload-5/INFO]: ItemPhysicGuns mod started.
[22:03:25] [Worker-ResourceReload-7/INFO]: Phoenix's Chromatic Codes is heating up!
[22:03:25] [Worker-ResourceReload-12/INFO]: Loading XaeroLib common 1/2!
[22:03:25] [Worker-ResourceReload-4/INFO]: ROADS AND ROOFS COMMON SETUP
[22:03:25] [Worker-ResourceReload-13/INFO]: [voicechat] Loading plugins
[22:03:25] [Worker-ResourceReload-8/INFO]: Weapons ready, my lord!
[22:03:25] [Worker-ResourceReload-8/INFO]: Talking to Curios
[22:03:25] [Worker-ResourceReload-13/INFO]: [voicechat] Loaded 1 plugin(s)
[22:03:25] [Worker-ResourceReload-13/INFO]: [voicechat] Initializing plugins
[22:03:26] [Forge Version Check/INFO]: [corpse] Found status: AHEAD Current: 1.20.1-1.0.23 Target: null
[22:03:26] [Forge Version Check/INFO]: [blur] Starting version check at https://api.modrinth.com/updates/rubidium-extra/forge_updates.json
[22:03:26] [Worker-ResourceReload-5/INFO]: Registering Applied Ammo Box grid linkables...
[22:03:26] [Worker-ResourceReload-10/INFO]: [ali] Registered ALI plugin [ali] com.yanny.ali.plugin.Plugin
[22:03:26] [Worker-ResourceReload-10/INFO]: [ali] Registered ALI plugin [lootjs] com.yanny.ali.lootjs.LootJsPlugin
[22:03:26] [Forge Version Check/INFO]: [blur] Found status: AHEAD Current: 3.1.1 Target: null
[22:03:26] [Forge Version Check/INFO]: [blockrunner] Starting version check at https://raw.githubusercontent.com/Fuzss/modresources/main/update/blockrunner.json
[22:03:26] [Forge Version Check/INFO]: [blockrunner] Found status: UP_TO_DATE Current: 8.0.4 Target: null
[22:03:26] [Forge Version Check/INFO]: [gamestages] Starting version check at https://updates.blamejared.com/get?n=gamestages&gv=1.20.1
[22:03:27] [Worker-ResourceReload-13/INFO]: Initializing Simple Voice Chat integration
[22:03:27] [Worker-ResourceReload-13/INFO]: [voicechat] Initialized 1 plugin(s)
[22:03:27] [Worker-ResourceReload-13/INFO]: [voicechat] Registering events for 'sound_physics_remastered'
[22:03:27] [Worker-ResourceReload-10/INFO]: [ali] Registered ALI plugin [forge] com.yanny.ali.forge.plugin.ForgePlugin
[22:03:27] [Worker-ResourceReload-10/INFO]: [ali] Found 3 plugin(s)
[22:03:27] [Worker-ResourceReload-10/INFO]: [ali] Registering common plugin data...
[22:03:27] [Forge Version Check/INFO]: [gamestages] Found status: BETA Current: 15.0.2 Target: 15.0.2
[22:03:27] [Forge Version Check/INFO]: [create_repair] Starting version check at https://api.modrinth.com/updates/create-repair/forge_updates.json
[22:03:27] [Worker-ResourceReload-10/INFO]: [ali] Loading configuration file C:\Users\erikp\curseforge\minecraft\Instances\TerraFirmaGreg-Modern (1)\config\ali\ali_common.json
[22:03:27] [Worker-ResourceReload-9/INFO]: DiggerHelmet common setup starting...
[22:03:27] [Worker-ResourceReload-9/INFO]: DiggerHelmet common setup completed
[22:03:27] [Worker-ResourceReload-3/INFO]: Hello World from Wan's Ancient Beasts Common Side
[22:03:27] [Forge Version Check/INFO]: [create_repair] Found status: UP_TO_DATE Current: 1.3.0 Target: null
[22:03:27] [Forge Version Check/INFO]: [searchables] Starting version check at https://updates.blamejared.com/get?n=searchables&gv=1.20.1
[22:03:27] [Forge Version Check/INFO]: [searchables] Found status: BETA Current: 1.0.3 Target: 1.0.3
[22:03:27] [Forge Version Check/INFO]: [unilib] Starting version check at https://raw.githubusercontent.com/CDAGaming/VersionLibrary/master/UniLib/update.json
[22:03:27] [Forge Version Check/INFO]: [unilib] Found status: AHEAD Current: 1.2.1 Target: null
[22:03:27] [Forge Version Check/INFO]: [radium] Starting version check at https://api.modrinth.com/updates/radium/forge_updates.json
[22:03:27] [Worker-ResourceReload-4/INFO]: Setting game stages provider implementation to: KubeJS Stages
[22:03:27] [Worker-ResourceReload-4/INFO]: Chose [KubeJS Stages] as the active game stages implementation
[22:03:27] [Worker-ResourceReload-4/INFO]: Setting permissions provider implementation to: FTB Ranks
[22:03:27] [Worker-ResourceReload-4/INFO]: Chose [FTB Ranks] as the active permissions implementation
[22:03:27] [Worker-ResourceReload-4/INFO]: [FTB Quests] recipe helper provider is [JEI]
[22:03:27] [Forge Version Check/INFO]: [radium] Found status: AHEAD Current: 0.12.4+git.26c9d8e Target: null
[22:03:27] [Forge Version Check/INFO]: [attributefix] Starting version check at https://updates.blamejared.com/get?n=attributefix&gv=1.20.1
[22:03:28] [Worker-ResourceReload-4/INFO]: [FTB Quests] Enabled FTB Filter System integration
[22:03:28] [Forge Version Check/INFO]: [attributefix] Found status: BETA Current: 21.0.5 Target: 21.0.5
[22:03:28] [Forge Version Check/INFO]: [puzzlesaccessapi] Starting version check at https://raw.githubusercontent.com/Fuzss/modresources/main/update/puzzlesaccessapi.json
[22:03:28] [Forge Version Check/INFO]: [puzzlesaccessapi] Found status: BETA Current: 20.1.1 Target: null
[22:03:28] [Forge Version Check/INFO]: [forge] Starting version check at https://files.minecraftforge.net/net/minecraftforge/forge/promotions_slim.json
[22:03:28] [Worker-ResourceReload-12/INFO]: TerminalNetwork: registered 22 packets
[22:03:28] [Worker-ResourceReload-4/INFO]: [FTB Chunks] FTB Ranks detected, listening for ranks events
[22:03:28] [Worker-ResourceReload-10/INFO]: [ali] Registered 1 entity variants
[22:03:28] [Worker-ResourceReload-10/INFO]: [ali] Registering common plugin data finished
[22:03:28] [Forge Version Check/INFO]: [forge] Found status: OUTDATED Current: 47.4.13 Target: 47.4.23
[22:03:28] [Forge Version Check/INFO]: [voicechat] Starting version check at https://update.maxhenkel.de/forge/voicechat
[22:03:28] [Forge Version Check/INFO]: [voicechat] Found status: UP_TO_DATE Current: 1.20.1-2.6.23 Target: null
[22:03:28] [Forge Version Check/INFO]: [sound_physics_remastered] Starting version check at https://update.maxhenkel.de/forge/sound_physics_remastered
[22:03:28] [Worker-ResourceReload-4/INFO]: Welcome to the CREATE RAILWAYS NAVIGATOR mod by MRJULSEN.
[22:03:28] [Forge Version Check/INFO]: [sound_physics_remastered] Found status: AHEAD Current: 1.20.1-1.5.1 Target: null
[22:03:28] [Forge Version Check/INFO]: [createstockbridge] Starting version check at https://raw.githubusercontent.com/tom5454/Create-Stock-Bridge/main/version-check.json
[22:03:28] [Forge Version Check/INFO]: [createstockbridge] Found status: BETA Current: 0.2.0 Target: 0.2.0
[22:03:28] [Forge Version Check/INFO]: [puzzleslib] Starting version check at https://raw.githubusercontent.com/Fuzss/modresources/main/update/puzzleslib.json
[22:03:28] [Forge Version Check/INFO]: [puzzleslib] Found status: UP_TO_DATE Current: 8.1.33 Target: null
[22:03:28] [Forge Version Check/INFO]: [ad_astra] Starting version check at https://api.modrinth.com/updates/3ufwT9JF/forge_updates.json
[22:03:28] [Forge Version Check/INFO]: [ad_astra] Found status: OUTDATED Current: 1.15.20 Target: 1.15.21
[22:03:28] [Forge Version Check/INFO]: [controlling] Starting version check at https://updates.blamejared.com/get?n=controlling&gv=1.20.1
[22:03:28] [Forge Version Check/INFO]: [controlling] Found status: BETA Current: 12.0.2 Target: 12.0.2
[22:03:28] [Forge Version Check/INFO]: [bookshelf] Starting version check at https://updates.blamejared.com/get?n=bookshelf&gv=1.20.1
[22:03:28] [Forge Version Check/INFO]: [bookshelf] Found status: BETA Current: 20.2.15 Target: 20.2.15
[22:03:28] [Forge Version Check/INFO]: [uteamcore] Starting version check at https://api.u-team.info/update/uteamcore.json
[22:03:28] [Forge Version Check/INFO]: [uteamcore] Found status: UP_TO_DATE Current: 5.1.4.382 Target: null
[22:03:28] [Forge Version Check/INFO]: [simplewhitelist] Starting version check at https://modrinth.com/plugin/simplewhitelist
[22:03:29] [Forge Version Check/WARN]: Failed to process update information
com.google.gson.JsonSyntaxException: java.lang.IllegalStateException: Expected BEGIN_OBJECT but was STRING at line 1 column 1 path $
	at com.google.gson.Gson.fromJson(Gson.java:1226) ~[gson-2.10.jar%23107!/:?]
	at com.google.gson.Gson.fromJson(Gson.java:1124) ~[gson-2.10.jar%23107!/:?]
	at com.google.gson.Gson.fromJson(Gson.java:1034) ~[gson-2.10.jar%23107!/:?]
	at com.google.gson.Gson.fromJson(Gson.java:969) ~[gson-2.10.jar%23107!/:?]
	at net.minecraftforge.fml.VersionChecker$1.process(VersionChecker.java:186) ~[fmlcore-1.20.1-47.4.13.jar%23734!/:?]
	at java.lang.Iterable.forEach(Iterable.java:75) ~[?:?]
	at net.minecraftforge.fml.VersionChecker$1.run(VersionChecker.java:117) ~[fmlcore-1.20.1-47.4.13.jar%23734!/:?]
Caused by: java.lang.IllegalStateException: Expected BEGIN_OBJECT but was STRING at line 1 column 1 path $
	at com.google.gson.stream.JsonReader.beginObject(JsonReader.java:393) ~[gson-2.10.jar%23107!/:?]
	at com.google.gson.internal.bind.MapTypeAdapterFactory$Adapter.read(MapTypeAdapterFactory.java:182) ~[gson-2.10.jar%23107!/:?]
	at com.google.gson.internal.bind.MapTypeAdapterFactory$Adapter.read(MapTypeAdapterFactory.java:144) ~[gson-2.10.jar%23107!/:?]
	at com.google.gson.Gson.fromJson(Gson.java:1214) ~[gson-2.10.jar%23107!/:?]
	... 6 more
[22:03:29] [Forge Version Check/INFO]: [create_connected] Starting version check at https://raw.githubusercontent.com/hlysine/create_connected/main/update.json
[22:03:29] [Forge Version Check/INFO]: [create_connected] Found status: UP_TO_DATE Current: 1.2.3-mc1.20.1 Target: null
[22:03:29] [Forge Version Check/INFO]: [hangglider] Starting version check at https://raw.githubusercontent.com/Fuzss/modresources/main/update/hangglider.json
[22:03:29] [Forge Version Check/INFO]: [hangglider] Found status: UP_TO_DATE Current: 8.0.1 Target: null
[22:03:29] [Forge Version Check/INFO]: [computercraft] Starting version check at https://api.modrinth.com/updates/cc-tweaked/forge_updates.json
[22:03:29] [Forge Version Check/INFO]: [computercraft] Found status: OUTDATED Current: 1.116.1 Target: 1.120.2
[22:03:29] [Forge Version Check/INFO]: [craftpresence] Starting version check at https://raw.githubusercontent.com/CDAGaming/VersionLibrary/master/CraftPresence/update.json
[22:03:29] [Forge Version Check/INFO]: [craftpresence] Found status: AHEAD Current: 2.7.1 Target: null
[22:03:29] [Forge Version Check/INFO]: [cucumber] Starting version check at https://api.blakesmods.com/v2/mods/cucumber/1.20/updates
[22:03:30] [Forge Version Check/INFO]: [cucumber] Found status: UP_TO_DATE Current: 7.0.16 Target: null
[22:03:30] [Forge Version Check/INFO]: [copycats] Starting version check at https://raw.githubusercontent.com/copycats-plus/copycats/multiloader/update.json
[22:03:30] [Forge Version Check/INFO]: [copycats] Found status: AHEAD Current: 3.0.8+mc.1.20.1-forge Target: null
[22:03:30] [Forge Version Check/INFO]: [cutthrough] Starting version check at https://raw.githubusercontent.com/Fuzss/modresources/main/update/cutthrough.json
[22:03:30] [Forge Version Check/INFO]: [cutthrough] Found status: UP_TO_DATE Current: 8.0.2 Target: null
[22:03:30] [Forge Version Check/INFO]: [smoothboot] Starting version check at https://github.com/AbdElAziz333/SmoothBoot-Reloaded/raw/mc1.20.1/dev/updates.json
[22:03:30] [Forge Version Check/WARN]: Failed to process update information
com.google.gson.JsonSyntaxException: java.lang.IllegalStateException: Expected BEGIN_OBJECT but was STRING at line 9 column 1 path $
	at com.google.gson.Gson.fromJson(Gson.java:1226) ~[gson-2.10.jar%23107!/:?]
	at com.google.gson.Gson.fromJson(Gson.java:1124) ~[gson-2.10.jar%23107!/:?]
	at com.google.gson.Gson.fromJson(Gson.java:1034) ~[gson-2.10.jar%23107!/:?]
	at com.google.gson.Gson.fromJson(Gson.java:969) ~[gson-2.10.jar%23107!/:?]
	at net.minecraftforge.fml.VersionChecker$1.process(VersionChecker.java:186) ~[fmlcore-1.20.1-47.4.13.jar%23734!/:?]
	at java.lang.Iterable.forEach(Iterable.java:75) ~[?:?]
	at net.minecraftforge.fml.VersionChecker$1.run(VersionChecker.java:117) ~[fmlcore-1.20.1-47.4.13.jar%23734!/:?]
Caused by: java.lang.IllegalStateException: Expected BEGIN_OBJECT but was STRING at line 9 column 1 path $
	at com.google.gson.stream.JsonReader.beginObject(JsonReader.java:393) ~[gson-2.10.jar%23107!/:?]
	at com.google.gson.internal.bind.MapTypeAdapterFactory$Adapter.read(MapTypeAdapterFactory.java:182) ~[gson-2.10.jar%23107!/:?]
	at com.google.gson.internal.bind.MapTypeAdapterFactory$Adapter.read(MapTypeAdapterFactory.java:144) ~[gson-2.10.jar%23107!/:?]
	at com.google.gson.Gson.fromJson(Gson.java:1214) ~[gson-2.10.jar%23107!/:?]
	... 6 more
[22:03:30] [Forge Version Check/INFO]: [armorquickswap] Starting version check at https://raw.githubusercontent.com/Fuzss/modresources/main/update/armorquickswap.json
[22:03:30] [Forge Version Check/INFO]: [armorquickswap] Found status: UP_TO_DATE Current: 8.0.0 Target: null
[22:03:30] [Forge Version Check/INFO]: [inventoryhud] Starting version check at https://raw.githubusercontent.com/DmitryLovin/pluginUpdate/master/invupdate.json
[22:03:30] [Forge Version Check/INFO]: [inventoryhud] Found status: UP_TO_DATE Current: 3.4.26 Target: null
[22:03:30] [Render thread/INFO]: Registered synced data key tacz:shoot_cool_down for minecraft:living_entity
[22:03:30] [Render thread/INFO]: Registered synced data key tacz:melee_cool_down for minecraft:living_entity
[22:03:30] [Render thread/INFO]: Registered synced data key tacz:reload_state for minecraft:living_entity
[22:03:30] [Render thread/INFO]: Registered synced data key tacz:aiming_progress for minecraft:living_entity
[22:03:30] [Render thread/INFO]: Registered synced data key tacz:draw_cool_down for minecraft:living_entity
[22:03:30] [Render thread/INFO]: Registered synced data key tacz:is_aiming for minecraft:living_entity
[22:03:30] [Render thread/INFO]: Registered synced data key tacz:sprint_time for minecraft:living_entity
[22:03:30] [Render thread/INFO]: Registered synced data key tacz:is_bolting for minecraft:living_entity
[22:03:30] [Render thread/INFO]: Registered synced data key tacz:throwable_using for minecraft:living_entity
[22:03:30] [Render thread/INFO]: Initialized color sets in 169ms
[22:03:30] [Render thread/INFO]: CC: Tweaked found. Enabling integration...
[22:03:30] [Render thread/INFO]: Hello from common setup! This is *after* registries are done, so we can do this:
[22:03:30] [Render thread/INFO]: Look, I found a diamond!
[22:03:30] [Render thread/INFO]: Register ammo_box with GridLinkables
[22:03:30] [Render thread/INFO]: Register creative_ammo_box with GridLinkables
[22:03:30] [Render thread/INFO]: Initialised AE2WT integration.
[22:03:30] [Render thread/INFO]: Curios integration available
[22:03:30] [Render thread/INFO]: TFC Ambiental integration available
[22:03:30] [Render thread/INFO]: Sodium Dynamic Lights integration available
[22:03:30] [Worker-ResourceReload-9/WARN]: Invalid frame index on sprite gtceu:block/fluids/fluid.nuclear_waste frame 40: 40
[22:03:30] [Render thread/INFO]: FluidLogistics partial models registered!
[22:03:30] [Render thread/INFO]: Every Compat has loaded 1 modules: [create]
[22:03:30] [Render thread/INFO]: Registered 74 compat blocks making up 0.30% of total blocks registered
[22:03:31] [Render thread/INFO]: Registering world event types...
[22:03:31] [Render thread/INFO]: [Schematic] Block blacklist loaded: 5 entries
[22:03:31] [Render thread/INFO]: [Dismantler] Block blacklist loaded: 5 entries
[22:03:31] [Render thread/INFO]: ItemsConfig loaded — EnergyAnalyzer: maxMachines=16, refresh=20t, history=30s | Manager: maxMultiblocks=32, allowME=true | Schematic: ae2Copy=true
[22:03:31] [Render thread/INFO]: ThemeBundleRegistry: 1 bundle(s) loaded: terrafirmagreg
[22:03:31] [Render thread/INFO]: Registered Multi-Structure Manager with AE2 GridLinkables
[22:03:31] [Render thread/INFO]: Registered Schematic Interface with AE2 GridLinkables
[22:03:31] [Render thread/INFO]: AE2 Integration initialized successfully
[22:03:31] [Worker-ResourceReload-5/WARN]: Invalid frame index on sprite gtceu:block/fluids/fluid.ostrum_vapor frame 40: 40
[22:03:31] [Worker-ResourceReload-12/WARN]: Invalid frame index on sprite gtceu:block/fluids/fluid.dense_ostrum_vapor frame 40: 40
[22:03:31] [Worker-ResourceReload-5/INFO]: Mod Whitelist v1.1.0 from the client! Modlist: ["aaa_particles", "aci", "ad_astra", "adaptive_performance_tweaks_core", "adaptive_performance_tweaks_gamerules", "adaptive_performance_tweaks_items", "adaptive_performance_tweaks_player", "additionalplacements", "advancedperipherals", "ae2", "ae2insertexportcard", "ae2netanalyser", "ae2wtlib", "afc", "ags_modernmarkings", "aiimprovements", "alekiroofs", "alekiships", "ali", "alltheleaks", "almanac", "ambientsounds", "antiquelegacy", "applied_ammo_box", "architectury", "armorquickswap", "arthropocolypse", "astikorcarts", "attributefix", "baguettelib", "balm", "barrels_2012", "beneath", "betterp2p", "betterpingdisplay", "blockrunner", "blur", "bookshelf", "botarium", "buildinggadgets2", "carpeted", "carryon", "cc_utf8_compat", "chalk", "chat_heads", "cherishedworlds", "chunky", "clienttweaks", "cloth_config", "colorwheel", "comforts", "computercraft", "conditional_mixin", "configuration", "constructionwand", "controlling", "copycats", "corpse", "corpsecurioscompat", "cosmeticarmorreworked", "cosycritters", "craftaudit", "craftingstation", "craftingtweaks", "craftpresence", "crash_assistant", "crashexploitfixer", "create", "create_connected", "create_hypertube", "create_repair", "createaddition", "createdeco", "createhorsepower", "createliquidfuel", "createpickywheels", "createrailwaysnavigator", "createstockbridge", "createthreadedtrains", "creativecore", "cubes_without_borders", "cucumber", "curios", "cutthrough", "deafission", "deathban", "decay_2012", "defaultoptions", "diggerhelmet", "do_a_barrel_roll", "domum_ornamentum", "dragonlib", "drippyloadingscreen", "dsbg", "embeddium", "emi", "emixx", "endermanoverhaul", "enhancedvisuals", "entityculling", "esc", "etched", "euphoria_patcher", "everycomp", "expatternprovider", "exposure", "extremesoundmuffler", "fabric_api_base", "fallingtrees", "fancymenu", "fastbench", "fastipping", "fastsuite", "ferritecore", "firmaciv", "firmacivplus", "firmalife", "flickerfix", "fluidlogistics", "flywheel", "forge", "fowlplay", "fpsreducer", "framedblocks", "ftbbackups2", "ftbchunks", "ftbessentials", "ftbfiltersystem", "ftblibrary", "ftbquests", "ftbranks", "ftbteams", "ftbxaerocompat", "ftbxmodcompat", "fullstackwatchdog", "fzzy_config", "gamestages", "geckolib", "glodium", "goprone", "grapplemod", "greate", "gtceu", "gtceuterminal", "gtmutils", "guideme", "hangglider", "horsescanswim", "ihearttfc", "immediatelyfast", "immersive_aircraft", "immersive_optimization", "inventoryhud", "inventoryprofilesnext", "iris_search", "iris_shader_folder", "itemphysicguns", "itemphysiclite", "jade", "jadeaddons", "jei", "jellies", "jumbofurnace", "knightsofterrafirma", "konkrete", "kotlinforforge", "kreno", "kubejs", "kubejs_create", "kubejs_tfc", "kuma_api", "ldlib", "letmedespawn", "libipn", "lithostitched", "lmft", "lodestone", "lootjs", "lootr", "magistuarmory", "man_of_many_planes", "map_atlases", "mcw_tfc_aio", "measurements", "megacells", "melody", "merequester", "minecraft", "mixinsquared", "mobcollisionoff", "mod_whitelist", "modernfix", "moldraw", "moonlight", "morered", "moreredxcctcompat", "mousetweaks", "mts", "mtsofficialpack", "myserveriscompatible", "mysql_jdbc", "nanhealthfixer", "nerb", "nochatreports", "notenoughanimations", "oamp", "observable", "octolib", "oculus", "packetfixer", "pandalib", "particle_core", "particular", "patchouli", "phoenix_chromatic_codes", "pickupnotifier", "placebo", "playerrevive", "playerrevive_compat", "polylib", "ponder", "primitive_creatures", "proximitychat", "punishment_for_death", "puzzlesaccessapi", "puzzleslib", "pvp_flagging", "radium", "railways", "realmrpg_skeletons", "reliable_recipes", "reliable_remover", "resourcefulconfig", "resourcefullib", "rhino", "rnr", "rubidium", "s3_progression_mod", "sandworm_mod", "satin", "saturn", "searchables", "seasonhud", "showcaser", "simplebedrockmodel", "simplelogin", "simplewhitelist", "simplylight", "simplystacked", "skinrestorer", "smartbrainlib", "smoothboot", "sns", "sodiumdynamiclights", "sodiumextras", "sodiumoptionsapi", "sophisticatedbackpacks", "sophisticatedcore", "soulbinding", "sound_physics_remastered", "spark", "species", "spectrelib", "sqlite_jdbc", "steampowered", "struts", "supermartijn642configlib", "tacz", "taczammoquery", "taczjs", "tacztweaks", "tfc", "tfc_ruins", "tfc_support_indicator", "tfc_textile", "tfc_tumbleweed", "tfcagedalcohol", "tfcambiental", "tfcastikorcarts", "tfcbetterbf", "tfccanes", "tfcchannelcasting", "tfcgenviewer", "tfcgroomer", "tfchotornot", "tfclunchbox", "tfcscraping", "tfcstructuremodc", "tfcvesseltooltip", "tfcweldbutton", "tfg", "timeout_fixes", "toofast", "toolbelt", "toomanyrecipeviewers", "transition", "trender", "tumbleweed", "unilib", "useitemonblockevent", "uteamcore", "vintage_kubejs", "vintageimprovements", "voicechat", "voicechat_api", "wakes", "wan_ancient_beasts", "waterflasks", "xaerolib", "xaerominimap", "xaeroworldmap", "yeetusexperimentus", "yet_another_config_lib_v3", ]
[22:03:31] [Worker-ResourceReload-5/INFO]: Reloading reverb parameters
[22:03:31] [Worker-ResourceReload-8/INFO]: Loading Xaero's Minimap - Stage 1/2
[22:03:31] [Worker-ResourceReload-5/INFO]: Unknown sound in sound rate config: cccbridge:cage_lock
[22:03:31] [Worker-ResourceReload-5/INFO]: Unknown sound in sound rate config: cccbridge:cage_unlock
[22:03:31] [Worker-ResourceReload-5/INFO]: Unknown sound in sound rate config: tfg:entity.bison.ambient
[22:03:31] [Worker-ResourceReload-5/INFO]: Unknown sound in sound rate config: tfg:entity.bison.attack
[22:03:31] [Worker-ResourceReload-5/INFO]: Unknown sound in sound rate config: tfg:entity.bison.death
[22:03:31] [Worker-ResourceReload-5/INFO]: Unknown sound in sound rate config: tfg:entity.bison.hurt
[22:03:31] [Worker-ResourceReload-5/INFO]: Unknown sound in sound rate config: tfg:entity.bison.step
[22:03:31] [Worker-ResourceReload-5/INFO]: Unknown sound in sound rate config: tfg:entity.seal.ambient
[22:03:31] [Worker-ResourceReload-5/INFO]: Unknown sound in sound rate config: tfg:entity.seal.attack
[22:03:31] [Worker-ResourceReload-5/INFO]: Unknown sound in sound rate config: tfg:entity.seal.death
[22:03:31] [Worker-ResourceReload-5/INFO]: Unknown sound in sound rate config: tfg:entity.seal.hurt
[22:03:31] [Worker-ResourceReload-5/INFO]: Unknown sound in sound rate config: tfg:entity.seal.step
[22:03:31] [Worker-ResourceReload-5/INFO]: Unknown sound in sound rate config: waves:waves.waves_breaking
[22:03:31] [Worker-ResourceReload-5/INFO]: Using Cloth Config GUI
[22:03:32] [Worker-ResourceReload-6/WARN]: Unused frames in sprite tfg:item/fission_rod/americium_241_rod: [10, 11, 12, 13, 14, 15, 16, 17, 18, 19]
[22:03:32] [Worker-ResourceReload-6/WARN]: Invalid frame index on sprite computercraft:block/computer_front_static frame 1: 1
[22:03:32] [Worker-ResourceReload-6/WARN]: Invalid frame index on sprite computercraft:block/computer_front_static frame 2: 2
[22:03:32] [Worker-ResourceReload-6/WARN]: Invalid frame index on sprite computercraft:block/computer_front_static frame 3: 3
[22:03:32] [Worker-ResourceReload-10/INFO]: [EMI] Discovered Sodium
[22:03:32] [Worker-ResourceReload-7/INFO]: Registering config screens for mod comforts with 1 config(s)
[22:03:32] [Worker-ResourceReload-4/WARN]: Turtle upgrade serialiser advancedperipherals:chunky_turtle was registered too late, its models may not be loaded correctly. If you are the mod author, you may be using a deprecated API - see https://github.com/cc-tweaked/CC-Tweaked/pull/1684 for further information.
[22:03:32] [Worker-ResourceReload-4/WARN]: Turtle upgrade serialiser advancedperipherals:compass_turtle was registered too late, its models may not be loaded correctly. If you are the mod author, you may be using a deprecated API - see https://github.com/cc-tweaked/CC-Tweaked/pull/1684 for further information.
[22:03:32] [Worker-ResourceReload-4/WARN]: Turtle upgrade serialiser advancedperipherals:chatty_turtle was registered too late, its models may not be loaded correctly. If you are the mod author, you may be using a deprecated API - see https://github.com/cc-tweaked/CC-Tweaked/pull/1684 for further information.
[22:03:32] [Worker-ResourceReload-4/WARN]: Turtle upgrade serialiser advancedperipherals:environment_turtle was registered too late, its models may not be loaded correctly. If you are the mod author, you may be using a deprecated API - see https://github.com/cc-tweaked/CC-Tweaked/pull/1684 for further information.
[22:03:32] [Worker-ResourceReload-4/WARN]: Turtle upgrade serialiser advancedperipherals:geoscanner_turtle was registered too late, its models may not be loaded correctly. If you are the mod author, you may be using a deprecated API - see https://github.com/cc-tweaked/CC-Tweaked/pull/1684 for further information.
[22:03:32] [Worker-ResourceReload-4/WARN]: Turtle upgrade serialiser advancedperipherals:player_turtle was registered too late, its models may not be loaded correctly. If you are the mod author, you may be using a deprecated API - see https://github.com/cc-tweaked/CC-Tweaked/pull/1684 for further information.
[22:03:32] [Worker-ResourceReload-4/WARN]: Turtle upgrade serialiser advancedperipherals:overpowered_end_automata was registered too late, its models may not be loaded correctly. If you are the mod author, you may be using a deprecated API - see https://github.com/cc-tweaked/CC-Tweaked/pull/1684 for further information.
[22:03:32] [Worker-ResourceReload-4/WARN]: Turtle upgrade serialiser advancedperipherals:overpowered_husbandry_automata was registered too late, its models may not be loaded correctly. If you are the mod author, you may be using a deprecated API - see https://github.com/cc-tweaked/CC-Tweaked/pull/1684 for further information.
[22:03:32] [Worker-ResourceReload-4/WARN]: Turtle upgrade serialiser advancedperipherals:overpowered_weak_automata was registered too late, its models may not be loaded correctly. If you are the mod author, you may be using a deprecated API - see https://github.com/cc-tweaked/CC-Tweaked/pull/1684 for further information.
[22:03:32] [Worker-ResourceReload-4/WARN]: Turtle upgrade serialiser advancedperipherals:husbandry_automata was registered too late, its models may not be loaded correctly. If you are the mod author, you may be using a deprecated API - see https://github.com/cc-tweaked/CC-Tweaked/pull/1684 for further information.
[22:03:32] [Worker-ResourceReload-4/WARN]: Turtle upgrade serialiser advancedperipherals:end_automata was registered too late, its models may not be loaded correctly. If you are the mod author, you may be using a deprecated API - see https://github.com/cc-tweaked/CC-Tweaked/pull/1684 for further information.
[22:03:32] [Worker-ResourceReload-4/WARN]: Turtle upgrade serialiser advancedperipherals:weak_automata was registered too late, its models may not be loaded correctly. If you are the mod author, you may be using a deprecated API - see https://github.com/cc-tweaked/CC-Tweaked/pull/1684 for further information.
[22:03:32] [Worker-ResourceReload-4/INFO]: Loading Xaero's World Map - Stage 1/2
[22:03:32] [Placebo Patreon Trail Loader/INFO]: Loading patreon trails data...
[22:03:32] [Placebo Patreon Wing Loader/INFO]: Loading patreon wing data...
[22:03:33] [Worker-ResourceReload-9/INFO]: [LambDynLights] Initializing SodiumDynamicLights...
[22:03:33] [Worker-ResourceReload-9/ERROR]: A mod is calling registerReloadListener at the wrong time. This will cause random concurrency crashes when ModernFix is not installed. Please report this to them. If you are a modder, refer to https://github.com/embeddedt/ModernFix/wiki/registerReloadListener-called-on-wrong-thread for more information.
java.lang.Exception: registerReloadListener called on wrong thread
	at net.minecraft.server.packs.resources.ReloadableResourceManager.wrapMethod$zjo000$checkCallingThread(ReloadableResourceManager.java:540) ~[client-1.20.1-20230612.114412-srg.jar%23733!/:?]
	at net.minecraft.server.packs.resources.ReloadableResourceManager.m_7217_(ReloadableResourceManager.java) ~[client-1.20.1-20230612.114412-srg.jar%23733!/:?]
	at toni.sodiumdynamiclights.SodiumDynamicLights.registerClient(SodiumDynamicLights.java:245) ~[sodiumdynamiclights-forge-1.0.10-1.20.1.jar%23679!/:?]
	at toni.sodiumdynamiclights.SodiumDynamicLights.registerReloadListener(SodiumDynamicLights.java:240) ~[sodiumdynamiclights-forge-1.0.10-1.20.1.jar%23679!/:?]
	at toni.sodiumdynamiclights.SodiumDynamicLights.onInitializeClient(SodiumDynamicLights.java:212) ~[sodiumdynamiclights-forge-1.0.10-1.20.1.jar%23679!/:?]
	at toni.sodiumdynamiclights.SodiumDynamicLights.clientSetup(SodiumDynamicLights.java:231) ~[sodiumdynamiclights-forge-1.0.10-1.20.1.jar%23679!/:?]
	at net.minecraftforge.eventbus.EventBus.doCastFilter(EventBus.java:260) ~[eventbus-6.0.5.jar%2387!/:?]
	at net.minecraftforge.eventbus.EventBus.lambda$addListener$11(EventBus.java:252) ~[eventbus-6.0.5.jar%2387!/:?]
	at net.minecraftforge.eventbus.EventBus.post(EventBus.java:315) ~[eventbus-6.0.5.jar%2387!/:?]
	at net.minecraftforge.eventbus.EventBus.post(EventBus.java:296) ~[eventbus-6.0.5.jar%2387!/:?]
	at net.minecraftforge.fml.javafmlmod.FMLModContainer.acceptEvent(FMLModContainer.java:121) ~[javafmllanguage-1.20.1-47.4.13.jar%23735!/:?]
	at net.minecraftforge.fml.ModContainer.lambda$buildTransitionHandler$5(ModContainer.java:127) ~[fmlcore-1.20.1-47.4.13.jar%23734!/:?]
	at java.util.concurrent.CompletableFuture$AsyncRun.run(CompletableFuture.java:1804) ~[?:?]
	at java.util.concurrent.CompletableFuture$AsyncRun.exec(CompletableFuture.java:1796) ~[?:?]
	at java.util.concurrent.ForkJoinTask.doExec(ForkJoinTask.java:373) ~[?:?]
	at java.util.concurrent.ForkJoinPool$WorkQueue.topLevelExec(ForkJoinPool.java:1182) ~[?:?]
	at java.util.concurrent.ForkJoinPool.scan(ForkJoinPool.java:1655) ~[?:?]
	at java.util.concurrent.ForkJoinPool.runWorker(ForkJoinPool.java:1622) ~[?:?]
	at java.util.concurrent.ForkJoinWorkerThread.run(ForkJoinWorkerThread.java:165) ~[?:?]
[22:03:33] [Worker-ResourceReload-14/INFO]: HELLO FROM CLIENT SETUP
[22:03:33] [Worker-ResourceReload-14/INFO]: MINECRAFT NAME >> Joerning
[22:03:33] [Placebo Patreon Trail Loader/INFO]: Loaded 51 patreon trails.
[22:03:33] [Placebo Patreon Wing Loader/INFO]: Loaded 44 patreon wings.
[22:03:33] [Worker-ResourceReload-12/INFO]: [KONKRETE] Client-side libs ready to use!
[22:03:33] [Worker-ResourceReload-9/INFO]: Loading XaeroLib client 1/2!
[22:03:33] [Worker-ResourceReload-7/INFO]: [ali] Registering client plugin data...
[22:03:33] [Render thread/WARN]: Shader color_convolve could not find uniform named InSize in the specified shader program.
[22:03:33] [Worker-ResourceReload-13/INFO]: [voicechat] Using Cloth Config GUI
[22:03:33] [Worker-ResourceReload-10/ERROR]: A mod is calling registerReloadListener at the wrong time. This will cause random concurrency crashes when ModernFix is not installed. Please report this to them. If you are a modder, refer to https://github.com/embeddedt/ModernFix/wiki/registerReloadListener-called-on-wrong-thread for more information.
java.lang.Exception: registerReloadListener called on wrong thread
	at net.minecraft.server.packs.resources.ReloadableResourceManager.wrapMethod$zjo000$checkCallingThread(ReloadableResourceManager.java:540) ~[client-1.20.1-20230612.114412-srg.jar%23733!/:?]
	at net.minecraft.server.packs.resources.ReloadableResourceManager.m_7217_(ReloadableResourceManager.java) ~[client-1.20.1-20230612.114412-srg.jar%23733!/:?]
	at dev.architectury.registry.forge.ReloadListenerRegistryImpl.registerClient(ReloadListenerRegistryImpl.java:53) ~[architectury-9.2.14-forge.jar%23467!/:?]
	at dev.architectury.registry.forge.ReloadListenerRegistryImpl.register(ReloadListenerRegistryImpl.java:47) ~[architectury-9.2.14-forge.jar%23467!/:?]
	at dev.architectury.registry.ReloadListenerRegistry.register(ReloadListenerRegistry.java) ~[architectury-9.2.14-forge.jar%23467!/:?]
	at dev.architectury.registry.ReloadListenerRegistry.register(ReloadListenerRegistry.java:40) ~[architectury-9.2.14-forge.jar%23467!/:?]
	at net.jelly.sandworm_mod.event.ClientEvents$ModClientEvents.onClientSetup(ClientEvents.java:37) ~[sandworm_mod-1.2.0.jar%23667!/:1.2.0]
	at net.jelly.sandworm_mod.event.__ModClientEvents_onClientSetup_FMLClientSetupEvent.invoke(.dynamic) ~[sandworm_mod-1.2.0.jar%23667!/:1.2.0]
	at net.minecraftforge.eventbus.ASMEventHandler.invoke(ASMEventHandler.java:73) ~[eventbus-6.0.5.jar%2387!/:?]
	at net.minecraftforge.eventbus.EventBus.post(EventBus.java:315) ~[eventbus-6.0.5.jar%2387!/:?]
	at net.minecraftforge.eventbus.EventBus.post(EventBus.java:296) ~[eventbus-6.0.5.jar%2387!/:?]
	at net.minecraftforge.fml.javafmlmod.FMLModContainer.acceptEvent(FMLModContainer.java:121) ~[javafmllanguage-1.20.1-47.4.13.jar%23735!/:?]
	at net.minecraftforge.fml.ModContainer.lambda$buildTransitionHandler$5(ModContainer.java:127) ~[fmlcore-1.20.1-47.4.13.jar%23734!/:?]
	at java.util.concurrent.CompletableFuture$AsyncRun.run(CompletableFuture.java:1804) ~[?:?]
	at java.util.concurrent.CompletableFuture$AsyncRun.exec(CompletableFuture.java:1796) ~[?:?]
	at java.util.concurrent.ForkJoinTask.doExec(ForkJoinTask.java:373) ~[?:?]
	at java.util.concurrent.ForkJoinPool$WorkQueue.topLevelExec(ForkJoinPool.java:1182) ~[?:?]
	at java.util.concurrent.ForkJoinPool.scan(ForkJoinPool.java:1655) ~[?:?]
	at java.util.concurrent.ForkJoinPool.runWorker(ForkJoinPool.java:1622) ~[?:?]
	at java.util.concurrent.ForkJoinWorkerThread.run(ForkJoinWorkerThread.java:165) ~[?:?]
[22:03:33] [Worker-ResourceReload-13/INFO]: [voicechat] Initializing Opus
[22:03:33] [Worker-ResourceReload-5/WARN]: Key mapping key.observable.profile registered after event
java.lang.RuntimeException: null
	at dev.architectury.registry.client.keymappings.forge.KeyMappingRegistryImpl.register(KeyMappingRegistryImpl.java:47) ~[architectury-9.2.14-forge.jar%23467!/:?]
	at dev.architectury.registry.client.keymappings.KeyMappingRegistry.register(KeyMappingRegistry.java) ~[architectury-9.2.14-forge.jar%23467!/:?]
	at observable.Observable.clientInit(Observable.java:151) ~[observable-4.4.2.jar%23640!/:?]
	at observable.forge.ObservableForge.onClientInit(ObservableForge.java:28) ~[observable-4.4.2.jar%23640!/:?]
	at net.minecraftforge.eventbus.EventBus.doCastFilter(EventBus.java:260) ~[eventbus-6.0.5.jar%2387!/:?]
	at net.minecraftforge.eventbus.EventBus.lambda$addListener$11(EventBus.java:252) ~[eventbus-6.0.5.jar%2387!/:?]
	at net.minecraftforge.eventbus.EventBus.post(EventBus.java:315) ~[eventbus-6.0.5.jar%2387!/:?]
	at net.minecraftforge.eventbus.EventBus.post(EventBus.java:296) ~[eventbus-6.0.5.jar%2387!/:?]
	at net.minecraftforge.fml.javafmlmod.FMLModContainer.acceptEvent(FMLModContainer.java:121) ~[javafmllanguage-1.20.1-47.4.13.jar%23735!/:?]
	at net.minecraftforge.fml.ModContainer.lambda$buildTransitionHandler$5(ModContainer.java:127) ~[fmlcore-1.20.1-47.4.13.jar%23734!/:?]
	at java.util.concurrent.CompletableFuture$AsyncRun.run(CompletableFuture.java:1804) ~[?:?]
	at java.util.concurrent.CompletableFuture$AsyncRun.exec(CompletableFuture.java:1796) ~[?:?]
	at java.util.concurrent.ForkJoinTask.doExec(ForkJoinTask.java:373) ~[?:?]
	at java.util.concurrent.ForkJoinPool$WorkQueue.topLevelExec(ForkJoinPool.java:1182) ~[?:?]
	at java.util.concurrent.ForkJoinPool.scan(ForkJoinPool.java:1655) ~[?:?]
	at java.util.concurrent.ForkJoinPool.runWorker(ForkJoinPool.java:1622) ~[?:?]
	at java.util.concurrent.ForkJoinWorkerThread.run(ForkJoinWorkerThread.java:165) ~[?:?]
[22:03:33] [Worker-ResourceReload-5/INFO]: Call the banners! We enter the fray!
[22:03:33] [Worker-ResourceReload-5/INFO]: Loading FTB Chunks Season Component
[22:03:33] [Worker-ResourceReload-5/INFO]: FTB Chunks Season Component Loaded
[22:03:33] [Worker-ResourceReload-13/INFO]: [voicechat] Successfully initialized Opus
[22:03:33] [Worker-ResourceReload-13/INFO]: [voicechat] Initializing RNNoise
[22:03:33] [Worker-ResourceReload-3/WARN]: Key mapping key.createrailwaysnavigator.route_overlay_options registered after event
java.lang.RuntimeException: null
	at dev.architectury.registry.client.keymappings.forge.KeyMappingRegistryImpl.register(KeyMappingRegistryImpl.java:47) ~[architectury-9.2.14-forge.jar%23467!/:?]
	at dev.architectury.registry.client.keymappings.KeyMappingRegistry.register(KeyMappingRegistry.java) ~[architectury-9.2.14-forge.jar%23467!/:?]
	at de.mrjulsen.crn.client.input.ModKeys.init(ModKeys.java:24) ~[createrailwaysnavigator-forge-1.20.1-beta-0.9.1-C6.jar%23518!/:1.20.1-beta-0.9.1-C6]
	at de.mrjulsen.crn.event.ModClientEvents.lambda$init$0(ModClientEvents.java:28) ~[createrailwaysnavigator-forge-1.20.1-beta-0.9.1-C6.jar%23518!/:1.20.1-beta-0.9.1-C6]
	at java.lang.invoke.MethodHandle.invokeWithArguments(MethodHandle.java:732) ~[?:?]
	at dev.architectury.event.EventFactory.invokeMethod(EventFactory.java:53) ~[architectury-9.2.14-forge.jar%23467!/:?]
	at dev.architectury.event.EventFactory$1.handleInvocation(EventFactory.java:62) ~[architectury-9.2.14-forge.jar%23467!/:?]
	at com.google.common.reflect.AbstractInvocationHandler.invoke(AbstractInvocationHandler.java:87) ~[guava-31.1-jre.jar%23109!/:?]
	at jdk.proxy4.$Proxy162.stateChanged(Unknown Source) ~[?:?]
	at dev.architectury.event.forge.EventHandlerImplClient$ModBasedEventHandler.event(EventHandlerImplClient.java:342) ~[architectury-9.2.14-forge.jar%23467!/:?]
	at dev.architectury.event.forge.__ModBasedEventHandler_event_FMLClientSetupEvent.invoke(.dynamic) ~[architectury-9.2.14-forge.jar%23467!/:?]
	at net.minecraftforge.eventbus.ASMEventHandler.invoke(ASMEventHandler.java:73) ~[eventbus-6.0.5.jar%2387!/:?]
	at net.minecraftforge.eventbus.EventBus.post(EventBus.java:315) ~[eventbus-6.0.5.jar%2387!/:?]
	at net.minecraftforge.eventbus.EventBus.post(EventBus.java:296) ~[eventbus-6.0.5.jar%2387!/:?]
	at net.minecraftforge.fml.javafmlmod.FMLModContainer.acceptEvent(FMLModContainer.java:121) ~[javafmllanguage-1.20.1-47.4.13.jar%23735!/:?]
	at net.minecraftforge.fml.ModContainer.lambda$buildTransitionHandler$5(ModContainer.java:127) ~[fmlcore-1.20.1-47.4.13.jar%23734!/:?]
	at java.util.concurrent.CompletableFuture$AsyncRun.run(CompletableFuture.java:1804) ~[?:?]
	at java.util.concurrent.CompletableFuture$AsyncRun.exec(CompletableFuture.java:1796) ~[?:?]
	at java.util.concurrent.ForkJoinTask.doExec(ForkJoinTask.java:373) ~[?:?]
	at java.util.concurrent.ForkJoinPool$WorkQueue.topLevelExec(ForkJoinPool.java:1182) ~[?:?]
	at java.util.concurrent.ForkJoinPool.scan(ForkJoinPool.java:1655) ~[?:?]
	at java.util.concurrent.ForkJoinPool.runWorker(ForkJoinPool.java:1622) ~[?:?]
	at java.util.concurrent.ForkJoinWorkerThread.run(ForkJoinWorkerThread.java:165) ~[?:?]
[22:03:33] [Worker-ResourceReload-13/INFO]: [voicechat] Successfully initialized RNNoise
[22:03:33] [Worker-ResourceReload-13/INFO]: [voicechat] Initializing Speex
[22:03:33] [Worker-ResourceReload-13/INFO]: [voicechat] Successfully initialized Speex
[22:03:33] [Worker-ResourceReload-13/INFO]: [voicechat] Initializing LAME
[22:03:34] [Worker-ResourceReload-13/INFO]: [voicechat] Successfully initialized LAME
[22:03:34] [Worker-ResourceReload-13/INFO]: Sodium Dynamic Lights detected - using integrated lighting system
[22:03:34] [Worker-ResourceReload-13/INFO]: Enhanced SDL integration initialized successfully
[22:03:34] [Worker-ResourceReload-13/INFO]: Using SDL for dynamic lighting
[22:03:34] [Worker-ResourceReload-13/INFO]: Create integration available
[22:03:34] [Worker-ResourceReload-6/WARN]: Invalid frame index on sprite gtceu:block/fluids/fluid.residual_radioactive_concoction frame 30: 30
[22:03:34] [Worker-ResourceReload-13/INFO]: Hello World from Wan's Ancient Beasts Client Side
[22:03:34] [Worker-ResourceReload-9/INFO]: Registering S2C receiver with id ae2wtlib:update_wut
[22:03:34] [Worker-ResourceReload-9/INFO]: Registering S2C receiver with id ae2wtlib:update_restock
[22:03:34] [Worker-ResourceReload-9/INFO]: Registering S2C receiver with id ae2wtlib:restock_amounts
[22:03:34] [Worker-ResourceReload-7/INFO]: [ali] Registered 22 node widgets
[22:03:34] [Worker-ResourceReload-7/INFO]: [ali] Registered 22 data node factories
[22:03:34] [Worker-ResourceReload-7/INFO]: [ali] Registering client plugin data finished
[22:03:35] [Worker-ResourceReload-0/WARN]: Texture species:item/advancements/v3 with size 24x24 limits mip level from 4 to 3
[22:03:35] [Worker-ResourceReload-0/WARN]: Texture tfg:item/universal_compost_browns with size 16x15 limits mip level from 3 to 0
[22:03:36] [Render thread/INFO]: Initializing framebuffers of RenderStateCapture
[22:03:36] [Render thread/INFO]: Initialized framebuffers of RenderStateCapture
[22:03:36] [Render thread/INFO]: Loading Xaero's World Map - Stage 2/2
[22:03:36] [Render thread/INFO]: New world map region cache hash code: 1013748642
[22:03:36] [Render thread/INFO]: Registered player tracker system: map_synced
[22:03:36] [Render thread/INFO]: Xaero's WorldMap Mod: Xaero's minimap found!
[22:03:36] [Render thread/INFO]: Registered player tracker system: minimap_synced
[22:03:36] [Render thread/INFO]: No Optifine!
[22:03:36] [Render thread/INFO]: Xaero's World Map: No Vivecraft!
[22:03:36] [Render thread/INFO]: Xaero's World Map: Framed Blocks found!
[22:03:36] [Render thread/INFO]: Xaero's World Map: Iris found!
[22:03:36] [Render thread/INFO]: Loading XaeroLib common 2/2!
[22:03:36] [Render thread/INFO]: Loading XaeroLib client 2/2!
[22:03:36] [Render thread/INFO]: Loading Xaero's Minimap - Stage 2/2
[22:03:37] [Render thread/INFO]: Registered player tracker system: minimap_synced
[22:03:40] [Worker-ResourceReload-8/INFO]: Early baking 1 models
[22:03:47] [Worker-ResourceReload-8/WARN]: Posting dynamic ModelEvent.ModifyBakingResult to mods took 6.263 s, breakdown below:
[22:03:47] [Worker-ResourceReload-8/WARN]:     framedblocks: 2.360 s
[22:03:47] [Worker-ResourceReload-8/WARN]:     create: 1.951 s
[22:03:47] [Worker-ResourceReload-8/WARN]:     modernfix: 1.394 s
[22:03:47] [Worker-ResourceReload-8/WARN]:     morered: 381.9 ms
[22:03:47] [Worker-ResourceReload-8/WARN]:     chalk: 115.7 ms
[22:03:47] [Render thread/INFO]: [AAAParticles] Initializing global Effekseer managers
[22:03:47] [Render thread/INFO]: OpenGL debug message: id=1280, source=API, type=ERROR, severity=HIGH, message='GL_INVALID_ENUM error generated.'
[22:03:47] [Render thread/INFO]: Initializing main Effekseer manager with 139310 instance counts
[22:03:47] [Worker-ResourceReload-10/INFO]: craftingstation has registered tfar.craftingstation.CraftingStationMenu for CraftingTweaks via IMC
[22:03:47] [Worker-ResourceReload-3/INFO]: tfg/worldgen/fauna.js#5: Loaded Java class 'net.minecraft.world.entity.SpawnPlacements'
[22:03:47] [Worker-ResourceReload-12/INFO]: Loaded values for 24 compatible attributes.
[22:03:47] [Worker-ResourceReload-2/INFO]: [com.mrh0.createaddition.CreateAddition:postInit:136]: Create Crafts & Additions Initialized!
[22:03:48] [Worker-ResourceReload-12/WARN]: Attribute ID 'minecolonies:mc_mob_damage' does not belong to a known attribute. This entry will be ignored.
[22:03:48] [Worker-ResourceReload-9/INFO]: Automatic pull animal configuration:
pull_animals = [
    "minecraft:camel",
    "minecraft:donkey",
    "minecraft:horse",
    "minecraft:mule",
    "minecraft:skeleton_horse",
    "minecraft:zombie_horse",
    "minecraft:player",
    "tfc:donkey",
    "tfc:mule",
    "tfc:horse",
    "tfg:dromedary_camel",
    "tfg:bactrian_camel",
    "tfg:surfer",
    "wan_ancient_beasts:walker",
    "wan_ancient_beasts:soarer",
    "wan_ancient_beasts:surfer",
    "wan_ancient_beasts:charger"
  ]
[22:03:48] [Worker-ResourceReload-12/INFO]: Loaded 25 values from config.
[22:03:48] [Worker-ResourceReload-12/INFO]: Saving config file. 25 entries.
[22:03:48] [Worker-ResourceReload-12/INFO]: Applying changes for 25 attributes.
[22:03:48] [Worker-ResourceReload-6/INFO]: Start loading plugin at net.blay09.mods.balm.forge.compat.hudinfo.ForgeJadeModCompat
[22:03:48] [Worker-ResourceReload-6/INFO]: Start loading plugin at io.github.mortuusars.exposure.integration.jade.ExposureJadePlugin
[22:03:48] [Worker-ResourceReload-6/INFO]: Start loading plugin at de.maxhenkel.corpse.integration.waila.PluginCorpse
[22:03:48] [Worker-ResourceReload-6/INFO]: Start loading plugin at com.alekiponi.alekiships.compat.waila.JadeIntegration
[22:03:48] [Worker-ResourceReload-6/INFO]: Start loading plugin at snownee.jade.addon.JadeAddonsBase
[22:03:48] [Worker-ResourceReload-5/INFO]: Registered Digger Helmet repair recipe schema for KubeJS
[22:03:48] [Worker-ResourceReload-6/INFO]: Start loading plugin at net.dries007.tfc.compat.jade.JadeIntegration
[22:03:48] [Worker-ResourceReload-6/INFO]: Start loading plugin at cy.jdkdigital.tfcgroomer.compat.jade.JadeIntegration
[22:03:48] [Worker-ResourceReload-6/INFO]: Start loading plugin at com.alekiponi.firmaciv.compat.waila.JadeIntegration
[22:03:48] [Worker-ResourceReload-6/INFO]: Start loading plugin at com.therighthon.afc.compat.jade.AFCJadePlugin
[22:03:48] [Worker-ResourceReload-6/INFO]: Start loading plugin at com.floweytf.tfcsupportindicator.JadePlugin
[22:03:48] [Worker-ResourceReload-6/INFO]: Start loading plugin at mcinterface1201.InterfaceJade
[22:03:48] [Worker-ResourceReload-6/INFO]: Start loading plugin at com.therighthon.rnr.compat.jade.JadeIntegration
[22:03:48] [Worker-ResourceReload-6/INFO]: Start loading plugin at me.pandamods.fallingtrees.compat.JadePlugin
[22:03:48] [Worker-ResourceReload-6/INFO]: Start loading plugin at com.gregtechceu.gtceu.integration.jade.GTJadePlugin
[22:03:48] [Worker-ResourceReload-6/INFO]: Start loading plugin at su.terrafirmagreg.core.compat.jade.TFGJadePlugin
[22:03:48] [Worker-ResourceReload-6/INFO]: Start loading plugin at net.neganote.gtutilities.integration.jade.UtilJadePlugin
[22:03:48] [Worker-ResourceReload-6/INFO]: Start loading plugin at fi.dea.mc.deafission.compat.jade.FissionWailaPlugin
[22:03:48] [Worker-ResourceReload-6/INFO]: Start loading plugin at snownee.jade.addon.vanilla.VanillaPlugin
[22:03:48] [Worker-ResourceReload-6/INFO]: Start loading plugin at snownee.jade.addon.universal.UniversalPlugin
[22:03:48] [Worker-ResourceReload-6/INFO]: Start loading plugin at snownee.jade.addon.core.CorePlugin
[22:03:48] [Worker-ResourceReload-6/INFO]: Start loading plugin at appeng.integration.modules.jade.JadeModule
[22:03:48] [Worker-ResourceReload-0/INFO]: Registering Ponder Scenes took 415.8 ms
[22:03:48] [Worker-ResourceReload-6/INFO]: Start loading plugin at com.glodblock.github.extendedae.xmod.jade.JadePlugin
[22:03:48] [Worker-ResourceReload-6/INFO]: Start loading plugin at com.eerussianguy.firmalife.compat.tooltip.JadeIntegration
[22:03:48] [Worker-ResourceReload-6/INFO]: Start loading plugin at com.ljuangbminecraft.tfcchannelcasting.compat.JadeIntegration
[22:03:48] [Worker-ResourceReload-6/INFO]: Start loading plugin at xfacthd.framedblocks.common.compat.jade.FramedJadePlugin
[22:03:48] [Worker-ResourceReload-0/INFO]: Registering Ponder Tags took 17.23 ms
[22:03:48] [Worker-ResourceReload-6/INFO]: Start loading plugin at com.yision.fluidlogistics.compat.jade.FluidLogisticsJadePlugin
[22:03:50] [Render thread/WARN]: Mod 'createrailwaysnavigator' took 2.350 s to run a deferred task.
[22:03:51] [Render thread/INFO]: Loaded 133 default key bindings.
[22:03:51] [Render thread/INFO]: Applied 115 defaults to key mappings (0 keys were reconfigured).
[22:03:51] [Render thread/INFO]: Loaded default options for keymappings
[22:03:52] [Render thread/WARN]: Missing sound for event: fowlplay:entity.vulture.call
[22:03:52] [Render thread/WARN]: Missing sound for event: fowlplay:entity.vulture.hurt
[22:03:52] [Render thread/INFO]: OpenAL initialized on device OpenAL Soft on Speakers (Realtek(R) Audio)
[22:03:52] [Render thread/INFO]: Initializing Sound Physics
[22:03:52] [Render thread/INFO]: EFX Extension recognized
[22:03:52] [Render thread/INFO]: Max auxiliary sends: 4
[22:03:52] [Render thread/INFO]: Aux slot 1 created
[22:03:52] [Render thread/INFO]: Aux slot 2 created
[22:03:52] [Render thread/INFO]: Aux slot 3 created
[22:03:52] [Render thread/INFO]: Aux slot 4 created
[22:03:52] [Render thread/INFO]: EFX ready
[22:03:52] [Render thread/INFO]: Sound engine started
[22:03:52] [Render thread/INFO]: [FANCYMENU] Reloading AudioResourceHandler after Minecraft SoundEngine reload..
[22:03:53] [Render thread/INFO]: Created: 8192x4096x4 minecraft:textures/atlas/blocks.png-atlas
[22:03:53] [Render thread/INFO]: Created: 1024x1024x4 minecraft:textures/atlas/signs.png-atlas
[22:03:53] [Render thread/INFO]: Created: 512x512x4 minecraft:textures/atlas/banner_patterns.png-atlas
[22:03:53] [Render thread/INFO]: Created: 4096x2048x4 minecraft:textures/atlas/shield_patterns.png-atlas
[22:03:53] [Render thread/INFO]: Created: 4096x2048x4 minecraft:textures/atlas/armor_trims.png-atlas
[22:03:53] [Render thread/INFO]: Created: 2048x1024x4 minecraft:textures/atlas/chest.png-atlas
[22:03:53] [Render thread/INFO]: Created: 128x128x4 minecraft:textures/atlas/decorated_pot.png-atlas
[22:03:53] [Render thread/INFO]: Created: 512x512x4 minecraft:textures/atlas/shulker_boxes.png-atlas
[22:03:53] [Render thread/INFO]: Created: 512x256x4 minecraft:textures/atlas/beds.png-atlas
[22:03:54] [Render thread/WARN]: Unable to load model: 'create:block/beam/block_x' referenced from: tfg:block/girder/truss/tin_alloy/bracket_south: java.io.FileNotFoundException: create:models/block/beam/block_x.json
[22:03:54] [Render thread/WARN]: Shader rendertype_entity_translucent_emissive could not find sampler named Sampler2 in the specified shader program.
[22:03:54] [Render thread/WARN]: Shader mts:mts_entity_lights could not find sampler named Sampler1 in the specified shader program.
[22:03:54] [Render thread/WARN]: Shader mts:mts_entity_lights could not find sampler named Sampler2 in the specified shader program.
[22:03:54] [Render thread/WARN]: Shader mts:mts_entity_lights could not find uniform named Light0_Direction in the specified shader program.
[22:03:54] [Render thread/WARN]: Shader mts:mts_entity_lights could not find uniform named Light1_Direction in the specified shader program.
[22:03:54] [Render thread/WARN]: Shader mts:mts_entity_cutout_noshadows could not find sampler named Sampler1 in the specified shader program.
[22:03:54] [Render thread/WARN]: Shader mts:mts_entity_cutout_noshadows could not find uniform named Light0_Direction in the specified shader program.
[22:03:54] [Render thread/WARN]: Shader mts:mts_entity_cutout_noshadows could not find uniform named Light1_Direction in the specified shader program.
[22:03:54] [Render thread/WARN]: Shader moonlight:text_alpha_color could not find sampler named Sampler2 in the specified shader program.
[22:03:54] [Render thread/WARN]: Shader moonlight:text_alpha_color could not find uniform named IViewRotMat in the specified shader program.
[22:03:54] [Render thread/WARN]: Shader gtmutils:rendertype_wormhole could not find uniform named GameTime in the specified shader program.
[22:03:54] [Render thread/WARN]: Shader gtmutils:rendertype_wormhole could not find uniform named ScrollSpeed in the specified shader program.
[22:03:54] [Render thread/WARN]: Shader lodestone:shapes/scrolling_texture could not find uniform named GameTime in the specified shader program.
[22:03:54] [Render thread/WARN]: Shader lodestone:shapes/scrolling_texture could not find uniform named Speed in the specified shader program.
[22:03:54] [Render thread/WARN]: Shader lodestone:shapes/scrolling_triangle_texture could not find uniform named GameTime in the specified shader program.
[22:03:54] [Render thread/WARN]: Shader lodestone:shapes/scrolling_triangle_texture could not find uniform named Speed in the specified shader program.
[22:03:55] [Render thread/INFO]: Created: 2048x1024x0 minecraft:textures/atlas/particles.png-atlas
[22:03:55] [Render thread/INFO]: Created: 512x512x0 minecraft:textures/atlas/paintings.png-atlas
[22:03:55] [Render thread/INFO]: Created: 256x256x0 minecraft:textures/atlas/mob_effects.png-atlas
[22:04:06] [Render thread/WARN]: Mod(s) [oculus] are modifying Embeddium class me.jellysquid.mods.sodium.client.gl.device.GLRenderDevice$ImmediateDrawCommandList, which may cause instability.
[22:04:06] [Render thread/INFO]: BookContentResourceListenerLoader preloaded 3069 jsons
[22:04:06] [Render thread/INFO]: Deduplicated ResourcefulLib highlights (295 points, 466 lines)
[22:04:06] [Render thread/INFO]: Created: 128x128x0 computercraft:textures/atlas/gui.png-atlas
[22:04:06] [Render thread/INFO]: Created: 256x256x0 jei:textures/atlas/gui.png-atlas
[22:04:06] [Render thread/INFO]: Successfully reloaded the XaeroLib shaders!
[22:04:10] [Render thread/INFO]: Data driven guides: []
[22:04:10] [Render thread/INFO]: Created: 128x64x0 guideme:textures/atlas/gui.png-atlas
[22:04:10] [Render thread/INFO]: Created: 512x256x0 polylib:textures/atlas/gui.png-atlas
[22:04:10] [Render thread/INFO]: Created: 256x256x0 moonlight:textures/atlas/map_markers.png-atlas
[22:04:10] [Render thread/INFO]: Loaded 106 shader sources in 76.156 ms
[22:04:10] [Render thread/INFO]: Loaded 118 train hat configurations.
[22:04:10] [Render thread/INFO]: Loaded 111 / 111 TFCGenViewer Biome(s).
[22:04:10] [Render thread/INFO]: Loaded 13 / 13 TFCGenViewer Color(s).
[22:04:10] [Render thread/INFO]: Loaded 8 / 8 TFCGenViewer Gradient(s).
[22:04:10] [Render thread/INFO]: [FANCYMENU] Reloading resources..
[22:04:10] [Render thread/INFO]: [FANCYMENU] Pre-loading resources..
[22:04:12] [Render thread/INFO]: [FANCYMENU] Minecraft resource reload: FINISHED
[22:04:12] [Render thread/INFO]: [FANCYMENU] ScreenCustomizationLayer registered: title_screen
[22:04:12] [Render thread/INFO]: Creating pipeline for dimension NamespacedId{namespace='minecraft', name='overworld'}
[22:04:12] [Render thread/ERROR]: [FANCYMENU] Failed to read texture from file! File not found: C:\Users\erikp\curseforge\minecraft\Instances\TerraFirmaGreg-Modern (1)\kubejs\assets\tfg\textures\gui\modrinth_logo.png
[22:04:13] [Render thread/INFO]: Loaded AmbientEngine 'basic' v3.2.5. 16 dimension(s), 15 features, 15 blockgroups, 2 sound collections, 51 regions, 88 sounds, 12 sound categories, 7 solids and 2 biome types
[22:04:13] [Render thread/INFO]: OpenGL debug message: id=1282, source=API, type=ERROR, severity=HIGH, message='GL_INVALID_OPERATION error generated. <texture> is not a valid texture name.'
[22:04:13] [Render thread/INFO]: [FANCYMENU] Registering GLFW custom cursor: NAME: fm_cursor_element_0e89f992-5107-402f-bf3e-8cc5478179a5-1774515064025 | TEXTURE CONTEXT: [source:local]/config/fancymenu/assets/cursor.png
[22:04:14] [Render thread/WARN]: Game took 179.162 seconds to start
[22:04:14] [Worker-ResourceReload-6/WARN]: Mod(s) [oculus] are modifying Embeddium class me.jellysquid.mods.sodium.client.gui.options.OptionImpl, which may cause instability.
[22:04:14] [Worker-ResourceReload-6/WARN]: Mod(s) [sodiumoptionsapi] are modifying Embeddium class me.jellysquid.mods.sodium.client.gui.options.OptionGroup$Builder, which may cause instability.
[22:04:14] [Worker-ResourceReload-6/WARN]: Mod(s) [sodiumoptionsapi] are modifying Embeddium class me.jellysquid.mods.sodium.client.gui.options.OptionPage, which may cause instability.
[22:04:14] [Worker-ResourceReload-6/WARN]: Mod(s) [oculus] are modifying Embeddium class me.jellysquid.mods.sodium.client.render.chunk.region.RenderRegion$DeviceResources, which may cause instability.
[22:04:14] [Worker-ResourceReload-6/WARN]: Mod(s) [oculus] are modifying Embeddium class me.jellysquid.mods.sodium.client.render.chunk.compile.buffers.BakedChunkModelBuilder, which may cause instability.
[22:04:14] [Worker-ResourceReload-6/WARN]: Mod(s) [oculus] are modifying Embeddium class me.jellysquid.mods.sodium.client.render.chunk.compile.tasks.ChunkBuilderMeshingTask, which may cause instability.
[22:04:14] [Worker-ResourceReload-6/WARN]: Mod(s) [tfc] are modifying Embeddium class me.jellysquid.mods.sodium.client.render.chunk.compile.pipeline.FluidRenderer, which may cause instability.
[22:04:15] [Worker-ResourceReload-6/WARN]: Mod(s) [sodiumoptionsapi] are modifying Embeddium class me.jellysquid.mods.sodium.client.gui.options.OptionGroup, which may cause instability.
[22:04:15] [Worker-ResourceReload-6/WARN]: Mod(s) [oculus] are modifying Embeddium class me.jellysquid.mods.sodium.client.render.immediate.model.BakedModelEncoder, which may cause instability.
[22:04:15] [Worker-ResourceReload-6/WARN]: Mod(s) [oculus, sodiumdynamiclights] are modifying Embeddium class me.jellysquid.mods.sodium.client.model.light.flat.FlatLightPipeline, which may cause instability.
[22:04:15] [Worker-ResourceReload-6/WARN]: Error loading class: net/caffeinemc/mods/sodium/client/model/light/flat/FlatLightPipeline (java.lang.ClassNotFoundException: net.caffeinemc.mods.sodium.client.model.light.flat.FlatLightPipeline)
[22:04:15] [Worker-ResourceReload-6/WARN]: Mod(s) [sodiumdynamiclights] are modifying Embeddium class me.jellysquid.mods.sodium.client.model.light.data.ArrayLightDataCache, which may cause instability.
[22:04:15] [Worker-ResourceReload-6/WARN]: Error loading class: net/caffeinemc/mods/sodium/client/model/light/data/ArrayLightDataCache (java.lang.ClassNotFoundException: net.caffeinemc.mods.sodium.client.model.light.data.ArrayLightDataCache)
[22:04:15] [Worker-ResourceReload-6/WARN]: Mod(s) [sodiumdynamiclights] are modifying Embeddium class me.jellysquid.mods.sodium.client.model.light.data.LightDataAccess, which may cause instability.
[22:04:15] [Worker-ResourceReload-6/WARN]: Error loading class: net/caffeinemc/mods/sodium/client/model/light/data/LightDataAccess (java.lang.ClassNotFoundException: net.caffeinemc.mods.sodium.client.model.light.data.LightDataAccess)
[22:04:15] [Worker-ResourceReload-6/WARN]: Static binding violation: PRIVATE @Overwrite method m_215924_ in modernfix-modernfix.mixins.json:perf.tag_id_caching.TagEntryMixin cannot reduce visibiliy of PUBLIC target method, visibility will be upgraded.
[22:04:15] [Worker-ResourceReload-6/INFO]: Mixing server.MixinServerboundChatCommandPacket from mixins/common/nochatreports.mixins.json into net.minecraft.network.protocol.game.ServerboundChatCommandPacket
[22:04:16] [Worker-ResourceReload-6/WARN]: Mod(s) [sodiumextras, oculus] are modifying Embeddium class me.jellysquid.mods.sodium.client.gui.SodiumGameOptionPages, which may cause instability.
[22:04:16] [Worker-ResourceReload-6/WARN]: Mod(s) [oculus] are modifying Embeddium class me.jellysquid.mods.sodium.client.render.chunk.DefaultChunkRenderer, which may cause instability.
[22:04:16] [Worker-ResourceReload-6/WARN]: Mod(s) [oculus] are modifying Embeddium class me.jellysquid.mods.sodium.client.render.chunk.ShaderChunkRenderer, which may cause instability.
[22:04:16] [Worker-ResourceReload-6/WARN]: Mod(s) [oculus] are modifying Embeddium class me.jellysquid.mods.sodium.client.render.chunk.vertex.format.ChunkMeshAttribute, which may cause instability.
[22:04:16] [Worker-ResourceReload-6/INFO]: Mixing client.MixinGuiMessageTag from mixins/common/nochatreports.mixins.json into net.minecraft.client.GuiMessageTag
[22:04:16] [Worker-ResourceReload-6/WARN]: Mod(s) [oculus] are modifying Embeddium class me.jellysquid.mods.sodium.client.render.chunk.compile.ChunkBuildBuffers, which may cause instability.
[22:04:16] [Worker-ResourceReload-6/WARN]: Mod(s) [oculus] are modifying Embeddium class me.jellysquid.mods.sodium.client.render.immediate.CloudRenderer, which may cause instability.
[22:04:16] [Worker-ResourceReload-6/WARN]: Mod(s) [oculus] are modifying Embeddium class me.jellysquid.mods.sodium.client.gl.shader.GlProgram, which may cause instability.
[22:04:16] [Worker-ResourceReload-6/WARN]: Error loading class: net/fabricmc/fabric/api/blockview/v2/FabricBlockView (java.lang.ClassNotFoundException: net.fabricmc.fabric.api.blockview.v2.FabricBlockView)
[22:04:16] [Worker-ResourceReload-6/WARN]: Error loading class: net/fabricmc/fabric/api/rendering/data/v1/RenderAttachedBlockView (java.lang.ClassNotFoundException: net.fabricmc.fabric.api.rendering.data.v1.RenderAttachedBlockView)
[22:04:16] [Worker-ResourceReload-6/INFO]: Method setOutput at mixin dev.uncandango.alltheleaks.mixin.core.main.SmithingCategoryExtensionMixin cancelled due to not matching hash: Actual 1351335289, Expected: [-981951451]
[22:04:16] [Worker-ResourceReload-6/INFO]: Mixin annotation @Lcom/llamalad7/mixinextras/injector/ModifyExpressionValue;(at={@Lorg/spongepowered/asm/mixin/injection/At;(args={}, value="INVOKE", target="Lnet/minecraft/world/item/crafting/Ingredient;m_43908_()[Lnet/minecraft/world/item/ItemStack;")}, method={}, slice={}) at mixin dev.uncandango.alltheleaks.mixin.core.main.SmithingCategoryExtensionMixin removed due to no methods available
[22:04:16] [Worker-ResourceReload-6/WARN]: Modified mixin "dev.uncandango.alltheleaks.mixin.core.main.SmithingCategoryExtensionMixin". Check debug logs for more information.
[22:04:16] [Worker-ResourceReload-6/WARN]: Mod(s) [oculus] are modifying Embeddium class me.jellysquid.mods.sodium.client.render.chunk.vertex.format.ChunkMeshFormats, which may cause instability.
[22:04:16] [Worker-ResourceReload-6/WARN]: Mod(s) [oculus] are modifying Embeddium class me.jellysquid.mods.sodium.client.gl.attribute.GlVertexFormat$Builder, which may cause instability.
[22:04:16] [Worker-ResourceReload-6/WARN]: Mod(s) [oculus] are modifying Embeddium class me.jellysquid.mods.sodium.client.gl.attribute.GlVertexAttributeFormat, which may cause instability.
[22:04:16] [Worker-ResourceReload-6/INFO]: Mixing client.MixinOnlineServerEntry from mixins/common/nochatreports.mixins.json into net.minecraft.client.gui.screens.multiplayer.ServerSelectionList$OnlineServerEntry
[22:04:16] [Worker-ResourceReload-6/INFO]: Renaming synthetic method lambda$onRender$0()Ljava/util/ArrayList; to mda37686$lambda$onRender$0$0 in mixins/common/nochatreports.mixins.json:client.MixinOnlineServerEntry
[22:04:16] [Worker-ResourceReload-6/WARN]: Method overwrite conflict for removeIf in lithium.mixins.json:world.chunk_tickets.SortedArraySetMixin, previously written by org.embeddedt.modernfix.common.mixin.bugfix.paper_chunk_patches.SortedArraySetMixin. Skipping method.
[22:04:16] [Worker-ResourceReload-6/INFO]: Mixing client.MixinPlayerEntry from mixins/common/nochatreports.mixins.json into net.minecraft.client.gui.screens.social.PlayerEntry
[22:04:16] [Worker-ResourceReload-6/INFO]: Renaming synthetic method lambda$onConstructed$0(Lnet/minecraft/client/gui/components/Button;)V to mda37686$lambda$onConstructed$0$0 in mixins/common/nochatreports.mixins.json:client.MixinPlayerEntry
[22:04:16] [Worker-ResourceReload-6/INFO]: Mixing client.MixinClientHandshakePacketListenerImpl from mixins/forge/nochatreports-forge.mixins.json into net.minecraft.client.multiplayer.ClientHandshakePacketListenerImpl
[22:04:16] [Worker-ResourceReload-6/WARN]: Mod(s) [copycats] are modifying Embeddium class me.jellysquid.mods.sodium.client.render.chunk.compile.pipeline.BlockRenderer, which may cause instability.
[22:04:16] [Worker-ResourceReload-6/ERROR]: Caught exception in thread Thread[Worker-ResourceReload-6,10,main]
java.lang.NoClassDefFoundError: dev/kosmx/playerAnim/api/layered/IAnimation
	at java.lang.Class.forName0(Native Method) ~[?:?]
	at java.lang.Class.forName(Class.java:467) ~[?:?]
	at org.spongepowered.asm.service.modlauncher.ModLauncherClassProvider.findClass(ModLauncherClassProvider.java:76) ~[mixin-0.8.5.jar%23100!/:0.8.5+Jenkins-b310.git-155314e6e91465dad727e621a569906a410cd6f4]
	at org.spongepowered.asm.mixin.transformer.MixinProcessor.audit(MixinProcessor.java:254) ~[mixin-0.8.5.jar%23100!/:0.8.5+Jenkins-b310.git-155314e6e91465dad727e621a569906a410cd6f4]
	at org.spongepowered.asm.mixin.transformer.MixinTransformer.audit(MixinTransformer.java:171) ~[mixin-0.8.5.jar%23100!/:0.8.5+Jenkins-b310.git-155314e6e91465dad727e621a569906a410cd6f4]
	at org.spongepowered.asm.mixin.MixinEnvironment.audit(MixinEnvironment.java:1425) ~[mixin-0.8.5.jar%23100!/:0.8.5+Jenkins-b310.git-155314e6e91465dad727e621a569906a410cd6f4]
	at org.embeddedt.modernfix.util.ClassInfoManager.doClear(ClassInfoManager.java:70) ~[modernfix-forge-5.27.51+mc1.20.1.jar%23627!/:5.27.51+mc1.20.1]
	at java.util.concurrent.ForkJoinTask$RunnableExecuteAction.exec(ForkJoinTask.java:1395) ~[?:?]
	at java.util.concurrent.ForkJoinTask.doExec(ForkJoinTask.java:373) ~[?:?]
	at java.util.concurrent.ForkJoinPool$WorkQueue.topLevelExec(ForkJoinPool.java:1182) ~[?:?]
	at java.util.concurrent.ForkJoinPool.scan(ForkJoinPool.java:1655) ~[?:?]
	at java.util.concurrent.ForkJoinPool.runWorker(ForkJoinPool.java:1622) ~[?:?]
	at java.util.concurrent.ForkJoinWorkerThread.run(ForkJoinWorkerThread.java:165) ~[?:?]
Caused by: java.lang.ClassNotFoundException: dev.kosmx.playerAnim.api.layered.IAnimation
	at jdk.internal.loader.BuiltinClassLoader.loadClass(BuiltinClassLoader.java:641) ~[?:?]
	at java.lang.ClassLoader.loadClass(ClassLoader.java:525) ~[?:?]
	at cpw.mods.cl.ModuleClassLoader.loadClass(ModuleClassLoader.java:137) ~[securejarhandler-2.1.10.jar:?]
	at java.lang.ClassLoader.loadClass(ClassLoader.java:525) ~[?:?]
	at cpw.mods.cl.ModuleClassLoader.loadClass(ModuleClassLoader.java:137) ~[securejarhandler-2.1.10.jar:?]
	at java.lang.ClassLoader.loadClass(ClassLoader.java:525) ~[?:?]
	... 13 more
[22:04:17] [Render thread/INFO]: [FANCYMENU] ScreenCustomizationLayer registered: join_multiplayer_screen
[22:04:19] [Render thread/INFO]: [EMI] Disconnecting from server, EMI data cleared
[22:04:19] [Render thread/WARN]: [EMI] The following EMI classes have mixins applied to them, which could fundamentally alter behavior and cause issues.
[22:04:19] [Render thread/WARN]: [EMI] dev.emi.emi.search.EmiSearch$SearchWorker is tainted by
	 * concerrox.emixx.mixin.EmiSearchSearchWorkerMixin
[22:04:19] [Render thread/WARN]: [EMI] dev.emi.emi.EmiRenderHelper is tainted by
	 * com.lowdragmc.lowdraglib.core.mixins.emi.EmiRenderHelperMixin
[22:04:19] [Render thread/WARN]: [EMI] dev.emi.emi.registry.EmiStackList is tainted by
	 * com.evandev.reliable_remover.mixin.emi.EmiStackListMixin
[22:04:19] [Render thread/WARN]: [EMI] dev.emi.emi.screen.EmiScreenManager is tainted by
	 * concerrox.emixx.mixin.EmiScreenManagerMixin
	 * com.evandev.reliable_remover.mixin.emi.EmiScreenManagerMixin
[22:04:19] [Render thread/WARN]: [EMI] dev.emi.emi.screen.EmiScreenManager$ScreenSpace is tainted by
	 * concerrox.emixx.mixin.EmiScreenManagerScreenSpaceMixin
[22:04:19] [Render thread/WARN]: [EMI] dev.emi.emi.screen.WidgetGroup is tainted by
	 * com.lowdragmc.lowdraglib.core.mixins.emi.WidgetGroupMixin
[22:04:19] [Render thread/WARN]: [EMI] dev.emi.emi.runtime.EmiReloadManager$ReloadWorker is tainted by
	 * dev.nolij.toomanyrecipeviewers.mixin.EmiReloadManager_ReloadWorkerMixin
	 * concerrox.emixx.mixin.EmiReloadManagerReloadWorkerMixin
[22:04:19] [Render thread/WARN]: [EMI] dev.emi.emi.jemi.JemiStack is tainted by
	 * dev.nolij.toomanyrecipeviewers.mixin.JemiStackMixin
[22:04:19] [Render thread/WARN]: [EMI] dev.emi.emi.screen.ConfigScreen is tainted by
	 * concerrox.emixx.mixin.ConfigScreenMixin
[22:04:19] [Render thread/WARN]: [EMI] dev.emi.emi.registry.EmiRecipeFiller is tainted by
	 * com.gregtechceu.gtceu.core.mixins.emi.EmiRecipeFillerMixin
[22:04:19] [Render thread/WARN]: [EMI] dev.emi.emi.api.stack.FluidEmiStack is tainted by
	 * com.rubenverg.moldraw.mixin.FluidEmiStackMixin
	 * com.gregtechceu.gtceu.core.mixins.emi.FluidEmiStackMixin
	 * dev.nolij.toomanyrecipeviewers.mixin.FluidEmiStackMixin
[22:04:19] [Render thread/WARN]: [EMI] dev.emi.emi.screen.EmiScreenManager$SidebarPanel is tainted by
	 * concerrox.emixx.mixin.EmiScreenManagerSidebarPanelMixin
[22:04:19] [Render thread/WARN]: [EMI] dev.emi.emi.registry.EmiTags is tainted by
	 * com.evandev.reliable_remover.mixin.emi.EmiTagsMixin
[22:04:19] [Render thread/WARN]: [EMI] dev.emi.emi.search.EmiSearch is tainted by
	 * concerrox.emixx.mixin.EmiSearchMixin
[22:04:19] [Render thread/WARN]: [EMI] dev.emi.emi.search.NameQuery is tainted by
	 * concerrox.emixx.mixin.NameQueryMixin
[22:04:19] [Render thread/WARN]: [EMI] dev.emi.emi.platform.EmiAgnos is tainted by
	 * dev.nolij.toomanyrecipeviewers.mixin.EmiAgnosMixin
[22:04:19] [Render thread/WARN]: [EMI] dev.emi.emi.api.stack.ItemEmiStack is tainted by
	 * su.terrafirmagreg.core.mixins.common.emi.ItemEmiStackMixin
	 * dev.nolij.toomanyrecipeviewers.mixin.ItemEmiStackMixin
[22:04:19] [Render thread/WARN]: [EMI] dev.emi.emi.screen.BoMScreen is tainted by
	 * concerrox.emixx.mixin.BoMScreenMixin
[22:04:19] [Render thread/WARN]: [EMI] dev.emi.emi.screen.RecipeScreen is tainted by
	 * com.lowdragmc.lowdraglib.core.mixins.emi.RecipeScreenMixin
	 * com.evandev.reliable_recipes.mixin.emi.EmiRecipeScreenMixin
	 * com.yanny.ali.emi.mixin.MixinRecipeScreen
[22:04:19] [Render thread/WARN]: [EMI] dev.emi.emi.network.FillRecipeC2SPacket is tainted by
	 * com.gregtechceu.gtceu.core.mixins.emi.FillRecipePacketMixin
	 * tfar.craftingstation.mixins.EmiPacketMixin
[22:04:19] [Render thread/WARN]: [EMI] dev.emi.emi.api.recipe.EmiIngredientRecipe is tainted by
	 * concerrox.emixx.mixin.EmiIngredientRecipeMixin
[22:04:19] [Thread-180/INFO]: [EMI] Clearing data
[22:04:19] [Render thread/INFO]: Removed all overlays.
[22:04:19] [Render thread/INFO]: All events have been closed.
[22:04:19] [Render thread/INFO]: [ali] Player logout received
[22:04:19] [Render thread/INFO]: [ali] Cleared data
[22:04:19] [Render thread/INFO]: Method invalidateAll at mixin dev.uncandango.alltheleaks.mixin.core.main.FakeLevelManagerMixin cancelled due to not matching hash: Actual -2034214357, Expected: [-1241170928]
[22:04:19] [Render thread/INFO]: Mixin annotation @Lcom/llamalad7/mixinextras/injector/wrapoperation/WrapOperation;(at={@Lorg/spongepowered/asm/mixin/injection/At;(args={}, value="INVOKE", target="Ljava/util/Map;values()Ljava/util/Collection;")}, method={}, slice={}) at mixin dev.uncandango.alltheleaks.mixin.core.main.FakeLevelManagerMixin removed due to no methods available
[22:04:19] [Render thread/WARN]: Modified mixin "dev.uncandango.alltheleaks.mixin.core.main.FakeLevelManagerMixin". Check debug logs for more information.
[22:04:19] [Render thread/INFO]: Curios disabled
[22:04:19] [Render thread/INFO]: [FANCYMENU] ScreenCustomizationLayer registered: progress_screen
[22:04:19] [Render thread/INFO]: [FANCYMENU] ScreenCustomizationLayer registered: connect_screen
[22:04:19] [Render thread/INFO]: Connecting to 2a02:8071:2c81:5660:add5:f387:2c45:2779, 25565
[22:04:19] [Server Connector #1/INFO]: Mixing server.MixinServerboundChatPacket from mixins/common/nochatreports.mixins.json into net.minecraft.network.protocol.game.ServerboundChatPacket
[22:04:19] [Server Connector #1/INFO]: Mixing server.MixinServerboundChatSessionUpdatePacket from mixins/common/nochatreports.mixins.json into net.minecraft.network.protocol.game.ServerboundChatSessionUpdatePacket
[22:04:26] [Render thread/INFO]: [EMI] Disconnecting from server, EMI data cleared
[22:04:26] [Thread-185/INFO]: [EMI] Clearing data
[22:04:26] [Render thread/INFO]: Removed all overlays.
[22:04:26] [Render thread/INFO]: All events have been closed.
[22:04:26] [Render thread/INFO]: [ali] Player logout received
[22:04:26] [Render thread/INFO]: [ali] Cleared data
[22:04:26] [Render thread/INFO]: Curios disabled
[22:04:26] [Render thread/INFO]: Connecting to 2a02:8071:2c81:5660:add5:f387:2c45:2779, 25565
[22:04:27] [Render thread/INFO]: Injecting existing registry data into this CLIENT instance
[22:04:28] [Netty Client IO #1/INFO]: Initialize vehicle matcher with mode: BOTH, whitelist: [ad_astra:tier_1_rover], blacklist: [wan_ancient_beasts:soarer, wan_ancient_beasts:surfer, tfg:surfer]
[22:04:28] [Netty Client IO #1/INFO]: DSBG Mod loaded: SUPPRESSING setBlock error logs!
[22:04:28] [Netty Client IO #1/INFO]: Reloading server config for hangglider
[22:04:28] [Netty Client IO #1/INFO]: Connected to a modded server.
[22:04:36] [Netty Client IO #1/INFO]: [earth.terrarium.botarium.common.energy.EnergyApi:finalizeItemRegistration:54]: Finalizing energy item registration
[22:04:36] [Netty Client IO #1/INFO]: [earth.terrarium.botarium.common.fluid.FluidApi:finalizeItemRegistration:55]: Finalizing fluid item registration
[22:04:36] [Render thread/INFO]: Minimap required item set to nothing.
[22:04:36] [Render thread/INFO]: New Xaero hud session initialized!
[22:04:36] [Render thread/INFO]: Registering FTB x Xaero highlighter
[22:04:36] [Render thread/INFO]: Fullscreen map required item set to nothing.
[22:04:36] [Render thread/INFO]: New world map session initialized!
[22:04:36] [Render thread/INFO]: [CHAT] This pack contains Observable for finding lag sources. See https://observable.tas.sh/ to learn how to use it.
[22:04:36] [Render thread/INFO]: [Inventory Profiles Next] Rule @default overrode by file rules.txt
[22:04:36] [Render thread/INFO]: [Inventory Profiles Next] Rule @creative_menu_order overrode by file rules.txt
[22:04:36] [Render thread/INFO]: [Inventory Profiles Next] Rule @item_name overrode by file rules.txt
[22:04:36] [Render thread/INFO]: [Inventory Profiles Next] Rule @item_id overrode by file rules.txt
[22:04:36] [Render thread/INFO]: [Inventory Profiles Next] Rule @raw_id overrode by file rules.txt
[22:04:36] [Render thread/INFO]: [Inventory Profiles Next] Rule @default_nbt_rule overrode by file rules.txt
[22:04:36] [Render thread/INFO]: [Inventory Profiles Next] Rule @auto_refill_best overrode by file rules.txt
[22:04:36] [Render thread/INFO]: [Inventory Profiles Next] Loaded 20 external GUI hints
[22:04:36] [Render thread/INFO]: [Inventory Profiles Next] Loaded 798 build-in GUI hints
[22:04:36] [Render thread/INFO]: [Inventory Profiles Next] Effective GUI hints after merge: 805
[22:04:37] [Render thread/INFO]: Reloading pipeline on dimension change: NamespacedId{namespace='minecraft', name='overworld'} => NamespacedId{namespace='minecraft', name='overworld'}
[22:04:37] [Render thread/INFO]: Destroying pipeline NamespacedId{namespace='minecraft', name='overworld'}
[22:04:37] [Render thread/INFO]: Creating pipeline for dimension NamespacedId{namespace='minecraft', name='overworld'}
[22:04:37] [Render thread/WARN]: Mod(s) [oculus] are modifying Embeddium class me.jellysquid.mods.sodium.client.render.chunk.RenderSectionManager, which may cause instability.
[22:04:37] [Render thread/WARN]: Mod(s) [oculus] are modifying Embeddium class me.jellysquid.mods.sodium.client.render.chunk.vertex.builder.ChunkMeshBufferBuilder, which may cause instability.
[22:04:37] [Render thread/WARN]: Mod(s) [oculus] are modifying Embeddium class me.jellysquid.mods.sodium.client.model.light.smooth.SmoothLightPipeline, which may cause instability.
[22:04:37] [Render thread/INFO]: Started 10 worker threads
[22:04:37] [Render thread/INFO]: Using SDL for dynamic lighting
[22:04:37] [Render thread/WARN]: defineId called for: class net.minecraft.world.entity.player.Player from class tschipp.carryon.common.carry.CarryOnDataManager
[22:04:37] [Render thread/INFO]: Loaded client config
[22:04:37] [Render thread/INFO]: Sending client config 'fallingtrees:fallingtrees_client' to server
[22:04:37] [Render thread/INFO]: Updated custom language to: (Default)
[22:04:37] [Server Pinger #0/INFO]: Mixing client.MixinServerStatusPinger$1 from mixins/common/nochatreports.mixins.json into net.minecraft.client.multiplayer.ServerStatusPinger$1
[22:04:37] [Render thread/ERROR]: Exception caught during firing event: null
	Index: 7
	Listeners:
		0: HIGH
		1: ASM: class dev.architectury.event.forge.EventHandlerImplClient event(Lnet/minecraftforge/client/event/ClientPlayerNetworkEvent$LoggingIn;)V
		2: NORMAL
		3: net.minecraftforge.eventbus.EventBus$$Lambda$1885/0x00000008008b1538@4799f424
		4: ASM: class com.firemerald.additionalplacements.client.forge.ClientEventHandler onPlayerLoggingIn(Lnet/minecraftforge/client/event/ClientPlayerNetworkEvent$LoggingIn;)V
		5: net.minecraftforge.eventbus.EventBus$$Lambda$1885/0x00000008008b1538@15619189
		6: net.minecraftforge.eventbus.EventBus$$Lambda$1885/0x00000008008b1538@5eee5845
		7: ASM: class top.seraphjack.simplelogin.client.ClientLoader joinServer(Lnet/minecraftforge/client/event/ClientPlayerNetworkEvent$LoggingIn;)V
		8: ASM: class dev.uncandango.alltheleaks.events.client.GameBusEvent onPlayerLogin(Lnet/minecraftforge/client/event/ClientPlayerNetworkEvent$LoggingIn;)V
		9: ASM: com.leobeliik.extremesoundmuffler.SoundMufflerForge@3658f846 onPlayerJoin(Lnet/minecraftforge/client/event/ClientPlayerNetworkEvent$LoggingIn;)V
		10: ASM: class com.aizistral.nochatreports.forge.NoChatReports$Events onPlayReady(Lnet/minecraftforge/client/event/ClientPlayerNetworkEvent$LoggingIn;)V
		11: net.minecraftforge.eventbus.EventBus$$Lambda$1885/0x00000008008b1538@7a865142
		12: ASM: class alpvax.mc.goprone.forge.ClientProxy onServerConnect(Lnet/minecraftforge/client/event/ClientPlayerNetworkEvent$LoggingIn;)V
		13: ASM: org.anti_ad.mc.ipnext.forge.ForgeEventHandler@4f1b288e onPlayerLogInEvent(Lnet/minecraftforge/client/event/ClientPlayerNetworkEvent$LoggingIn;)V
		14: ASM: class com.yanny.ali.forge.ForgeClientBusSubscriber onLoggingIn(Lnet/minecraftforge/client/event/ClientPlayerNetworkEvent$LoggingIn;)V
		15: net.minecraftforge.eventbus.EventBus$$Lambda$1885/0x00000008008b1538@7236b2e2
		16: ASM: class com.tacz.guns.client.event.CommonNetworkCacheEvent onClientPlayerLoggingIn(Lnet/minecraftforge/client/event/ClientPlayerNetworkEvent$LoggingIn;)V
		17: net.minecraftforge.eventbus.EventBus$$Lambda$1885/0x00000008008b1538@6b4298f4
		18: net.minecraftforge.eventbus.EventBus$$Lambda$1885/0x00000008008b1538@47c2c9a9
		19: ASM: de.keksuccino.fancymenu.FancyMenuForgeClientEvents@61685131 onClientLoggedIn(Lnet/minecraftforge/client/event/ClientPlayerNetworkEvent$LoggingIn;)V
		20: ASM: class com.simibubi.create.foundation.events.ClientEvents onJoin(Lnet/minecraftforge/client/event/ClientPlayerNetworkEvent$LoggingIn;)V
		21: ASM: de.maxhenkel.voicechat.intercompatibility.ForgeClientCompatibilityManager@7abdd7e6 onJoinServer(Lnet/minecraftforge/client/event/ClientPlayerNetworkEvent$LoggingIn;)V
		22: ASM: dlovin.inventoryhud.events.ClientEvents@73690531 onEnter(Lnet/minecraftforge/client/event/ClientPlayerNetworkEvent$LoggingIn;)V
		23: net.minecraftforge.eventbus.EventBus$$Lambda$1885/0x00000008008b1538@f869c52
		24: LOW
		25: ASM: dev.thomas.deathpunishment.integration.playerrevive.PlayerReviveEventHandler@7c6b3918 onPlayerBleedOut(Lnet/minecraftforge/eventbus/api/Event;)V
		26: ASM: dev.thomas.deathpunishment.integration.playerrevive.PlayerReviveEventHandler@7c6b3918 onPlayerRevived(Lnet/minecraftforge/eventbus/api/Event;)V
java.lang.IllegalStateException
	at TRANSFORMER/simplelogin@1.0.1/top.seraphjack.simplelogin.client.PasswordHolder.password(PasswordHolder.java:84)
	at TRANSFORMER/simplelogin@1.0.1/top.seraphjack.simplelogin.client.ClientLoader.joinServer(ClientLoader.java:20)
	at TRANSFORMER/simplelogin@1.0.1/top.seraphjack.simplelogin.client.__ClientLoader_joinServer_LoggingIn.invoke(.dynamic)
	at MC-BOOTSTRAP/net.minecraftforge.eventbus/net.minecraftforge.eventbus.ASMEventHandler.invoke(ASMEventHandler.java:73)
	at MC-BOOTSTRAP/net.minecraftforge.eventbus/net.minecraftforge.eventbus.EventBus.post(EventBus.java:315)
	at MC-BOOTSTRAP/net.minecraftforge.eventbus/net.minecraftforge.eventbus.EventBus.post(EventBus.java:296)
	at TRANSFORMER/forge@47.4.13/net.minecraftforge.client.ForgeHooksClient.firePlayerLogin(ForgeHooksClient.java:941)
	at TRANSFORMER/minecraft@1.20.1/net.minecraft.client.multiplayer.ClientPacketListener.m_5998_(ClientPacketListener.java:415)
	at TRANSFORMER/minecraft@1.20.1/net.minecraft.network.protocol.game.ClientboundLoginPacket.m_5797_(ClientboundLoginPacket.java:95)
	at TRANSFORMER/minecraft@1.20.1/net.minecraft.network.protocol.game.ClientboundLoginPacket.m_5797_(ClientboundLoginPacket.java:25)
	at TRANSFORMER/minecraft@1.20.1/net.minecraft.network.protocol.PacketUtils.m_263899_(PacketUtils.java:22)
	at TRANSFORMER/minecraft@1.20.1/net.minecraft.util.thread.BlockableEventLoop.m_6367_(BlockableEventLoop.java:156)
	at TRANSFORMER/minecraft@1.20.1/net.minecraft.util.thread.ReentrantBlockableEventLoop.m_6367_(ReentrantBlockableEventLoop.java:23)
	at TRANSFORMER/minecraft@1.20.1/net.minecraft.util.thread.BlockableEventLoop.m_7245_(BlockableEventLoop.java:130)
	at TRANSFORMER/minecraft@1.20.1/net.minecraft.util.thread.BlockableEventLoop.m_18699_(BlockableEventLoop.java:115)
	at TRANSFORMER/minecraft@1.20.1/net.minecraft.client.Minecraft.m_91383_(Minecraft.java:1106)
	at TRANSFORMER/minecraft@1.20.1/net.minecraft.client.Minecraft.m_91374_(Minecraft.java:718)
	at TRANSFORMER/minecraft@1.20.1/net.minecraft.client.main.Main.main(Main.java:218)
	at java.base/jdk.internal.reflect.NativeMethodAccessorImpl.invoke0(Native Method)
	at java.base/jdk.internal.reflect.NativeMethodAccessorImpl.invoke(NativeMethodAccessorImpl.java:77)
	at java.base/jdk.internal.reflect.DelegatingMethodAccessorImpl.invoke(DelegatingMethodAccessorImpl.java:43)
	at java.base/java.lang.reflect.Method.invoke(Method.java:569)
	at MC-BOOTSTRAP/fmlloader@1.20.1-47.4.13/net.minecraftforge.fml.loading.targets.CommonLaunchHandler.runTarget(CommonLaunchHandler.java:111)
	at MC-BOOTSTRAP/fmlloader@1.20.1-47.4.13/net.minecraftforge.fml.loading.targets.CommonLaunchHandler.clientService(CommonLaunchHandler.java:99)
	at MC-BOOTSTRAP/fmlloader@1.20.1-47.4.13/net.minecraftforge.fml.loading.targets.CommonClientLaunchHandler.lambda$makeService$0(CommonClientLaunchHandler.java:25)
	at MC-BOOTSTRAP/cpw.mods.modlauncher@10.0.9/cpw.mods.modlauncher.LaunchServiceHandlerDecorator.launch(LaunchServiceHandlerDecorator.java:30)
	at MC-BOOTSTRAP/cpw.mods.modlauncher@10.0.9/cpw.mods.modlauncher.LaunchServiceHandler.launch(LaunchServiceHandler.java:53)
	at MC-BOOTSTRAP/cpw.mods.modlauncher@10.0.9/cpw.mods.modlauncher.LaunchServiceHandler.launch(LaunchServiceHandler.java:71)
	at MC-BOOTSTRAP/cpw.mods.modlauncher@10.0.9/cpw.mods.modlauncher.Launcher.run(Launcher.java:108)
	at MC-BOOTSTRAP/cpw.mods.modlauncher@10.0.9/cpw.mods.modlauncher.Launcher.main(Launcher.java:78)
	at MC-BOOTSTRAP/cpw.mods.modlauncher@10.0.9/cpw.mods.modlauncher.BootstrapLaunchConsumer.accept(BootstrapLaunchConsumer.java:26)
	at MC-BOOTSTRAP/cpw.mods.modlauncher@10.0.9/cpw.mods.modlauncher.BootstrapLaunchConsumer.accept(BootstrapLaunchConsumer.java:23)
	at cpw.mods.bootstraplauncher@1.1.2/cpw.mods.bootstraplauncher.BootstrapLauncher.main(BootstrapLauncher.java:141)

[22:04:37] [Render thread/ERROR]: Error executing task on Client
java.lang.IllegalStateException: null
	at top.seraphjack.simplelogin.client.PasswordHolder.password(PasswordHolder.java:84) ~[SimpleLogin-1.20.1-1.0.2-all.jar%23672!/:1.0.2]
	at top.seraphjack.simplelogin.client.ClientLoader.joinServer(ClientLoader.java:20) ~[SimpleLogin-1.20.1-1.0.2-all.jar%23672!/:1.0.2]
	at top.seraphjack.simplelogin.client.__ClientLoader_joinServer_LoggingIn.invoke(.dynamic) ~[SimpleLogin-1.20.1-1.0.2-all.jar%23672!/:1.0.2]
	at net.minecraftforge.eventbus.ASMEventHandler.invoke(ASMEventHandler.java:73) ~[eventbus-6.0.5.jar%2387!/:?]
	at net.minecraftforge.eventbus.EventBus.post(EventBus.java:315) ~[eventbus-6.0.5.jar%2387!/:?]
	at net.minecraftforge.eventbus.EventBus.post(EventBus.java:296) ~[eventbus-6.0.5.jar%2387!/:?]
	at net.minecraftforge.client.ForgeHooksClient.firePlayerLogin(ForgeHooksClient.java:941) ~[forge-1.20.1-47.4.13-universal.jar%23738!/:?]
	at net.minecraft.client.multiplayer.ClientPacketListener.m_5998_(ClientPacketListener.java:415) ~[client-1.20.1-20230612.114412-srg.jar%23733!/:?]
	at net.minecraft.network.protocol.game.ClientboundLoginPacket.m_5797_(ClientboundLoginPacket.java:95) ~[client-1.20.1-20230612.114412-srg.jar%23733!/:?]
	at net.minecraft.network.protocol.game.ClientboundLoginPacket.m_5797_(ClientboundLoginPacket.java:25) ~[client-1.20.1-20230612.114412-srg.jar%23733!/:?]
	at net.minecraft.network.protocol.PacketUtils.m_263899_(PacketUtils.java:22) ~[client-1.20.1-20230612.114412-srg.jar%23733!/:?]
	at net.minecraft.util.thread.BlockableEventLoop.m_6367_(BlockableEventLoop.java:156) ~[client-1.20.1-20230612.114412-srg.jar%23733!/:?]
	at net.minecraft.util.thread.ReentrantBlockableEventLoop.m_6367_(ReentrantBlockableEventLoop.java:23) ~[client-1.20.1-20230612.114412-srg.jar%23733!/:?]
	at net.minecraft.util.thread.BlockableEventLoop.m_7245_(BlockableEventLoop.java:130) ~[client-1.20.1-20230612.114412-srg.jar%23733!/:?]
	at net.minecraft.util.thread.BlockableEventLoop.m_18699_(BlockableEventLoop.java:115) ~[client-1.20.1-20230612.114412-srg.jar%23733!/:?]
	at net.minecraft.client.Minecraft.m_91383_(Minecraft.java:1106) ~[client-1.20.1-20230612.114412-srg.jar%23733!/:?]
	at net.minecraft.client.Minecraft.m_91374_(Minecraft.java:718) ~[client-1.20.1-20230612.114412-srg.jar%23733!/:?]
	at net.minecraft.client.main.Main.main(Main.java:218) ~[forge-47.4.13.jar:?]
	at jdk.internal.reflect.NativeMethodAccessorImpl.invoke0(Native Method) ~[?:?]
	at jdk.internal.reflect.NativeMethodAccessorImpl.invoke(NativeMethodAccessorImpl.java:77) ~[?:?]
	at jdk.internal.reflect.DelegatingMethodAccessorImpl.invoke(DelegatingMethodAccessorImpl.java:43) ~[?:?]
	at java.lang.reflect.Method.invoke(Method.java:569) ~[?:?]
	at net.minecraftforge.fml.loading.targets.CommonLaunchHandler.runTarget(CommonLaunchHandler.java:111) ~[fmlloader-1.20.1-47.4.13.jar:?]
	at net.minecraftforge.fml.loading.targets.CommonLaunchHandler.clientService(CommonLaunchHandler.java:99) ~[fmlloader-1.20.1-47.4.13.jar:?]
	at net.minecraftforge.fml.loading.targets.CommonClientLaunchHandler.lambda$makeService$0(CommonClientLaunchHandler.java:25) ~[fmlloader-1.20.1-47.4.13.jar:?]
	at cpw.mods.modlauncher.LaunchServiceHandlerDecorator.launch(LaunchServiceHandlerDecorator.java:30) ~[modlauncher-10.0.9.jar:?]
	at cpw.mods.modlauncher.LaunchServiceHandler.launch(LaunchServiceHandler.java:53) ~[modlauncher-10.0.9.jar:?]
	at cpw.mods.modlauncher.LaunchServiceHandler.launch(LaunchServiceHandler.java:71) ~[modlauncher-10.0.9.jar:?]
	at cpw.mods.modlauncher.Launcher.run(Launcher.java:108) ~[modlauncher-10.0.9.jar:?]
	at cpw.mods.modlauncher.Launcher.main(Launcher.java:78) ~[modlauncher-10.0.9.jar:?]
	at cpw.mods.modlauncher.BootstrapLaunchConsumer.accept(BootstrapLaunchConsumer.java:26) ~[modlauncher-10.0.9.jar:?]
	at cpw.mods.modlauncher.BootstrapLaunchConsumer.accept(BootstrapLaunchConsumer.java:23) ~[modlauncher-10.0.9.jar:?]
	at cpw.mods.bootstraplauncher.BootstrapLauncher.main(BootstrapLauncher.java:141) ~[bootstraplauncher-1.1.2.jar:?]
[22:04:37] [Render thread/WARN]: Unknown custom packet identifier: species:network
[22:04:37] [Render thread/WARN]: Unknown custom packet identifier: species:network
[22:04:37] [Render thread/INFO]: Received 0 nether_fertilizer(s) from physical server
[22:04:37] [Render thread/INFO]: Received 0 lost_page(s) from physical server
[22:04:37] [Render thread/INFO]: Received 42 metal(s) from physical server
[22:04:37] [Render thread/INFO]: Received 9 knapping_types(s) from physical server
[22:04:37] [Render thread/INFO]: Received 93 fuel(s) from physical server
[22:04:37] [Render thread/INFO]: Received 48 fertilizer(s) from physical server
[22:04:37] [Render thread/INFO]: Received 67 item_damage_resistances(s) from physical server
[22:04:37] [Render thread/INFO]: Received 3050 item heat(s) from physical server
[22:04:37] [Render thread/INFO]: Received 391 food(s) from physical server
[22:04:37] [Render thread/INFO]: Received 621 item size(s) from physical server
[22:04:37] [Render thread/INFO]: Received 71 climate range(s) from physical server
[22:04:37] [Render thread/INFO]: Received 42 drinkable(s) from physical server
[22:04:37] [Render thread/INFO]: Received 14 lamp_fuel(s) from physical server
[22:04:37] [Render thread/INFO]: Received 80 panning(s) from physical server
[22:04:37] [Render thread/INFO]: Received 80 sluicing(s) from physical server
[22:04:37] [Render thread/INFO]: Received 54 support(s) from physical server
[22:04:37] [Render thread/INFO]: Received 4 greenhouse(s) from physical server
[22:04:37] [Render thread/INFO]: Received 80 plantable(s) from physical server
[22:04:37] [Render thread/INFO]: Started 10 worker threads
[22:04:37] [Render thread/WARN]: Mod(s) [oculus] are modifying Embeddium class me.jellysquid.mods.sodium.client.gl.shader.ShaderType, which may cause instability.
[22:04:38] [Render thread/WARN]: Shader sandworm_mod:sonic_boom could not find sampler named MainDepthSampler in the specified shader program.
[22:04:38] [Render thread/WARN]: Shader sandworm_mod:sonic_boom could not find uniform named InSize in the specified shader program.
[22:04:38] [Render thread/WARN]: Shader sandworm_mod:sonic_boom could not find uniform named ScreenSize in the specified shader program.
[22:04:38] [Render thread/INFO]: Reloading radar icon resources...
[22:04:38] [Render thread/INFO]: Skipping invalid icon form: true for ad_astra:martian_raptor
[22:04:38] [Render thread/INFO]: Skipping invalid icon form: true for endermanoverhaul:axolotl_pet_enderman
[22:04:38] [Render thread/INFO]: Skipping invalid icon form: true for endermanoverhaul:badlands_enderman
[22:04:38] [Render thread/INFO]: Skipping invalid icon form: true for endermanoverhaul:cave_enderman
[22:04:38] [Render thread/INFO]: Skipping invalid icon form: true for endermanoverhaul:coral_enderman
[22:04:38] [Render thread/INFO]: Skipping invalid icon form: true for endermanoverhaul:crimson_forest_enderman
[22:04:38] [Render thread/INFO]: Skipping invalid icon form: true for endermanoverhaul:dark_oak_enderman
[22:04:38] [Render thread/INFO]: Skipping invalid icon form: true for endermanoverhaul:desert_enderman
[22:04:38] [Render thread/INFO]: Skipping invalid icon form: true for endermanoverhaul:end_enderman
[22:04:38] [Render thread/INFO]: Skipping invalid icon form: true for endermanoverhaul:end_islands_enderman
[22:04:38] [Render thread/INFO]: Skipping invalid icon form: true for endermanoverhaul:flower_fields_enderman
[22:04:38] [Render thread/INFO]: Skipping invalid icon form: true for endermanoverhaul:hammerhead_pet_enderman
[22:04:38] [Render thread/INFO]: Skipping invalid icon form: true for endermanoverhaul:ice_spikes_enderman
[22:04:38] [Render thread/INFO]: Skipping invalid icon form: true for endermanoverhaul:mushroom_fields_enderman
[22:04:38] [Render thread/INFO]: Skipping invalid icon form: true for endermanoverhaul:nether_wastes_enderman
[22:04:38] [Render thread/INFO]: Skipping invalid icon form: true for endermanoverhaul:pet_enderman
[22:04:38] [Render thread/INFO]: Skipping invalid icon form: true for endermanoverhaul:savanna_enderman
[22:04:38] [Render thread/INFO]: Skipping invalid icon form: true for endermanoverhaul:scarab
[22:04:38] [Render thread/INFO]: Skipping invalid icon form: true for endermanoverhaul:snowy_enderman
[22:04:38] [Render thread/INFO]: Skipping invalid icon form: true for endermanoverhaul:soulsand_valley_enderman
[22:04:38] [Render thread/INFO]: Skipping invalid icon form: true for endermanoverhaul:spirit
[22:04:38] [Render thread/INFO]: Skipping invalid icon form: true for endermanoverhaul:swamp_enderman
[22:04:38] [Render thread/INFO]: Skipping invalid icon form: true for endermanoverhaul:warped_forest_enderman
[22:04:38] [Render thread/INFO]: Skipping invalid icon form: true for endermanoverhaul:windswept_hills_enderman
[22:04:38] [Render thread/INFO]: Skipping invalid icon form: true for minecraft:creeper
[22:04:38] [Render thread/INFO]: Skipping invalid icon form: true for minecraft:enderman
[22:04:38] [Render thread/INFO]: Skipping invalid icon form: true for minecraft:piglin
[22:04:38] [Render thread/INFO]: Skipping invalid icon form: true for minecraft:piglin_brute
[22:04:38] [Render thread/INFO]: Skipping invalid icon form: true for minecraft:zombified_piglin
[22:04:38] [Render thread/INFO]: Skipping invalid icon form: true for species:birt
[22:04:38] [Render thread/INFO]: Skipping invalid icon form: true for species:deepfish
[22:04:38] [Render thread/INFO]: Skipping invalid icon form: true for species:limpet
[22:04:38] [Render thread/INFO]: Skipping invalid icon form: true for species:wraptor
[22:04:38] [Render thread/INFO]: Skipping invalid icon form: true for tfc:black_bear
[22:04:38] [Render thread/INFO]: Skipping invalid icon form: true for tfc:bluegill
[22:04:38] [Render thread/INFO]: Skipping invalid icon form: true for tfc:cow
[22:04:38] [Render thread/INFO]: Skipping invalid icon form: true for tfc:crappie
[22:04:38] [Render thread/INFO]: Skipping invalid icon form: true for tfc:crayfish
[22:04:38] [Render thread/INFO]: Skipping invalid icon form: true for tfc:grizzly_bear
[22:04:38] [Render thread/INFO]: Skipping invalid icon form: true for tfc:jellyfish
[22:04:38] [Render thread/INFO]: Skipping invalid icon form: true for tfc:panther
[22:04:38] [Render thread/INFO]: Skipping invalid icon form: true for tfc:pig
[22:04:38] [Render thread/INFO]: Skipping invalid icon form: true for tfc:polar_bear
[22:04:38] [Render thread/INFO]: Reloaded radar icon resources!
[22:04:38] [Render thread/INFO]: Can't find any curios slots, another try in 3 seconds...
[22:04:38] [Render thread/INFO]: Create/Flywheel detected - dynamic light compat enabled
[22:04:38] [CraftPresence/ERROR]: Asset name "overworld" does not exist, attempting to use an alternative icon "tfg-icon"...
[22:04:38] [CraftPresence/INFO]: To add support for this icon, please request for this icon to be added to the default Client ID or add the icon under the following name: "overworld".
[22:04:38] [CraftPresence/INFO]: Fallback icon for "overworld" found! Using a fallback icon with the name "tfg-icon"!
[22:04:41] [Render thread/INFO]: Can't find any curios slots, another try in 3 seconds...
[22:04:41] [Netty Client IO #2/INFO]: Client has mods that are missing on server: [sodiumextras, crash_assistant, iris_shader_folder, emixx, searchables, conditional_mixin, particle_core, jei, drippyloadingscreen, fabric_api_base, cubes_without_borders, euphoria_patcher, sodiumoptionsapi, melody, sodiumdynamiclights, konkrete, tfc_support_indicator, fastipping, itemphysicguns, seasonhud, iris_search, toomanyrecipeviewers, cosycritters, myserveriscompatible, cutthrough, inventoryhud, fancymenu, ihearttfc, colorwheel, tfcvesseltooltip]
[22:04:44] [Render thread/INFO]: Can't find any curios slots, another try in 3 seconds...
[22:04:47] [Render thread/INFO]: Can't find any curios slots, another try in 3 seconds...
[22:04:47] [Render thread/INFO]: [CHAT] IV HAS DETECTED THAT ENTITY CULLING MOD IS PRESENT.  THIS MOD CULLS ALL IV VEHICLES UNLESS "mts:builder_existing", "mts:builder_rendering", AND "mts:builder_seat" ARE ADDED TO THE WHITELIST.
[22:04:50] [Render thread/INFO]: Can't find any curios slots, another try in 3 seconds...
[22:04:51] [Netty Client IO #1/INFO]: TFC Network Debugging = false
[22:04:51] [Netty Client IO #1/INFO]: Supressed CreateAdditions rolling recipe log spam! Enjoy!
[22:04:53] [Render thread/INFO]: Can't find any curios slots, another try in 3 seconds...
[22:04:56] [Netty Client IO #1/WARN]: Your custom greate:milling recipe (greate:milling/integration/tfg/bone_spike) has more item inputs (3) than supported (1).
[22:04:56] [Netty Client IO #1/WARN]: Your custom greate:pressing recipe (tfg:pressing/compost_to_pure) has more item outputs (3) than supported (2).
[22:04:56] [Render thread/INFO]: Can't find any curios slots, another try in 3 seconds...
[22:04:56] [Netty Client IO #1/WARN]: Your custom greate:pressing recipe (tfg:pressing/fertilizer_to_pure) has more item outputs (3) than supported (2).
[22:04:57] [Render thread/INFO]: [EMI] Tags synchronized, waiting for recipes to reload EMI...
[22:04:57] [Netty Client IO #1/INFO]: Read 451804 bytes, 3765 objects
[22:04:57] [Netty Client IO #1/INFO]: Received common config 'fallingtrees:fallingtrees_common' from server
[22:04:57] [Render thread/INFO]: Performing setup for item stack size editing.
[22:04:57] [Render thread/INFO]: Editing item stack sizes: found 29519 editable of 33631 total.
[22:04:58] [Render thread/INFO]: Loaded cucumber-tags.json in 18 ms
[22:04:58] [Render thread/INFO]: [EMI] Recipes synchronized, reloading EMI
[22:04:58] [Render thread/INFO]: [EMI] Starting Reload
[22:04:58] [Thread-213/INFO]: [EMI] Starting EMI reload...
[22:04:58] [Thread-213/INFO]: [EMI] Clearing data
[22:04:58] [Thread-213/WARN]: [EMI] dev.emi.emi.VanillaPlugin is tainted by
	 * dev.nolij.toomanyrecipeviewers.mixin.VanillaPluginMixin
[22:04:58] [Thread-213/INFO]: [EMI] Initializing plugin from emi
[22:04:58] [Thread-213/INFO]: [EMI] Initialized plugin from emi in 8ms
[22:04:58] [Thread-213/INFO]: [EMI] Initializing plugin from ldlib
[22:04:58] [Thread-213/INFO]: [EMI] Initialized plugin from ldlib in 0ms
[22:04:58] [Thread-213/INFO]: [EMI] Initializing plugin from sophisticatedcore
[22:04:58] [Thread-213/INFO]: [EMI] Initialized plugin from sophisticatedcore in 0ms
[22:04:58] [Thread-213/INFO]: [EMI] Initializing plugin from sophisticatedbackpacks
[22:04:58] [Thread-213/INFO]: [EMI] Initialized plugin from sophisticatedbackpacks in 0ms
[22:04:58] [Thread-213/INFO]: [EMI] Initializing plugin from computercraft
[22:04:58] [Thread-213/INFO]: [EMI] Initialized plugin from computercraft in 0ms
[22:04:58] [Thread-213/INFO]: [EMI] Initializing plugin from reliable_recipes
[22:04:58] [Thread-213/INFO]: [EMI] Initialized plugin from reliable_recipes in 0ms
[22:04:58] [Thread-213/INFO]: [EMI] Initializing plugin from craftingstation
[22:04:58] [Thread-213/INFO]: [EMI] Initialized plugin from craftingstation in 0ms
[22:04:58] [Thread-213/INFO]: [EMI] Initializing plugin from copycats
[22:04:58] [Thread-213/INFO]: [EMI] Initialized plugin from copycats in 0ms
[22:04:58] [Thread-213/INFO]: [EMI] Initializing plugin from ali
[22:04:58] [Thread-213/INFO]: [EMI] Initialized plugin from ali in 0ms
[22:04:58] [Thread-213/INFO]: [EMI] Initializing plugin from gtceu
[22:04:58] [Thread-213/INFO]: [EMI] Initialized plugin from gtceu in 0ms
[22:04:58] [Thread-213/INFO]: [EMI] Initializing plugin from tfg
[22:04:58] [Thread-213/INFO]: [EMI] Initialized plugin from tfg in 0ms
[22:04:58] [Thread-213/INFO]: [EMI] Initializing plugin from deafission
[22:04:58] [Thread-213/INFO]: [EMI] Initialized plugin from deafission in 0ms
[22:04:58] [Thread-213/INFO]: [EMI] Initializing plugin from ae2
[22:04:58] [Thread-213/INFO]: [EMI] Initialized plugin from ae2 in 0ms
[22:04:58] [Thread-213/INFO]: [EMI] Initializing plugin from ae2wtlib
[22:04:58] [Thread-213/INFO]: [EMI] Initialized plugin from ae2wtlib in 0ms
[22:04:58] [Thread-213/INFO]: [EMI] Initializing plugin from framedblocks
[22:04:58] [Thread-213/INFO]: [EMI] Initialized plugin from framedblocks in 0ms
[22:04:58] [Thread-213/INFO]: [EMI] Initializing plugin from diggerhelmet
[22:04:58] [Thread-213/INFO]: [EMI] Initialized plugin from diggerhelmet in 0ms
[22:04:58] [Thread-213/INFO]: [EMI] Initializing plugin from fluidlogistics
[22:04:58] [Thread-213/INFO]: [EMI] Initialized plugin from fluidlogistics in 0ms
[22:04:58] [Thread-213/INFO]: [EMI] Initializing plugin from toomanyrecipeviewers
[22:04:58] [Thread-213/INFO]: [EMI] [TMRV] Initializing...
[22:04:58] [Thread-213/INFO]: [EMI] Initialized plugin from toomanyrecipeviewers in 4ms
[22:04:58] [Thread-213/INFO]: [EMI] Processing tags
[22:04:58] [Thread-213/WARN]: [EMI] dev.emi.emi.EmiUtil is tainted by
	 * dev.latvian.mods.kubejs.core.mixin.common.mod.EMITooltipMixin
[22:04:59] [Thread-213/INFO]: [EMI] Constructing index
[22:04:59] [Thread-213/INFO]: [EMI] Reloading item groups on client thread...
[22:04:59] [Render thread/WARN]: Skipping invalid item ID 'beneath:wood/windmill/crimson'.
[22:04:59] [Render thread/WARN]: Skipping invalid item ID 'beneath:wood/windmill/warped'.
[22:04:59] [Render thread/WARN]: Skipping invalid item ID 'fluidlogistics:empty_fluid_schematic'.
[22:04:59] [Render thread/WARN]: Skipping invalid item ID 'fluidlogistics:copper_schematicannon'.
[22:04:59] [Render thread/WARN]: Skipping invalid item ID 'firmalife:metal/bucket/stainless_steel'.
[22:04:59] [Render thread/WARN]: Skipping invalid item ID 'firmalife:metal/bucket/chromium'.
[22:04:59] [Render thread/WARN]: Skipping invalid item ID 'greate:polybenzimidazole_belt_connector'.
[22:04:59] [Render thread/WARN]: Skipping invalid item ID 'greate:andesite_alloy_block'.
[22:04:59] [Render thread/WARN]: Skipping invalid item ID 'greate:andesite_alloy_buzz_saw_blade'.
[22:04:59] [Render thread/WARN]: Skipping invalid item ID 'greate:andesite_alloy_alloy'.
[22:04:59] [Render thread/WARN]: Skipping invalid item ID 'greate:polytetrafluoroethylene_belt_connector'.
[22:04:59] [Render thread/WARN]: Skipping invalid item ID 'greate:andesite_alloy_buzzsaw'.
[22:04:59] [Render thread/WARN]: Skipping invalid item ID 'greate:andesite_alloy_ingot'.
[22:04:59] [Render thread/WARN]: Skipping invalid item ID 'greate:polyethylene_belt_connector'.
[22:04:59] [Render thread/WARN]: Skipping invalid item ID 'gtceu:stone_buzz_saw_blade'.
[22:04:59] [Render thread/WARN]: Skipping invalid item ID 'gtceu:wood_drill_head'.
[22:04:59] [Render thread/WARN]: Skipping invalid item ID 'gtceu:damascus_steel_chainsaw_head'.
[22:04:59] [Render thread/WARN]: Skipping invalid item ID 'gtceu:hv_damascus_steel_wire_cutter'.
[22:04:59] [Render thread/WARN]: Skipping invalid item ID 'gtceu:hv_damascus_steel_drill'.
[22:04:59] [Render thread/WARN]: Skipping invalid item ID 'gtceu:stone_chainsaw_head'.
[22:04:59] [Render thread/WARN]: Skipping invalid item ID 'gtceu:damascus_steel_screwdriver_tip'.
[22:04:59] [Render thread/WARN]: Skipping invalid item ID 'gtceu:stone_drill_head'.
[22:04:59] [Render thread/WARN]: Skipping invalid item ID 'gtceu:damascus_steel_drill_head'.
[22:04:59] [Render thread/WARN]: Skipping invalid item ID 'gtceu:iv_damascus_steel_wire_cutter'.
[22:04:59] [Render thread/WARN]: Skipping invalid item ID 'gtceu:damascus_steel_buzz_saw_blade'.
[22:04:59] [Render thread/WARN]: Skipping invalid item ID 'gtceu:lv_damascus_steel_chainsaw'.
[22:04:59] [Render thread/WARN]: Skipping invalid item ID 'gtceu:iv_damascus_steel_drill'.
[22:04:59] [Render thread/WARN]: Skipping invalid item ID 'gtceu:lv_damascus_steel_wire_cutter'.
[22:04:59] [Render thread/WARN]: Skipping invalid item ID 'gtceu:ev_damascus_steel_drill'.
[22:04:59] [Render thread/WARN]: Skipping invalid item ID 'gtceu:damascus_steel_buzzsaw'.
[22:04:59] [Render thread/WARN]: Skipping invalid item ID 'gtceu:wood_chainsaw_head'.
[22:04:59] [Render thread/WARN]: Skipping invalid item ID 'gtceu:flint_mortar'.
[22:04:59] [Render thread/WARN]: Skipping invalid item ID 'gtceu:damascus_steel_wire_cutter_head'.
[22:04:59] [Render thread/WARN]: Skipping invalid item ID 'gtceu:wood_screwdriver_tip'.
[22:04:59] [Render thread/WARN]: Skipping invalid item ID 'gtceu:mv_damascus_steel_drill'.
[22:04:59] [Render thread/WARN]: Skipping invalid item ID 'gtceu:stone_wrench_tip'.
[22:04:59] [Render thread/WARN]: Skipping invalid item ID 'gtmutils:quantum_coolant'.
[22:04:59] [Render thread/WARN]: Skipping invalid item ID 'gtmutils:pterb_machine'.
[22:04:59] [Render thread/WARN]: Skipping invalid item ID 'vintageimprovements:golden_wire'.
[22:04:59] [Render thread/WARN]: Skipping invalid item ID 'vintageimprovements:copper_wire'.
[22:04:59] [Render thread/WARN]: Skipping invalid item ID 'vintageimprovements:blaze_wire'.
[22:04:59] [Render thread/WARN]: Skipping invalid item ID 'vintageimprovements:iron_wire'.
[22:04:59] [Render thread/WARN]: Skipping invalid item ID 'vintageimprovements:electrum_wire'.
[22:04:59] [Render thread/INFO]: Loaded 2340 reliable remover rules.
[22:04:59] [Render thread/INFO]: Total items removed: 2337
[22:04:59] [Render thread/INFO]: Received config from server
[22:04:59] [Render thread/INFO]: Minimap updated server level id: -1227879801 for world ResourceKey[minecraft:dimension / minecraft:overworld]
[22:04:59] [Render thread/INFO]: Received config from server
[22:04:59] [Render thread/INFO]: Received config from server
[22:04:59] [Render thread/INFO]: Loading FTB Chunks client data from world 973b9d18-a5ea-4c27-8714-d5b524b8a7cc
[22:04:59] [Render thread/INFO]: [CHAT] §oWelcome to §l§dTerraFirma§7Greg§r§o!
[22:04:59] [Render thread/INFO]: [CHAT] §oCheck out our §bwebsite§r§o for our Wiki, and offline versions of the Field Guide, Recipe Book, and Quest Book: §9https://terrafirmagreg.team/
[22:04:59] [Render thread/INFO]: [CHAT] [PVP Flagging]: PVP flagging is enabled! In order to fight players, use /pvpFlag to toggle your PVP Flag Status
[22:04:59] [Render thread/INFO]: Synced map_atlases-common.toml configs
[22:04:59] [Render thread/WARN]: Configuration file SimpleCommentedConfig:{woodtype=SimpleCommentedConfig:{blacklist=[]}, leavestype=SimpleCommentedConfig:{blacklist=[]}, entryset=SimpleCommentedConfig:{blacklist=[]}, module=SimpleCommentedConfig:{blacklist=[]}, block=SimpleCommentedConfig:{blacklist=[]}, other=SimpleCommentedConfig:{include_all_wood_modules=true, enable_framed_blocks_blacklist=false}} is not correct. Correcting
[22:04:59] [Render thread/WARN]: Incorrect key types was corrected from null to its default, SimpleCommentedConfig:{}. 
[22:04:59] [Render thread/WARN]: Incorrect key types.wood_type was corrected from null to its default, SimpleCommentedConfig:{}. 
[22:04:59] [Render thread/WARN]: Incorrect key types.wood_type.domum_ornamentum was corrected from null to its default, SimpleCommentedConfig:{}. 
[22:04:59] [Render thread/WARN]: Incorrect key types.wood_type.domum_ornamentum.cactus was corrected from null to its default, true. 
[22:04:59] [Render thread/WARN]: Incorrect key types.wood_type.domum_ornamentum.cactus_extra was corrected from null to its default, true. 
[22:04:59] [Render thread/WARN]: Incorrect key types.wood_type.tfc was corrected from null to its default, SimpleCommentedConfig:{}. 
[22:04:59] [Render thread/WARN]: Incorrect key types.wood_type.tfc.acacia was corrected from null to its default, true. 
[22:04:59] [Render thread/WARN]: Incorrect key types.wood_type.tfc.ash was corrected from null to its default, true. 
[22:04:59] [Render thread/WARN]: Incorrect key types.wood_type.tfc.aspen was corrected from null to its default, true. 
[22:04:59] [Render thread/WARN]: Incorrect key types.wood_type.tfc.birch was corrected from null to its default, true. 
[22:04:59] [Render thread/WARN]: Incorrect key types.wood_type.tfc.blackwood was corrected from null to its default, true. 
[22:04:59] [Render thread/WARN]: Incorrect key types.wood_type.tfc.chestnut was corrected from null to its default, true. 
[22:04:59] [Render thread/WARN]: Incorrect key types.wood_type.tfc.douglas_fir was corrected from null to its default, true. 
[22:04:59] [Render thread/WARN]: Incorrect key types.wood_type.tfc.hickory was corrected from null to its default, true. 
[22:04:59] [Render thread/WARN]: Incorrect key types.wood_type.tfc.kapok was corrected from null to its default, true. 
[22:04:59] [Render thread/WARN]: Incorrect key types.wood_type.tfc.mangrove was corrected from null to its default, true. 
[22:04:59] [Render thread/WARN]: Incorrect key types.wood_type.tfc.maple was corrected from null to its default, true. 
[22:04:59] [Render thread/WARN]: Incorrect key types.wood_type.tfc.oak was corrected from null to its default, true. 
[22:04:59] [Render thread/WARN]: Incorrect key types.wood_type.tfc.palm was corrected from null to its default, true. 
[22:04:59] [Render thread/WARN]: Incorrect key types.wood_type.tfc.pine was corrected from null to its default, true. 
[22:04:59] [Render thread/WARN]: Incorrect key types.wood_type.tfc.rosewood was corrected from null to its default, true. 
[22:04:59] [Render thread/WARN]: Incorrect key types.wood_type.tfc.sequoia was corrected from null to its default, true. 
[22:04:59] [Render thread/WARN]: Incorrect key types.wood_type.tfc.spruce was corrected from null to its default, true. 
[22:04:59] [Render thread/WARN]: Incorrect key types.wood_type.tfc.sycamore was corrected from null to its default, true. 
[22:04:59] [Render thread/WARN]: Incorrect key types.wood_type.tfc.white_cedar was corrected from null to its default, true. 
[22:04:59] [Render thread/WARN]: Incorrect key types.wood_type.tfc.willow was corrected from null to its default, true. 
[22:04:59] [Render thread/WARN]: Incorrect key types.wood_type.afc was corrected from null to its default, SimpleCommentedConfig:{}. 
[22:04:59] [Render thread/WARN]: Incorrect key types.wood_type.afc.baobab was corrected from null to its default, true. 
[22:04:59] [Render thread/WARN]: Incorrect key types.wood_type.afc.eucalyptus was corrected from null to its default, true. 
[22:04:59] [Render thread/WARN]: Incorrect key types.wood_type.afc.mahogany was corrected from null to its default, true. 
[22:04:59] [Render thread/WARN]: Incorrect key types.wood_type.afc.hevea was corrected from null to its default, true. 
[22:04:59] [Render thread/WARN]: Incorrect key types.wood_type.afc.tualang was corrected from null to its default, true. 
[22:04:59] [Render thread/WARN]: Incorrect key types.wood_type.afc.teak was corrected from null to its default, true. 
[22:04:59] [Render thread/WARN]: Incorrect key types.wood_type.afc.cypress was corrected from null to its default, true. 
[22:04:59] [Render thread/WARN]: Incorrect key types.wood_type.afc.fig was corrected from null to its default, true. 
[22:04:59] [Render thread/WARN]: Incorrect key types.wood_type.afc.ironwood was corrected from null to its default, true. 
[22:04:59] [Render thread/WARN]: Incorrect key types.wood_type.afc.ipe was corrected from null to its default, true. 
[22:04:59] [Render thread/WARN]: Incorrect key types.wood_type.ad_astra was corrected from null to its default, SimpleCommentedConfig:{}. 
[22:04:59] [Render thread/WARN]: Incorrect key types.wood_type.ad_astra.aeronos was corrected from null to its default, true. 
[22:04:59] [Render thread/WARN]: Incorrect key types.wood_type.ad_astra.strophar was corrected from null to its default, true. 
[22:04:59] [Render thread/WARN]: Incorrect key types.wood_type.ad_astra.glacian was corrected from null to its default, true. 
[22:04:59] [Render thread/WARN]: Incorrect key types.wood_type.gtceu was corrected from null to its default, SimpleCommentedConfig:{}. 
[22:04:59] [Render thread/WARN]: Incorrect key types.wood_type.gtceu.rubber was corrected from null to its default, true. 
[22:04:59] [Render thread/WARN]: Incorrect key types.wood_type.wan_ancient_beasts was corrected from null to its default, SimpleCommentedConfig:{}. 
[22:04:59] [Render thread/WARN]: Incorrect key types.wood_type.wan_ancient_beasts.ginkgo was corrected from null to its default, true. 
[22:04:59] [Render thread/WARN]: Incorrect key types.leaves_type was corrected from null to its default, SimpleCommentedConfig:{}. 
[22:04:59] [Render thread/WARN]: Incorrect key types.leaves_type.ad_astra was corrected from null to its default, SimpleCommentedConfig:{}. 
[22:04:59] [Render thread/WARN]: Incorrect key types.leaves_type.ad_astra.glacian was corrected from null to its default, true. 
[22:04:59] [Render thread/WARN]: Incorrect key types.leaves_type.gtceu was corrected from null to its default, SimpleCommentedConfig:{}. 
[22:04:59] [Render thread/WARN]: Incorrect key types.leaves_type.gtceu.rubber was corrected from null to its default, true. 
[22:04:59] [Render thread/WARN]: Incorrect key types.leaves_type.wan_ancient_beasts was corrected from null to its default, SimpleCommentedConfig:{}. 
[22:04:59] [Render thread/WARN]: Incorrect key types.leaves_type.wan_ancient_beasts.amber_ginkgo was corrected from null to its default, true. 
[22:04:59] [Render thread/WARN]: Incorrect key types.leaves_type.wan_ancient_beasts.verdant_ginkgo was corrected from null to its default, true. 
[22:04:59] [Render thread/WARN]: Incorrect key entries was corrected from null to its default, SimpleCommentedConfig:{}. 
[22:04:59] [Render thread/WARN]: Incorrect key entries.wood_type was corrected from null to its default, SimpleCommentedConfig:{}. 
[22:04:59] [Render thread/WARN]: Incorrect key entries.wood_type.create was corrected from null to its default, SimpleCommentedConfig:{}. 
[22:04:59] [Render thread/WARN]: Incorrect key entries.wood_type.create.window_pane was corrected from null to its default, true. 
[22:04:59] [Render thread/WARN]: Incorrect key entries.wood_type.create.window was corrected from null to its default, true. 
[22:04:59] [Render thread/WARN]: Incorrect key woodtype was corrected from SimpleCommentedConfig:{blacklist=[]} to its default, null. 
[22:04:59] [Render thread/WARN]: Incorrect key leavestype was corrected from SimpleCommentedConfig:{blacklist=[]} to its default, null. 
[22:04:59] [Render thread/WARN]: Incorrect key entryset was corrected from SimpleCommentedConfig:{blacklist=[]} to its default, null. 
[22:04:59] [Render thread/WARN]: Incorrect key module was corrected from SimpleCommentedConfig:{blacklist=[]} to its default, null. 
[22:04:59] [Render thread/WARN]: Incorrect key block was corrected from SimpleCommentedConfig:{blacklist=[]} to its default, null. 
[22:04:59] [Render thread/WARN]: Incorrect key other was corrected from SimpleCommentedConfig:{include_all_wood_modules=true, enable_framed_blocks_blacklist=false} to its default, null. 
[22:04:59] [Render thread/INFO]: Synced everycomp-hazardous.toml configs
[22:04:59] [Render thread/INFO]: Synced moonlight-common.toml configs
[22:04:59] [Render thread/INFO]: Received config from the server: {}
[22:04:59] [Render thread/WARN]: Unknown custom packet identifier: skinshuffle:handshake
[22:04:59] [Render thread/WARN]: Unknown custom packet identifier: configuration:network
[22:04:59] [Render thread/INFO]: [earth.terrarium.botarium.common.energy.EnergyApi:finalizeBlockRegistration:39]: Finalizing energy block registration
[22:04:59] [Render thread/INFO]: [earth.terrarium.botarium.common.fluid.FluidApi:finalizeBlockRegistration:42]: Finalizing fluid block registration
[22:05:00] [Render thread/INFO]: [s3_progression_mod] BuildCreativeModeTabContentsEvent fired for FUNCTIONAL_BLOCKS, adding laboratory
[22:05:00] [Render thread/INFO]: [s3_progression_mod] BuildCreativeModeTabContentsEvent fired for INGREDIENTS, adding 45 science items
[22:05:00] [Render thread/INFO]: [s3_progression_mod] progression_tab displayItems generator ran, added 41 items
[22:05:00] [Render thread/INFO]: GregTech Modern detected! Integration with fluid cells activated.
[22:05:00] [Render thread/INFO]: Registering Applied Ammo Box items to other creative tab...
[22:05:02] [Thread-213/INFO]: [EMI] Reloading item groups on client thread took 3324ms
[22:05:02] [Thread-213/WARN]: [EMI] dev.emi.emi.registry.EmiRegistryImpl is tainted by
	 * com.evandev.reliable_remover.mixin.emi.EmiRegistryImplMixin
[22:05:02] [Thread-213/INFO]: [EMI] Loading plugin from emi
[22:05:03] [Render thread/INFO]: Can't find any curios slots, another try in 3 seconds...
[22:05:04] [Render thread/WARN]: Time from main menu to in-game was 37.71166 seconds
[22:05:04] [Render thread/WARN]: Total time to load game and open world was 216.87366 seconds
[22:05:06] [Render thread/INFO]: Can't find any curios slots, another try in 3 seconds...
[22:05:09] [Render thread/INFO]: Can't find any curios slots, another try in 3 seconds...
[22:05:12] [Render thread/INFO]: Can't find any curios slots, another try in 3 seconds...
[22:05:15] [Render thread/INFO]: Can't find any curios slots, another try in 3 seconds...
[22:05:15] [Thread-213/INFO]: [EMI] Reloaded plugin from emi in 12309ms
[22:05:15] [Thread-213/INFO]: [EMI] Loading plugin from ldlib
[22:05:15] [Thread-213/INFO]: [EMI] Reloaded plugin from ldlib in 3ms
[22:05:15] [Thread-213/INFO]: [EMI] Loading plugin from sophisticatedcore
[22:05:15] [Thread-213/INFO]: [EMI] Reloaded plugin from sophisticatedcore in 0ms
[22:05:15] [Thread-213/INFO]: [EMI] Loading plugin from sophisticatedbackpacks
[22:05:15] [Thread-213/INFO]: [EMI] Reloaded plugin from sophisticatedbackpacks in 152ms
[22:05:15] [Thread-213/INFO]: [EMI] Loading plugin from computercraft
[22:05:15] [Thread-213/INFO]: [EMI] Reloaded plugin from computercraft in 0ms
[22:05:15] [Thread-213/INFO]: [EMI] Loading plugin from reliable_recipes
[22:05:15] [Thread-213/INFO]: [EMI] Reloaded plugin from reliable_recipes in 0ms
[22:05:15] [Thread-213/INFO]: [EMI] Loading plugin from craftingstation
[22:05:15] [Thread-213/INFO]: [EMI] Reloaded plugin from craftingstation in 1ms
[22:05:15] [Thread-213/INFO]: [EMI] Loading plugin from copycats
[22:05:15] [Thread-213/INFO]: [EMI] Reloaded plugin from copycats in 0ms
[22:05:15] [Thread-213/INFO]: [EMI] Loading plugin from ali
[22:05:15] [Thread-213/INFO]: [ali] Starting data registration...
[22:05:15] [Thread-213/INFO]: [ali] Data not ready. Requesting data from server (Attempt 1/3)
[22:05:15] [Netty Client IO #1/INFO]: [ali] Started receiving data
[22:05:15] [Thread-213/INFO]: [ali] Adding loot information to EMI
[22:05:15] [Netty Client IO #1/INFO]: [ali] Received last 6 chunk(s). Done receiving data.
[22:05:15] [Netty Client IO #1/INFO]: [ali] Finished receiving data
[22:05:16] [Thread-213/INFO]: [ali] Data registration finished successfully.
[22:05:16] [Thread-213/INFO]: [EMI] Reloaded plugin from ali in 712ms
[22:05:16] [Thread-213/INFO]: [EMI] Loading plugin from gtceu
[22:05:17] [Thread-213/WARN]: Pattern formed checking failed: tfg:cooling_tower
[22:05:17] [Thread-213/WARN]: Pattern formed checking failed: tfg:cooling_tower
[22:05:17] [Thread-213/WARN]: Pattern formed checking failed: gtceu:charcoal_pile_igniter
[22:05:17] [Thread-213/WARN]: Duplicate sync field name: controllerPositions
[22:05:18] [Render thread/INFO]: Can't find any curios slots, another try in 3 seconds...
[22:05:21] [Render thread/INFO]: Can't find any curios slots, another try in 3 seconds...
[22:05:24] [Render thread/INFO]: Can't find any curios slots, another try in 3 seconds...
[22:05:27] [Render thread/INFO]: Can't find any curios slots, another try in 3 seconds...
[22:05:28] [Thread-213/INFO]: [EMI] Reloaded plugin from gtceu in 12356ms
[22:05:28] [Thread-213/INFO]: [EMI] Loading plugin from tfg
[22:05:28] [Thread-213/INFO]: [EMI] Reloaded plugin from tfg in 207ms
[22:05:28] [Thread-213/INFO]: [EMI] Loading plugin from deafission
[22:05:28] [Thread-213/INFO]: [EMI] Reloaded plugin from deafission in 1ms
[22:05:28] [Thread-213/INFO]: [EMI] Loading plugin from ae2
[22:05:28] [Thread-213/INFO]: [EMI] Reloaded plugin from ae2 in 19ms
[22:05:28] [Thread-213/INFO]: [EMI] Loading plugin from ae2wtlib
[22:05:28] [Thread-213/INFO]: [EMI] Reloaded plugin from ae2wtlib in 0ms
[22:05:28] [Thread-213/INFO]: [EMI] Loading plugin from framedblocks
[22:05:29] [Thread-213/INFO]: [EMI] Reloaded plugin from framedblocks in 490ms
[22:05:29] [Thread-213/INFO]: [EMI] Loading plugin from diggerhelmet
[22:05:29] [Thread-213/INFO]: [EMI] Reloaded plugin from diggerhelmet in 76ms
[22:05:29] [Thread-213/INFO]: [EMI] Loading plugin from fluidlogistics
[22:05:29] [Thread-213/INFO]: [EMI] Reloaded plugin from fluidlogistics in 4ms
[22:05:29] [Thread-213/INFO]: [EMI] Loading plugin from toomanyrecipeviewers
[22:05:29] [Thread-213/WARN]: [EMI] dev.emi.emi.jemi.JemiUtil is tainted by
	 * dev.nolij.toomanyrecipeviewers.mixin.JemiUtilMixin
[22:05:29] [Thread-213/WARN]: Could not locate JEI keybindings, lookups in books may not work
[22:05:29] [Thread-213/INFO]: Loading JEI Plugins: [jei:minecraft, modernfix:capturer, jumbofurnace:jumbofurnace, ldlib:jei_plugin¹, exposure:jei_plugin, corpse:corpse, taczammoquery:jei, curios:curios, constructionwand:constructionwand, vintageimprovements:jei_plugin, tfc:jei, reliable_remover:jei_plugin, jei:alltheleaks, firmaciv:jei, minecraft:domum_ornamentum², afc:jei, morered:morered, ad_astra:jei, immersive_aircraft:extended_storage, sophisticatedcore:default¹, sophisticatedbackpacks:default¹, uteamcore:jei, railways:jei_plugin, create_connected:jei_plugin, simplylight:jei_plugin, patchouli:patchouli, computercraft:jei¹, species:jei_plugin, minecraft:craftingstation², copycats:jei_plugin¹, tacz:jei, map_atlases:jei_plugin, ali:jei_plugin¹, mts:main, rnr:jei, kubejs:jei, ftblibrary:jei, ftbfiltersystem:default, polylib:jei_plugin, ftbxmodcompat:ftbquests_jei, gtceu:jei_plugin¹, jade:main, ae2:core¹, ae2wtlib:core¹, expatternprovider:jei_plugin, firmalife:jei, create:jei_plugin, framedblocks:jei_plugin¹, greate:jei_plugin, diggerhelmet:jei_plugin¹, fluidlogistics:jei_plugin¹, wan_ancient_beasts:jei_plugin, createaddition:jei_plugin, jei:internal]
[22:05:29] [Thread-213/INFO]: [EMI] [TMRV] onConfigManagerAvailable: modernfix:capturer...
[22:05:29] [Thread-213/INFO]: [EMI] [TMRV] onConfigManagerAvailable: modernfix:capturer took 0ms
[22:05:29] [Thread-213/INFO]: [EMI] [TMRV] onConfigManagerAvailable: jumbofurnace:jumbofurnace...
[22:05:29] [Thread-213/INFO]: [EMI] [TMRV] onConfigManagerAvailable: jumbofurnace:jumbofurnace took 0ms
[22:05:29] [Thread-213/INFO]: [EMI] [TMRV] onConfigManagerAvailable: exposure:jei_plugin...
[22:05:29] [Thread-213/INFO]: [EMI] [TMRV] onConfigManagerAvailable: exposure:jei_plugin took 0ms
[22:05:29] [Thread-213/INFO]: [EMI] [TMRV] onConfigManagerAvailable: corpse:corpse...
[22:05:29] [Thread-213/INFO]: [EMI] [TMRV] onConfigManagerAvailable: corpse:corpse took 0ms
[22:05:29] [Thread-213/INFO]: [EMI] [TMRV] onConfigManagerAvailable: taczammoquery:jei...
[22:05:29] [Thread-213/INFO]: [EMI] [TMRV] onConfigManagerAvailable: taczammoquery:jei took 0ms
[22:05:29] [Thread-213/INFO]: [EMI] [TMRV] onConfigManagerAvailable: curios:curios...
[22:05:29] [Thread-213/INFO]: [EMI] [TMRV] onConfigManagerAvailable: curios:curios took 0ms
[22:05:29] [Thread-213/INFO]: [EMI] [TMRV] onConfigManagerAvailable: constructionwand:constructionwand...
[22:05:29] [Thread-213/INFO]: [EMI] [TMRV] onConfigManagerAvailable: constructionwand:constructionwand took 0ms
[22:05:29] [Thread-213/INFO]: [EMI] [TMRV] onConfigManagerAvailable: vintageimprovements:jei_plugin...
[22:05:29] [Thread-213/INFO]: [EMI] [TMRV] onConfigManagerAvailable: vintageimprovements:jei_plugin took 1ms
[22:05:29] [Thread-213/INFO]: [EMI] [TMRV] onConfigManagerAvailable: tfc:jei...
[22:05:29] [Thread-213/INFO]: [EMI] [TMRV] onConfigManagerAvailable: tfc:jei took 0ms
[22:05:29] [Thread-213/INFO]: [EMI] [TMRV] onConfigManagerAvailable: reliable_remover:jei_plugin...
[22:05:29] [Thread-213/INFO]: [EMI] [TMRV] onConfigManagerAvailable: reliable_remover:jei_plugin took 0ms
[22:05:29] [Thread-213/INFO]: [EMI] [TMRV] onConfigManagerAvailable: jei:alltheleaks...
[22:05:29] [Thread-213/INFO]: [EMI] [TMRV] onConfigManagerAvailable: jei:alltheleaks took 0ms
[22:05:29] [Thread-213/INFO]: [EMI] [TMRV] onConfigManagerAvailable: firmaciv:jei...
[22:05:29] [Thread-213/INFO]: [EMI] [TMRV] onConfigManagerAvailable: firmaciv:jei took 0ms
[22:05:29] [Thread-213/INFO]: [EMI] [TMRV] onConfigManagerAvailable: afc:jei...
[22:05:29] [Thread-213/INFO]: [EMI] [TMRV] onConfigManagerAvailable: afc:jei took 0ms
[22:05:29] [Thread-213/INFO]: [EMI] [TMRV] onConfigManagerAvailable: morered:morered...
[22:05:29] [Thread-213/INFO]: [EMI] [TMRV] onConfigManagerAvailable: morered:morered took 0ms
[22:05:29] [Thread-213/INFO]: [EMI] [TMRV] onConfigManagerAvailable: ad_astra:jei...
[22:05:29] [Thread-213/INFO]: [EMI] [TMRV] onConfigManagerAvailable: ad_astra:jei took 0ms
[22:05:29] [Thread-213/INFO]: [EMI] [TMRV] onConfigManagerAvailable: immersive_aircraft:extended_storage...
[22:05:29] [Thread-213/INFO]: [EMI] [TMRV] onConfigManagerAvailable: immersive_aircraft:extended_storage took 0ms
[22:05:29] [Thread-213/INFO]: [EMI] [TMRV] onConfigManagerAvailable: uteamcore:jei...
[22:05:29] [Thread-213/INFO]: [EMI] [TMRV] onConfigManagerAvailable: uteamcore:jei took 0ms
[22:05:29] [Thread-213/INFO]: [EMI] [TMRV] onConfigManagerAvailable: railways:jei_plugin...
[22:05:29] [Thread-213/INFO]: [EMI] [TMRV] onConfigManagerAvailable: railways:jei_plugin took 0ms
[22:05:29] [Thread-213/INFO]: [EMI] [TMRV] onConfigManagerAvailable: create_connected:jei_plugin...
[22:05:29] [Thread-213/INFO]: [EMI] [TMRV] onConfigManagerAvailable: create_connected:jei_plugin took 0ms
[22:05:29] [Thread-213/INFO]: [EMI] [TMRV] onConfigManagerAvailable: simplylight:jei_plugin...
[22:05:29] [Thread-213/INFO]: [EMI] [TMRV] onConfigManagerAvailable: simplylight:jei_plugin took 0ms
[22:05:29] [Thread-213/INFO]: [EMI] [TMRV] onConfigManagerAvailable: patchouli:patchouli...
[22:05:29] [Thread-213/INFO]: [EMI] [TMRV] onConfigManagerAvailable: patchouli:patchouli took 0ms
[22:05:29] [Thread-213/INFO]: [EMI] [TMRV] onConfigManagerAvailable: species:jei_plugin...
[22:05:29] [Thread-213/INFO]: [EMI] [TMRV] onConfigManagerAvailable: species:jei_plugin took 0ms
[22:05:29] [Thread-213/INFO]: [EMI] [TMRV] onConfigManagerAvailable: tacz:jei...
[22:05:29] [Thread-213/INFO]: [EMI] [TMRV] onConfigManagerAvailable: tacz:jei took 0ms
[22:05:29] [Thread-213/INFO]: [EMI] [TMRV] onConfigManagerAvailable: map_atlases:jei_plugin...
[22:05:29] [Thread-213/INFO]: [EMI] [TMRV] onConfigManagerAvailable: map_atlases:jei_plugin took 0ms
[22:05:29] [Thread-213/INFO]: [EMI] [TMRV] onConfigManagerAvailable: mts:main...
[22:05:29] [Thread-213/INFO]: [EMI] [TMRV] onConfigManagerAvailable: mts:main took 0ms
[22:05:29] [Thread-213/INFO]: [EMI] [TMRV] onConfigManagerAvailable: rnr:jei...
[22:05:29] [Thread-213/INFO]: [EMI] [TMRV] onConfigManagerAvailable: rnr:jei took 0ms
[22:05:29] [Thread-213/INFO]: [EMI] [TMRV] onConfigManagerAvailable: kubejs:jei...
[22:05:29] [Thread-213/INFO]: [EMI] [TMRV] onConfigManagerAvailable: kubejs:jei took 0ms
[22:05:29] [Thread-213/INFO]: [EMI] [TMRV] onConfigManagerAvailable: ftblibrary:jei...
[22:05:29] [Thread-213/INFO]: [EMI] [TMRV] onConfigManagerAvailable: ftblibrary:jei took 0ms
[22:05:29] [Thread-213/INFO]: [EMI] [TMRV] onConfigManagerAvailable: ftbfiltersystem:default...
[22:05:29] [Thread-213/INFO]: [EMI] [TMRV] onConfigManagerAvailable: ftbfiltersystem:default took 0ms
[22:05:29] [Thread-213/INFO]: [EMI] [TMRV] onConfigManagerAvailable: polylib:jei_plugin...
[22:05:29] [Thread-213/INFO]: [EMI] [TMRV] onConfigManagerAvailable: polylib:jei_plugin took 0ms
[22:05:29] [Thread-213/INFO]: [EMI] [TMRV] onConfigManagerAvailable: ftbxmodcompat:ftbquests_jei...
[22:05:29] [Thread-213/INFO]: [EMI] [TMRV] onConfigManagerAvailable: ftbxmodcompat:ftbquests_jei took 0ms
[22:05:29] [Thread-213/INFO]: [EMI] [TMRV] onConfigManagerAvailable: jade:main...
[22:05:29] [Thread-213/INFO]: [EMI] [TMRV] onConfigManagerAvailable: jade:main took 0ms
[22:05:29] [Thread-213/INFO]: [EMI] [TMRV] onConfigManagerAvailable: expatternprovider:jei_plugin...
[22:05:29] [Thread-213/INFO]: [EMI] [TMRV] onConfigManagerAvailable: expatternprovider:jei_plugin took 0ms
[22:05:29] [Thread-213/INFO]: [EMI] [TMRV] onConfigManagerAvailable: firmalife:jei...
[22:05:29] [Thread-213/INFO]: [EMI] [TMRV] onConfigManagerAvailable: firmalife:jei took 0ms
[22:05:29] [Thread-213/INFO]: [EMI] [TMRV] onConfigManagerAvailable: create:jei_plugin...
[22:05:29] [Thread-213/INFO]: [EMI] [TMRV] onConfigManagerAvailable: create:jei_plugin took 0ms
[22:05:29] [Thread-213/INFO]: [EMI] [TMRV] onConfigManagerAvailable: greate:jei_plugin...
[22:05:29] [Thread-213/INFO]: [EMI] [TMRV] onConfigManagerAvailable: greate:jei_plugin took 0ms
[22:05:29] [Thread-213/INFO]: [EMI] [TMRV] onConfigManagerAvailable: wan_ancient_beasts:jei_plugin...
[22:05:29] [Thread-213/INFO]: [EMI] [TMRV] onConfigManagerAvailable: wan_ancient_beasts:jei_plugin took 0ms
[22:05:29] [Thread-213/INFO]: [EMI] [TMRV] onConfigManagerAvailable: createaddition:jei_plugin...
[22:05:29] [Thread-213/INFO]: [EMI] [TMRV] onConfigManagerAvailable: createaddition:jei_plugin took 0ms
[22:05:29] [Thread-213/INFO]: [EMI] [TMRV] onConfigManagerAvailable: jei:internal...
[22:05:29] [Thread-213/INFO]: [EMI] [TMRV] onConfigManagerAvailable: jei:internal took 0ms
[22:05:29] [Thread-213/INFO]: onConfigManagerAvailable took 3ms
[22:05:29] [Thread-213/INFO]: [EMI] [TMRV] registerItemSubtypes: modernfix:capturer...
[22:05:29] [Thread-213/INFO]: [EMI] [TMRV] registerItemSubtypes: modernfix:capturer took 0ms
[22:05:29] [Thread-213/INFO]: [EMI] [TMRV] registerItemSubtypes: jumbofurnace:jumbofurnace...
[22:05:29] [Thread-213/INFO]: [EMI] [TMRV] registerItemSubtypes: jumbofurnace:jumbofurnace took 0ms
[22:05:29] [Thread-213/INFO]: [EMI] [TMRV] registerItemSubtypes: exposure:jei_plugin...
[22:05:29] [Thread-213/INFO]: [EMI] [TMRV] registerItemSubtypes: exposure:jei_plugin took 0ms
[22:05:29] [Thread-213/INFO]: [EMI] [TMRV] registerItemSubtypes: corpse:corpse...
[22:05:29] [Thread-213/INFO]: [EMI] [TMRV] registerItemSubtypes: corpse:corpse took 0ms
[22:05:29] [Thread-213/INFO]: [EMI] [TMRV] registerItemSubtypes: taczammoquery:jei...
[22:05:29] [Thread-213/INFO]: [EMI] [TMRV] registerItemSubtypes: taczammoquery:jei took 0ms
[22:05:29] [Thread-213/INFO]: [EMI] [TMRV] registerItemSubtypes: curios:curios...
[22:05:29] [Thread-213/INFO]: [EMI] [TMRV] registerItemSubtypes: curios:curios took 0ms
[22:05:29] [Thread-213/INFO]: [EMI] [TMRV] registerItemSubtypes: constructionwand:constructionwand...
[22:05:29] [Thread-213/INFO]: [EMI] [TMRV] registerItemSubtypes: constructionwand:constructionwand took 0ms
[22:05:29] [Thread-213/INFO]: [EMI] [TMRV] registerItemSubtypes: vintageimprovements:jei_plugin...
[22:05:29] [Thread-213/INFO]: [EMI] [TMRV] registerItemSubtypes: vintageimprovements:jei_plugin took 0ms
[22:05:29] [Thread-213/INFO]: [EMI] [TMRV] registerItemSubtypes: tfc:jei...
[22:05:29] [Thread-213/INFO]: [EMI] [TMRV] registerItemSubtypes: tfc:jei took 0ms
[22:05:29] [Thread-213/INFO]: [EMI] [TMRV] registerItemSubtypes: reliable_remover:jei_plugin...
[22:05:29] [Thread-213/INFO]: [EMI] [TMRV] registerItemSubtypes: reliable_remover:jei_plugin took 0ms
[22:05:29] [Thread-213/INFO]: [EMI] [TMRV] registerItemSubtypes: jei:alltheleaks...
[22:05:29] [Thread-213/INFO]: [EMI] [TMRV] registerItemSubtypes: jei:alltheleaks took 0ms
[22:05:29] [Thread-213/INFO]: [EMI] [TMRV] registerItemSubtypes: firmaciv:jei...
[22:05:29] [Thread-213/INFO]: [EMI] [TMRV] registerItemSubtypes: firmaciv:jei took 0ms
[22:05:29] [Thread-213/INFO]: [EMI] [TMRV] registerItemSubtypes: afc:jei...
[22:05:29] [Thread-213/INFO]: [EMI] [TMRV] registerItemSubtypes: afc:jei took 0ms
[22:05:29] [Thread-213/INFO]: [EMI] [TMRV] registerItemSubtypes: morered:morered...
[22:05:29] [Thread-213/INFO]: [EMI] [TMRV] registerItemSubtypes: morered:morered took 0ms
[22:05:29] [Thread-213/INFO]: [EMI] [TMRV] registerItemSubtypes: ad_astra:jei...
[22:05:29] [Thread-213/INFO]: [EMI] [TMRV] registerItemSubtypes: ad_astra:jei took 2ms
[22:05:29] [Thread-213/INFO]: [EMI] [TMRV] registerItemSubtypes: immersive_aircraft:extended_storage...
[22:05:29] [Thread-213/INFO]: [EMI] [TMRV] registerItemSubtypes: immersive_aircraft:extended_storage took 0ms
[22:05:29] [Thread-213/INFO]: [EMI] [TMRV] registerItemSubtypes: uteamcore:jei...
[22:05:29] [Thread-213/INFO]: [EMI] [TMRV] registerItemSubtypes: uteamcore:jei took 0ms
[22:05:29] [Thread-213/INFO]: [EMI] [TMRV] registerItemSubtypes: railways:jei_plugin...
[22:05:29] [Thread-213/INFO]: [EMI] [TMRV] registerItemSubtypes: railways:jei_plugin took 0ms
[22:05:29] [Thread-213/INFO]: [EMI] [TMRV] registerItemSubtypes: create_connected:jei_plugin...
[22:05:29] [Thread-213/INFO]: [EMI] [TMRV] registerItemSubtypes: create_connected:jei_plugin took 0ms
[22:05:29] [Thread-213/INFO]: [EMI] [TMRV] registerItemSubtypes: simplylight:jei_plugin...
[22:05:29] [Thread-213/INFO]: [EMI] [TMRV] registerItemSubtypes: simplylight:jei_plugin took 0ms
[22:05:29] [Thread-213/INFO]: [EMI] [TMRV] registerItemSubtypes: patchouli:patchouli...
[22:05:29] [Thread-213/INFO]: [EMI] [TMRV] registerItemSubtypes: patchouli:patchouli took 0ms
[22:05:29] [Thread-213/INFO]: [EMI] [TMRV] registerItemSubtypes: species:jei_plugin...
[22:05:29] [Thread-213/INFO]: [EMI] [TMRV] registerItemSubtypes: species:jei_plugin took 0ms
[22:05:29] [Thread-213/INFO]: [EMI] [TMRV] registerItemSubtypes: tacz:jei...
[22:05:29] [Thread-213/INFO]: [EMI] [TMRV] registerItemSubtypes: tacz:jei took 2ms
[22:05:29] [Thread-213/INFO]: [EMI] [TMRV] registerItemSubtypes: map_atlases:jei_plugin...
[22:05:29] [Thread-213/INFO]: [EMI] [TMRV] registerItemSubtypes: map_atlases:jei_plugin took 0ms
[22:05:29] [Thread-213/INFO]: [EMI] [TMRV] registerItemSubtypes: mts:main...
[22:05:29] [Thread-213/INFO]: [EMI] [TMRV] registerItemSubtypes: mts:main took 0ms
[22:05:29] [Thread-213/INFO]: [EMI] [TMRV] registerItemSubtypes: rnr:jei...
[22:05:29] [Thread-213/INFO]: [EMI] [TMRV] registerItemSubtypes: rnr:jei took 0ms
[22:05:29] [Thread-213/INFO]: [EMI] [TMRV] registerItemSubtypes: kubejs:jei...
[22:05:29] [Thread-213/INFO]: [EMI] [TMRV] registerItemSubtypes: kubejs:jei took 0ms
[22:05:29] [Thread-213/INFO]: [EMI] [TMRV] registerItemSubtypes: ftblibrary:jei...
[22:05:29] [Thread-213/INFO]: [EMI] [TMRV] registerItemSubtypes: ftblibrary:jei took 0ms
[22:05:29] [Thread-213/INFO]: [EMI] [TMRV] registerItemSubtypes: ftbfiltersystem:default...
[22:05:29] [Thread-213/INFO]: [EMI] [TMRV] registerItemSubtypes: ftbfiltersystem:default took 0ms
[22:05:29] [Thread-213/INFO]: [EMI] [TMRV] registerItemSubtypes: polylib:jei_plugin...
[22:05:29] [Thread-213/INFO]: [EMI] [TMRV] registerItemSubtypes: polylib:jei_plugin took 0ms
[22:05:29] [Thread-213/INFO]: [EMI] [TMRV] registerItemSubtypes: ftbxmodcompat:ftbquests_jei...
[22:05:29] [Thread-213/INFO]: [EMI] [TMRV] registerItemSubtypes: ftbxmodcompat:ftbquests_jei took 1ms
[22:05:29] [Thread-213/INFO]: [EMI] [TMRV] registerItemSubtypes: jade:main...
[22:05:29] [Thread-213/INFO]: [EMI] [TMRV] registerItemSubtypes: jade:main took 0ms
[22:05:29] [Thread-213/INFO]: [EMI] [TMRV] registerItemSubtypes: expatternprovider:jei_plugin...
[22:05:29] [Thread-213/INFO]: [EMI] [TMRV] registerItemSubtypes: expatternprovider:jei_plugin took 0ms
[22:05:29] [Thread-213/INFO]: [EMI] [TMRV] registerItemSubtypes: firmalife:jei...
[22:05:29] [Thread-213/INFO]: [EMI] [TMRV] registerItemSubtypes: firmalife:jei took 0ms
[22:05:29] [Thread-213/INFO]: [EMI] [TMRV] registerItemSubtypes: create:jei_plugin...
[22:05:29] [Thread-213/INFO]: [EMI] [TMRV] registerItemSubtypes: create:jei_plugin took 0ms
[22:05:29] [Thread-213/INFO]: [EMI] [TMRV] registerItemSubtypes: greate:jei_plugin...
[22:05:29] [Thread-213/INFO]: [EMI] [TMRV] registerItemSubtypes: greate:jei_plugin took 0ms
[22:05:29] [Thread-213/INFO]: [EMI] [TMRV] registerItemSubtypes: wan_ancient_beasts:jei_plugin...
[22:05:29] [Thread-213/INFO]: [EMI] [TMRV] registerItemSubtypes: wan_ancient_beasts:jei_plugin took 0ms
[22:05:29] [Thread-213/INFO]: [EMI] [TMRV] registerItemSubtypes: createaddition:jei_plugin...
[22:05:29] [Thread-213/INFO]: [EMI] [TMRV] registerItemSubtypes: createaddition:jei_plugin took 0ms
[22:05:29] [Thread-213/INFO]: [EMI] [TMRV] registerItemSubtypes: jei:internal...
[22:05:29] [Thread-213/INFO]: [EMI] [TMRV] registerItemSubtypes: jei:internal took 1ms
[22:05:29] [Thread-213/INFO]: registerItemSubtypes took 9ms
[22:05:29] [Thread-213/INFO]: [EMI] [TMRV] registerFluidSubtypes: modernfix:capturer...
[22:05:29] [Thread-213/INFO]: [EMI] [TMRV] registerFluidSubtypes: modernfix:capturer took 0ms
[22:05:29] [Thread-213/INFO]: [EMI] [TMRV] registerFluidSubtypes: jumbofurnace:jumbofurnace...
[22:05:29] [Thread-213/INFO]: [EMI] [TMRV] registerFluidSubtypes: jumbofurnace:jumbofurnace took 0ms
[22:05:29] [Thread-213/INFO]: [EMI] [TMRV] registerFluidSubtypes: exposure:jei_plugin...
[22:05:29] [Thread-213/INFO]: [EMI] [TMRV] registerFluidSubtypes: exposure:jei_plugin took 0ms
[22:05:29] [Thread-213/INFO]: [EMI] [TMRV] registerFluidSubtypes: corpse:corpse...
[22:05:29] [Thread-213/INFO]: [EMI] [TMRV] registerFluidSubtypes: corpse:corpse took 0ms
[22:05:29] [Thread-213/INFO]: [EMI] [TMRV] registerFluidSubtypes: taczammoquery:jei...
[22:05:29] [Thread-213/INFO]: [EMI] [TMRV] registerFluidSubtypes: taczammoquery:jei took 0ms
[22:05:29] [Thread-213/INFO]: [EMI] [TMRV] registerFluidSubtypes: curios:curios...
[22:05:29] [Thread-213/INFO]: [EMI] [TMRV] registerFluidSubtypes: curios:curios took 0ms
[22:05:29] [Thread-213/INFO]: [EMI] [TMRV] registerFluidSubtypes: constructionwand:constructionwand...
[22:05:29] [Thread-213/INFO]: [EMI] [TMRV] registerFluidSubtypes: constructionwand:constructionwand took 1ms
[22:05:29] [Thread-213/INFO]: [EMI] [TMRV] registerFluidSubtypes: vintageimprovements:jei_plugin...
[22:05:29] [Thread-213/INFO]: [EMI] [TMRV] registerFluidSubtypes: vintageimprovements:jei_plugin took 0ms
[22:05:29] [Thread-213/INFO]: [EMI] [TMRV] registerFluidSubtypes: tfc:jei...
[22:05:29] [Thread-213/INFO]: [EMI] [TMRV] registerFluidSubtypes: tfc:jei took 0ms
[22:05:29] [Thread-213/INFO]: [EMI] [TMRV] registerFluidSubtypes: reliable_remover:jei_plugin...
[22:05:29] [Thread-213/INFO]: [EMI] [TMRV] registerFluidSubtypes: reliable_remover:jei_plugin took 0ms
[22:05:29] [Thread-213/INFO]: [EMI] [TMRV] registerFluidSubtypes: jei:alltheleaks...
[22:05:29] [Thread-213/INFO]: [EMI] [TMRV] registerFluidSubtypes: jei:alltheleaks took 0ms
[22:05:29] [Thread-213/INFO]: [EMI] [TMRV] registerFluidSubtypes: firmaciv:jei...
[22:05:29] [Thread-213/INFO]: [EMI] [TMRV] registerFluidSubtypes: firmaciv:jei took 0ms
[22:05:29] [Thread-213/INFO]: [EMI] [TMRV] registerFluidSubtypes: afc:jei...
[22:05:29] [Thread-213/INFO]: [EMI] [TMRV] registerFluidSubtypes: afc:jei took 0ms
[22:05:29] [Thread-213/INFO]: [EMI] [TMRV] registerFluidSubtypes: morered:morered...
[22:05:29] [Thread-213/INFO]: [EMI] [TMRV] registerFluidSubtypes: morered:morered took 0ms
[22:05:29] [Thread-213/INFO]: [EMI] [TMRV] registerFluidSubtypes: ad_astra:jei...
[22:05:29] [Thread-213/INFO]: [EMI] [TMRV] registerFluidSubtypes: ad_astra:jei took 0ms
[22:05:29] [Thread-213/INFO]: [EMI] [TMRV] registerFluidSubtypes: immersive_aircraft:extended_storage...
[22:05:29] [Thread-213/INFO]: [EMI] [TMRV] registerFluidSubtypes: immersive_aircraft:extended_storage took 1ms
[22:05:29] [Thread-213/INFO]: [EMI] [TMRV] registerFluidSubtypes: uteamcore:jei...
[22:05:29] [Thread-213/INFO]: [EMI] [TMRV] registerFluidSubtypes: uteamcore:jei took 0ms
[22:05:29] [Thread-213/INFO]: [EMI] [TMRV] registerFluidSubtypes: railways:jei_plugin...
[22:05:29] [Thread-213/INFO]: [EMI] [TMRV] registerFluidSubtypes: railways:jei_plugin took 0ms
[22:05:29] [Thread-213/INFO]: [EMI] [TMRV] registerFluidSubtypes: create_connected:jei_plugin...
[22:05:29] [Thread-213/INFO]: [EMI] [TMRV] registerFluidSubtypes: create_connected:jei_plugin took 0ms
[22:05:29] [Thread-213/INFO]: [EMI] [TMRV] registerFluidSubtypes: simplylight:jei_plugin...
[22:05:29] [Thread-213/INFO]: [EMI] [TMRV] registerFluidSubtypes: simplylight:jei_plugin took 0ms
[22:05:29] [Thread-213/INFO]: [EMI] [TMRV] registerFluidSubtypes: patchouli:patchouli...
[22:05:29] [Thread-213/INFO]: [EMI] [TMRV] registerFluidSubtypes: patchouli:patchouli took 0ms
[22:05:29] [Thread-213/INFO]: [EMI] [TMRV] registerFluidSubtypes: species:jei_plugin...
[22:05:29] [Thread-213/INFO]: [EMI] [TMRV] registerFluidSubtypes: species:jei_plugin took 0ms
[22:05:29] [Thread-213/INFO]: [EMI] [TMRV] registerFluidSubtypes: tacz:jei...
[22:05:29] [Thread-213/INFO]: [EMI] [TMRV] registerFluidSubtypes: tacz:jei took 0ms
[22:05:29] [Thread-213/INFO]: [EMI] [TMRV] registerFluidSubtypes: map_atlases:jei_plugin...
[22:05:29] [Thread-213/INFO]: [EMI] [TMRV] registerFluidSubtypes: map_atlases:jei_plugin took 0ms
[22:05:29] [Thread-213/INFO]: [EMI] [TMRV] registerFluidSubtypes: mts:main...
[22:05:29] [Thread-213/INFO]: [EMI] [TMRV] registerFluidSubtypes: mts:main took 0ms
[22:05:29] [Thread-213/INFO]: [EMI] [TMRV] registerFluidSubtypes: rnr:jei...
[22:05:29] [Thread-213/INFO]: [EMI] [TMRV] registerFluidSubtypes: rnr:jei took 0ms
[22:05:29] [Thread-213/INFO]: [EMI] [TMRV] registerFluidSubtypes: kubejs:jei...
[22:05:29] [Thread-213/INFO]: [EMI] [TMRV] registerFluidSubtypes: kubejs:jei took 0ms
[22:05:29] [Thread-213/INFO]: [EMI] [TMRV] registerFluidSubtypes: ftblibrary:jei...
[22:05:29] [Thread-213/INFO]: [EMI] [TMRV] registerFluidSubtypes: ftblibrary:jei took 0ms
[22:05:29] [Thread-213/INFO]: [EMI] [TMRV] registerFluidSubtypes: ftbfiltersystem:default...
[22:05:29] [Thread-213/INFO]: [EMI] [TMRV] registerFluidSubtypes: ftbfiltersystem:default took 0ms
[22:05:29] [Thread-213/INFO]: [EMI] [TMRV] registerFluidSubtypes: polylib:jei_plugin...
[22:05:29] [Thread-213/INFO]: [EMI] [TMRV] registerFluidSubtypes: polylib:jei_plugin took 0ms
[22:05:29] [Thread-213/INFO]: [EMI] [TMRV] registerFluidSubtypes: ftbxmodcompat:ftbquests_jei...
[22:05:29] [Thread-213/INFO]: [EMI] [TMRV] registerFluidSubtypes: ftbxmodcompat:ftbquests_jei took 0ms
[22:05:29] [Thread-213/INFO]: [EMI] [TMRV] registerFluidSubtypes: jade:main...
[22:05:29] [Thread-213/INFO]: [EMI] [TMRV] registerFluidSubtypes: jade:main took 0ms
[22:05:29] [Thread-213/INFO]: [EMI] [TMRV] registerFluidSubtypes: expatternprovider:jei_plugin...
[22:05:29] [Thread-213/INFO]: [EMI] [TMRV] registerFluidSubtypes: expatternprovider:jei_plugin took 1ms
[22:05:29] [Thread-213/INFO]: [EMI] [TMRV] registerFluidSubtypes: firmalife:jei...
[22:05:29] [Thread-213/INFO]: [EMI] [TMRV] registerFluidSubtypes: firmalife:jei took 0ms
[22:05:29] [Thread-213/INFO]: [EMI] [TMRV] registerFluidSubtypes: create:jei_plugin...
[22:05:29] [Thread-213/INFO]: [EMI] [TMRV] registerFluidSubtypes: create:jei_plugin took 1ms
[22:05:29] [Thread-213/INFO]: [EMI] [TMRV] registerFluidSubtypes: greate:jei_plugin...
[22:05:29] [Thread-213/INFO]: [EMI] [TMRV] registerFluidSubtypes: greate:jei_plugin took 1ms
[22:05:29] [Thread-213/INFO]: [EMI] [TMRV] registerFluidSubtypes: wan_ancient_beasts:jei_plugin...
[22:05:29] [Thread-213/INFO]: [EMI] [TMRV] registerFluidSubtypes: wan_ancient_beasts:jei_plugin took 0ms
[22:05:29] [Thread-213/INFO]: [EMI] [TMRV] registerFluidSubtypes: createaddition:jei_plugin...
[22:05:29] [Thread-213/INFO]: [EMI] [TMRV] registerFluidSubtypes: createaddition:jei_plugin took 0ms
[22:05:29] [Thread-213/INFO]: [EMI] [TMRV] registerFluidSubtypes: jei:internal...
[22:05:29] [Thread-213/INFO]: [EMI] [TMRV] registerFluidSubtypes: jei:internal took 0ms
[22:05:29] [Thread-213/INFO]: registerFluidSubtypes took 6ms
[22:05:29] [Thread-213/INFO]: [EMI] [TMRV] registerIngredients: modernfix:capturer...
[22:05:29] [Thread-213/INFO]: [EMI] [TMRV] registerIngredients: modernfix:capturer took 1ms
[22:05:29] [Thread-213/INFO]: [EMI] [TMRV] registerIngredients: jumbofurnace:jumbofurnace...
[22:05:29] [Thread-213/INFO]: [EMI] [TMRV] registerIngredients: jumbofurnace:jumbofurnace took 0ms
[22:05:29] [Thread-213/INFO]: [EMI] [TMRV] registerIngredients: ldlib:jei_plugin...
[22:05:29] [Thread-213/INFO]: [EMI] [TMRV] registerIngredients: ldlib:jei_plugin took 0ms
[22:05:29] [Thread-213/INFO]: [EMI] [TMRV] registerIngredients: exposure:jei_plugin...
[22:05:29] [Thread-213/INFO]: [EMI] [TMRV] registerIngredients: exposure:jei_plugin took 0ms
[22:05:29] [Thread-213/INFO]: [EMI] [TMRV] registerIngredients: corpse:corpse...
[22:05:29] [Thread-213/INFO]: [EMI] [TMRV] registerIngredients: corpse:corpse took 0ms
[22:05:29] [Thread-213/INFO]: [EMI] [TMRV] registerIngredients: taczammoquery:jei...
[22:05:29] [Thread-213/INFO]: [EMI] [TMRV] registerIngredients: taczammoquery:jei took 0ms
[22:05:29] [Thread-213/INFO]: [EMI] [TMRV] registerIngredients: curios:curios...
[22:05:29] [Thread-213/INFO]: [EMI] [TMRV] registerIngredients: curios:curios took 0ms
[22:05:29] [Thread-213/INFO]: [EMI] [TMRV] registerIngredients: constructionwand:constructionwand...
[22:05:29] [Thread-213/INFO]: [EMI] [TMRV] registerIngredients: constructionwand:constructionwand took 0ms
[22:05:29] [Thread-213/INFO]: [EMI] [TMRV] registerIngredients: vintageimprovements:jei_plugin...
[22:05:29] [Thread-213/INFO]: [EMI] [TMRV] registerIngredients: vintageimprovements:jei_plugin took 0ms
[22:05:29] [Thread-213/INFO]: [EMI] [TMRV] registerIngredients: tfc:jei...
[22:05:29] [Thread-213/INFO]: [EMI] [TMRV] registerIngredients: tfc:jei took 0ms
[22:05:29] [Thread-213/INFO]: [EMI] [TMRV] registerIngredients: reliable_remover:jei_plugin...
[22:05:29] [Thread-213/INFO]: [EMI] [TMRV] registerIngredients: reliable_remover:jei_plugin took 0ms
[22:05:29] [Thread-213/INFO]: [EMI] [TMRV] registerIngredients: jei:alltheleaks...
[22:05:29] [Thread-213/INFO]: [EMI] [TMRV] registerIngredients: jei:alltheleaks took 0ms
[22:05:29] [Thread-213/INFO]: [EMI] [TMRV] registerIngredients: firmaciv:jei...
[22:05:29] [Thread-213/INFO]: [EMI] [TMRV] registerIngredients: firmaciv:jei took 0ms
[22:05:29] [Thread-213/INFO]: [EMI] [TMRV] registerIngredients: minecraft:domum_ornamentum...
[22:05:29] [Thread-213/INFO]: [EMI] [TMRV] registerIngredients: minecraft:domum_ornamentum took 0ms
[22:05:29] [Thread-213/INFO]: [EMI] [TMRV] registerIngredients: afc:jei...
[22:05:29] [Thread-213/INFO]: [EMI] [TMRV] registerIngredients: afc:jei took 0ms
[22:05:29] [Thread-213/INFO]: [EMI] [TMRV] registerIngredients: morered:morered...
[22:05:29] [Thread-213/INFO]: [EMI] [TMRV] registerIngredients: morered:morered took 0ms
[22:05:29] [Thread-213/INFO]: [EMI] [TMRV] registerIngredients: ad_astra:jei...
[22:05:29] [Thread-213/INFO]: [EMI] [TMRV] registerIngredients: ad_astra:jei took 0ms
[22:05:29] [Thread-213/INFO]: [EMI] [TMRV] registerIngredients: immersive_aircraft:extended_storage...
[22:05:29] [Thread-213/INFO]: [EMI] [TMRV] registerIngredients: immersive_aircraft:extended_storage took 0ms
[22:05:29] [Thread-213/INFO]: [EMI] [TMRV] registerIngredients: sophisticatedcore:default...
[22:05:29] [Thread-213/INFO]: [EMI] [TMRV] registerIngredients: sophisticatedcore:default took 0ms
[22:05:29] [Thread-213/INFO]: [EMI] [TMRV] registerIngredients: sophisticatedbackpacks:default...
[22:05:29] [Thread-213/INFO]: [EMI] [TMRV] registerIngredients: sophisticatedbackpacks:default took 0ms
[22:05:29] [Thread-213/INFO]: [EMI] [TMRV] registerIngredients: uteamcore:jei...
[22:05:29] [Thread-213/INFO]: [EMI] [TMRV] registerIngredients: uteamcore:jei took 0ms
[22:05:29] [Thread-213/INFO]: [EMI] [TMRV] registerIngredients: railways:jei_plugin...
[22:05:29] [Thread-213/INFO]: [EMI] [TMRV] registerIngredients: railways:jei_plugin took 0ms
[22:05:29] [Thread-213/INFO]: [EMI] [TMRV] registerIngredients: create_connected:jei_plugin...
[22:05:29] [Thread-213/INFO]: [EMI] [TMRV] registerIngredients: create_connected:jei_plugin took 0ms
[22:05:29] [Thread-213/INFO]: [EMI] [TMRV] registerIngredients: simplylight:jei_plugin...
[22:05:29] [Thread-213/INFO]: [EMI] [TMRV] registerIngredients: simplylight:jei_plugin took 0ms
[22:05:29] [Thread-213/INFO]: [EMI] [TMRV] registerIngredients: patchouli:patchouli...
[22:05:29] [Thread-213/INFO]: [EMI] [TMRV] registerIngredients: patchouli:patchouli took 0ms
[22:05:29] [Thread-213/INFO]: [EMI] [TMRV] registerIngredients: computercraft:jei...
[22:05:29] [Thread-213/INFO]: [EMI] [TMRV] registerIngredients: computercraft:jei took 0ms
[22:05:29] [Thread-213/INFO]: [EMI] [TMRV] registerIngredients: species:jei_plugin...
[22:05:29] [Thread-213/INFO]: [EMI] [TMRV] registerIngredients: species:jei_plugin took 0ms
[22:05:29] [Thread-213/INFO]: [EMI] [TMRV] registerIngredients: minecraft:craftingstation...
[22:05:29] [Thread-213/INFO]: [EMI] [TMRV] registerIngredients: minecraft:craftingstation took 0ms
[22:05:29] [Thread-213/INFO]: [EMI] [TMRV] registerIngredients: copycats:jei_plugin...
[22:05:29] [Thread-213/INFO]: [EMI] [TMRV] registerIngredients: copycats:jei_plugin took 0ms
[22:05:29] [Thread-213/INFO]: [EMI] [TMRV] registerIngredients: tacz:jei...
[22:05:29] [Thread-213/INFO]: [EMI] [TMRV] registerIngredients: tacz:jei took 0ms
[22:05:29] [Thread-213/INFO]: [EMI] [TMRV] registerIngredients: map_atlases:jei_plugin...
[22:05:29] [Thread-213/INFO]: [EMI] [TMRV] registerIngredients: map_atlases:jei_plugin took 0ms
[22:05:29] [Thread-213/INFO]: [EMI] [TMRV] registerIngredients: ali:jei_plugin...
[22:05:29] [Thread-213/INFO]: [EMI] [TMRV] registerIngredients: ali:jei_plugin took 0ms
[22:05:29] [Thread-213/INFO]: [EMI] [TMRV] registerIngredients: mts:main...
[22:05:29] [Thread-213/INFO]: [EMI] [TMRV] registerIngredients: mts:main took 0ms
[22:05:29] [Thread-213/INFO]: [EMI] [TMRV] registerIngredients: rnr:jei...
[22:05:29] [Thread-213/INFO]: [EMI] [TMRV] registerIngredients: rnr:jei took 0ms
[22:05:29] [Thread-213/INFO]: [EMI] [TMRV] registerIngredients: kubejs:jei...
[22:05:29] [Thread-213/INFO]: [EMI] [TMRV] registerIngredients: kubejs:jei took 0ms
[22:05:29] [Thread-213/INFO]: [EMI] [TMRV] registerIngredients: ftblibrary:jei...
[22:05:29] [Thread-213/INFO]: [EMI] [TMRV] registerIngredients: ftblibrary:jei took 0ms
[22:05:29] [Thread-213/INFO]: [EMI] [TMRV] registerIngredients: ftbfiltersystem:default...
[22:05:29] [Thread-213/INFO]: [EMI] [TMRV] registerIngredients: ftbfiltersystem:default took 0ms
[22:05:29] [Thread-213/INFO]: [EMI] [TMRV] registerIngredients: polylib:jei_plugin...
[22:05:29] [Thread-213/INFO]: [EMI] [TMRV] registerIngredients: polylib:jei_plugin took 1ms
[22:05:29] [Thread-213/INFO]: [EMI] [TMRV] registerIngredients: ftbxmodcompat:ftbquests_jei...
[22:05:29] [Thread-213/INFO]: [EMI] [TMRV] registerIngredients: ftbxmodcompat:ftbquests_jei took 0ms
[22:05:29] [Thread-213/INFO]: [EMI] [TMRV] registerIngredients: gtceu:jei_plugin...
[22:05:29] [Thread-213/INFO]: [EMI] [TMRV] registerIngredients: gtceu:jei_plugin took 0ms
[22:05:29] [Thread-213/INFO]: [EMI] [TMRV] registerIngredients: jade:main...
[22:05:29] [Thread-213/INFO]: [EMI] [TMRV] registerIngredients: jade:main took 0ms
[22:05:29] [Thread-213/INFO]: [EMI] [TMRV] registerIngredients: ae2:core...
[22:05:29] [Thread-213/INFO]: [EMI] [TMRV] registerIngredients: ae2:core took 0ms
[22:05:29] [Thread-213/INFO]: [EMI] [TMRV] registerIngredients: ae2wtlib:core...
[22:05:29] [Thread-213/INFO]: [EMI] [TMRV] registerIngredients: ae2wtlib:core took 0ms
[22:05:29] [Thread-213/INFO]: [EMI] [TMRV] registerIngredients: expatternprovider:jei_plugin...
[22:05:29] [Thread-213/INFO]: [EMI] [TMRV] registerIngredients: expatternprovider:jei_plugin took 0ms
[22:05:29] [Thread-213/INFO]: [EMI] [TMRV] registerIngredients: firmalife:jei...
[22:05:29] [Thread-213/INFO]: [EMI] [TMRV] registerIngredients: firmalife:jei took 0ms
[22:05:29] [Thread-213/INFO]: [EMI] [TMRV] registerIngredients: create:jei_plugin...
[22:05:29] [Thread-213/INFO]: [EMI] [TMRV] registerIngredients: create:jei_plugin took 1ms
[22:05:29] [Thread-213/INFO]: [EMI] [TMRV] registerIngredients: framedblocks:jei_plugin...
[22:05:29] [Thread-213/INFO]: [EMI] [TMRV] registerIngredients: framedblocks:jei_plugin took 0ms
[22:05:29] [Thread-213/INFO]: [EMI] [TMRV] registerIngredients: greate:jei_plugin...
[22:05:29] [Thread-213/INFO]: [EMI] [TMRV] registerIngredients: greate:jei_plugin took 0ms
[22:05:29] [Thread-213/INFO]: [EMI] [TMRV] registerIngredients: diggerhelmet:jei_plugin...
[22:05:29] [Thread-213/INFO]: [EMI] [TMRV] registerIngredients: diggerhelmet:jei_plugin took 0ms
[22:05:29] [Thread-213/INFO]: [EMI] [TMRV] registerIngredients: fluidlogistics:jei_plugin...
[22:05:29] [Thread-213/INFO]: [EMI] [TMRV] registerIngredients: fluidlogistics:jei_plugin took 0ms
[22:05:29] [Thread-213/INFO]: [EMI] [TMRV] registerIngredients: wan_ancient_beasts:jei_plugin...
[22:05:29] [Thread-213/INFO]: [EMI] [TMRV] registerIngredients: wan_ancient_beasts:jei_plugin took 0ms
[22:05:29] [Thread-213/INFO]: [EMI] [TMRV] registerIngredients: createaddition:jei_plugin...
[22:05:29] [Thread-213/INFO]: [EMI] [TMRV] registerIngredients: createaddition:jei_plugin took 0ms
[22:05:29] [Thread-213/INFO]: [EMI] [TMRV] registerIngredients: jei:internal...
[22:05:29] [Thread-213/INFO]: [EMI] [TMRV] registerIngredients: jei:internal took 0ms
[22:05:29] [Thread-213/INFO]: registerIngredients took 6ms
[22:05:29] [Thread-213/INFO]: [EMI] [TMRV] registerExtraIngredients: modernfix:capturer...
[22:05:29] [Thread-213/INFO]: [EMI] [TMRV] registerExtraIngredients: modernfix:capturer took 0ms
[22:05:29] [Thread-213/INFO]: [EMI] [TMRV] registerExtraIngredients: jumbofurnace:jumbofurnace...
[22:05:29] [Thread-213/INFO]: [EMI] [TMRV] registerExtraIngredients: jumbofurnace:jumbofurnace took 0ms
[22:05:29] [Thread-213/INFO]: [EMI] [TMRV] registerExtraIngredients: exposure:jei_plugin...
[22:05:29] [Thread-213/INFO]: [EMI] [TMRV] registerExtraIngredients: exposure:jei_plugin took 0ms
[22:05:29] [Thread-213/INFO]: [EMI] [TMRV] registerExtraIngredients: corpse:corpse...
[22:05:29] [Thread-213/INFO]: [EMI] [TMRV] registerExtraIngredients: corpse:corpse took 0ms
[22:05:29] [Thread-213/INFO]: [EMI] [TMRV] registerExtraIngredients: taczammoquery:jei...
[22:05:29] [Thread-213/INFO]: [EMI] [TMRV] registerExtraIngredients: taczammoquery:jei took 0ms
[22:05:29] [Thread-213/INFO]: [EMI] [TMRV] registerExtraIngredients: curios:curios...
[22:05:29] [Thread-213/INFO]: [EMI] [TMRV] registerExtraIngredients: curios:curios took 0ms
[22:05:29] [Thread-213/INFO]: [EMI] [TMRV] registerExtraIngredients: constructionwand:constructionwand...
[22:05:29] [Thread-213/INFO]: [EMI] [TMRV] registerExtraIngredients: constructionwand:constructionwand took 0ms
[22:05:29] [Thread-213/INFO]: [EMI] [TMRV] registerExtraIngredients: vintageimprovements:jei_plugin...
[22:05:29] [Thread-213/INFO]: [EMI] [TMRV] registerExtraIngredients: vintageimprovements:jei_plugin took 0ms
[22:05:29] [Thread-213/INFO]: [EMI] [TMRV] registerExtraIngredients: tfc:jei...
[22:05:29] [Thread-213/INFO]: [EMI] [TMRV] registerExtraIngredients: tfc:jei took 0ms
[22:05:29] [Thread-213/INFO]: [EMI] [TMRV] registerExtraIngredients: reliable_remover:jei_plugin...
[22:05:29] [Thread-213/INFO]: [EMI] [TMRV] registerExtraIngredients: reliable_remover:jei_plugin took 0ms
[22:05:29] [Thread-213/INFO]: [EMI] [TMRV] registerExtraIngredients: jei:alltheleaks...
[22:05:29] [Thread-213/INFO]: [EMI] [TMRV] registerExtraIngredients: jei:alltheleaks took 0ms
[22:05:29] [Thread-213/INFO]: [EMI] [TMRV] registerExtraIngredients: firmaciv:jei...
[22:05:29] [Thread-213/INFO]: [EMI] [TMRV] registerExtraIngredients: firmaciv:jei took 0ms
[22:05:29] [Thread-213/INFO]: [EMI] [TMRV] registerExtraIngredients: afc:jei...
[22:05:29] [Thread-213/INFO]: [EMI] [TMRV] registerExtraIngredients: afc:jei took 0ms
[22:05:29] [Thread-213/INFO]: [EMI] [TMRV] registerExtraIngredients: morered:morered...
[22:05:29] [Thread-213/INFO]: [EMI] [TMRV] registerExtraIngredients: morered:morered took 0ms
[22:05:29] [Thread-213/INFO]: [EMI] [TMRV] registerExtraIngredients: ad_astra:jei...
[22:05:29] [Thread-213/INFO]: [EMI] [TMRV] registerExtraIngredients: ad_astra:jei took 0ms
[22:05:29] [Thread-213/INFO]: [EMI] [TMRV] registerExtraIngredients: immersive_aircraft:extended_storage...
[22:05:29] [Thread-213/INFO]: [EMI] [TMRV] registerExtraIngredients: immersive_aircraft:extended_storage took 0ms
[22:05:29] [Thread-213/INFO]: [EMI] [TMRV] registerExtraIngredients: uteamcore:jei...
[22:05:29] [Thread-213/INFO]: [EMI] [TMRV] registerExtraIngredients: uteamcore:jei took 0ms
[22:05:29] [Thread-213/INFO]: [EMI] [TMRV] registerExtraIngredients: railways:jei_plugin...
[22:05:29] [Thread-213/INFO]: [EMI] [TMRV] registerExtraIngredients: railways:jei_plugin took 0ms
[22:05:29] [Thread-213/INFO]: [EMI] [TMRV] registerExtraIngredients: create_connected:jei_plugin...
[22:05:29] [Thread-213/INFO]: [EMI] [TMRV] registerExtraIngredients: create_connected:jei_plugin took 0ms
[22:05:29] [Thread-213/INFO]: [EMI] [TMRV] registerExtraIngredients: simplylight:jei_plugin...
[22:05:29] [Thread-213/INFO]: [EMI] [TMRV] registerExtraIngredients: simplylight:jei_plugin took 0ms
[22:05:29] [Thread-213/INFO]: [EMI] [TMRV] registerExtraIngredients: patchouli:patchouli...
[22:05:29] [Thread-213/INFO]: [EMI] [TMRV] registerExtraIngredients: patchouli:patchouli took 0ms
[22:05:29] [Thread-213/INFO]: [EMI] [TMRV] registerExtraIngredients: species:jei_plugin...
[22:05:29] [Thread-213/INFO]: [EMI] [TMRV] registerExtraIngredients: species:jei_plugin took 0ms
[22:05:29] [Thread-213/INFO]: [EMI] [TMRV] registerExtraIngredients: tacz:jei...
[22:05:29] [Thread-213/INFO]: [EMI] [TMRV] registerExtraIngredients: tacz:jei took 1ms
[22:05:29] [Thread-213/INFO]: [EMI] [TMRV] registerExtraIngredients: map_atlases:jei_plugin...
[22:05:29] [Thread-213/INFO]: [EMI] [TMRV] registerExtraIngredients: map_atlases:jei_plugin took 0ms
[22:05:29] [Thread-213/INFO]: [EMI] [TMRV] registerExtraIngredients: mts:main...
[22:05:29] [Thread-213/INFO]: [EMI] [TMRV] registerExtraIngredients: mts:main took 0ms
[22:05:29] [Thread-213/INFO]: [EMI] [TMRV] registerExtraIngredients: rnr:jei...
[22:05:29] [Thread-213/INFO]: [EMI] [TMRV] registerExtraIngredients: rnr:jei took 0ms
[22:05:29] [Thread-213/INFO]: [EMI] [TMRV] registerExtraIngredients: kubejs:jei...
[22:05:29] [Thread-213/INFO]: [EMI] [TMRV] registerExtraIngredients: kubejs:jei took 0ms
[22:05:29] [Thread-213/INFO]: [EMI] [TMRV] registerExtraIngredients: ftblibrary:jei...
[22:05:29] [Thread-213/INFO]: [EMI] [TMRV] registerExtraIngredients: ftblibrary:jei took 0ms
[22:05:29] [Thread-213/INFO]: [EMI] [TMRV] registerExtraIngredients: ftbfiltersystem:default...
[22:05:29] [Thread-213/INFO]: [EMI] [TMRV] registerExtraIngredients: ftbfiltersystem:default took 0ms
[22:05:29] [Thread-213/INFO]: [EMI] [TMRV] registerExtraIngredients: polylib:jei_plugin...
[22:05:29] [Thread-213/INFO]: [EMI] [TMRV] registerExtraIngredients: polylib:jei_plugin took 0ms
[22:05:29] [Thread-213/INFO]: [EMI] [TMRV] registerExtraIngredients: ftbxmodcompat:ftbquests_jei...
[22:05:29] [Thread-213/INFO]: [EMI] [TMRV] registerExtraIngredients: ftbxmodcompat:ftbquests_jei took 0ms
[22:05:29] [Thread-213/INFO]: [EMI] [TMRV] registerExtraIngredients: jade:main...
[22:05:29] [Thread-213/INFO]: [EMI] [TMRV] registerExtraIngredients: jade:main took 0ms
[22:05:29] [Thread-213/INFO]: [EMI] [TMRV] registerExtraIngredients: expatternprovider:jei_plugin...
[22:05:29] [Thread-213/INFO]: [EMI] [TMRV] registerExtraIngredients: expatternprovider:jei_plugin took 0ms
[22:05:29] [Thread-213/INFO]: [EMI] [TMRV] registerExtraIngredients: firmalife:jei...
[22:05:29] [Thread-213/INFO]: [EMI] [TMRV] registerExtraIngredients: firmalife:jei took 0ms
[22:05:29] [Thread-213/INFO]: [EMI] [TMRV] registerExtraIngredients: create:jei_plugin...
[22:05:29] [Thread-213/INFO]: [EMI] [TMRV] registerExtraIngredients: create:jei_plugin took 6ms
[22:05:29] [Thread-213/INFO]: [EMI] [TMRV] registerExtraIngredients: greate:jei_plugin...
[22:05:29] [Thread-213/INFO]: [EMI] [TMRV] registerExtraIngredients: greate:jei_plugin took 0ms
[22:05:29] [Thread-213/INFO]: [EMI] [TMRV] registerExtraIngredients: wan_ancient_beasts:jei_plugin...
[22:05:29] [Thread-213/INFO]: [EMI] [TMRV] registerExtraIngredients: wan_ancient_beasts:jei_plugin took 0ms
[22:05:29] [Thread-213/INFO]: [EMI] [TMRV] registerExtraIngredients: createaddition:jei_plugin...
[22:05:29] [Thread-213/INFO]: [EMI] [TMRV] registerExtraIngredients: createaddition:jei_plugin took 0ms
[22:05:29] [Thread-213/INFO]: [EMI] [TMRV] registerExtraIngredients: jei:internal...
[22:05:29] [Thread-213/INFO]: [EMI] [TMRV] registerExtraIngredients: jei:internal took 0ms
[22:05:29] [Thread-213/INFO]: registerExtraIngredients took 10ms
[22:05:29] [Thread-213/INFO]: [EMI] [TMRV] registerIngredientAliases: modernfix:capturer...
[22:05:29] [Thread-213/INFO]: [EMI] [TMRV] registerIngredientAliases: modernfix:capturer took 0ms
[22:05:29] [Thread-213/INFO]: [EMI] [TMRV] registerIngredientAliases: jumbofurnace:jumbofurnace...
[22:05:29] [Thread-213/INFO]: [EMI] [TMRV] registerIngredientAliases: jumbofurnace:jumbofurnace took 0ms
[22:05:29] [Thread-213/INFO]: [EMI] [TMRV] registerIngredientAliases: exposure:jei_plugin...
[22:05:29] [Thread-213/INFO]: [EMI] [TMRV] registerIngredientAliases: exposure:jei_plugin took 0ms
[22:05:29] [Thread-213/INFO]: [EMI] [TMRV] registerIngredientAliases: corpse:corpse...
[22:05:29] [Thread-213/INFO]: [EMI] [TMRV] registerIngredientAliases: corpse:corpse took 0ms
[22:05:29] [Thread-213/INFO]: [EMI] [TMRV] registerIngredientAliases: taczammoquery:jei...
[22:05:29] [Thread-213/INFO]: [EMI] [TMRV] registerIngredientAliases: taczammoquery:jei took 0ms
[22:05:29] [Thread-213/INFO]: [EMI] [TMRV] registerIngredientAliases: curios:curios...
[22:05:29] [Thread-213/INFO]: [EMI] [TMRV] registerIngredientAliases: curios:curios took 0ms
[22:05:29] [Thread-213/INFO]: [EMI] [TMRV] registerIngredientAliases: constructionwand:constructionwand...
[22:05:29] [Thread-213/INFO]: [EMI] [TMRV] registerIngredientAliases: constructionwand:constructionwand took 0ms
[22:05:29] [Thread-213/INFO]: [EMI] [TMRV] registerIngredientAliases: vintageimprovements:jei_plugin...
[22:05:29] [Thread-213/INFO]: [EMI] [TMRV] registerIngredientAliases: vintageimprovements:jei_plugin took 0ms
[22:05:29] [Thread-213/INFO]: [EMI] [TMRV] registerIngredientAliases: tfc:jei...
[22:05:29] [Thread-213/INFO]: [EMI] [TMRV] registerIngredientAliases: tfc:jei took 0ms
[22:05:29] [Thread-213/INFO]: [EMI] [TMRV] registerIngredientAliases: reliable_remover:jei_plugin...
[22:05:29] [Thread-213/INFO]: [EMI] [TMRV] registerIngredientAliases: reliable_remover:jei_plugin took 0ms
[22:05:29] [Thread-213/INFO]: [EMI] [TMRV] registerIngredientAliases: jei:alltheleaks...
[22:05:29] [Thread-213/INFO]: [EMI] [TMRV] registerIngredientAliases: jei:alltheleaks took 0ms
[22:05:29] [Thread-213/INFO]: [EMI] [TMRV] registerIngredientAliases: firmaciv:jei...
[22:05:29] [Thread-213/INFO]: [EMI] [TMRV] registerIngredientAliases: firmaciv:jei took 0ms
[22:05:29] [Thread-213/INFO]: [EMI] [TMRV] registerIngredientAliases: afc:jei...
[22:05:29] [Thread-213/INFO]: [EMI] [TMRV] registerIngredientAliases: afc:jei took 0ms
[22:05:29] [Thread-213/INFO]: [EMI] [TMRV] registerIngredientAliases: morered:morered...
[22:05:29] [Thread-213/INFO]: [EMI] [TMRV] registerIngredientAliases: morered:morered took 0ms
[22:05:29] [Thread-213/INFO]: [EMI] [TMRV] registerIngredientAliases: ad_astra:jei...
[22:05:29] [Thread-213/INFO]: [EMI] [TMRV] registerIngredientAliases: ad_astra:jei took 0ms
[22:05:29] [Thread-213/INFO]: [EMI] [TMRV] registerIngredientAliases: immersive_aircraft:extended_storage...
[22:05:29] [Thread-213/INFO]: [EMI] [TMRV] registerIngredientAliases: immersive_aircraft:extended_storage took 0ms
[22:05:29] [Thread-213/INFO]: [EMI] [TMRV] registerIngredientAliases: uteamcore:jei...
[22:05:29] [Thread-213/INFO]: [EMI] [TMRV] registerIngredientAliases: uteamcore:jei took 0ms
[22:05:29] [Thread-213/INFO]: [EMI] [TMRV] registerIngredientAliases: railways:jei_plugin...
[22:05:29] [Thread-213/INFO]: [EMI] [TMRV] registerIngredientAliases: railways:jei_plugin took 0ms
[22:05:29] [Thread-213/INFO]: [EMI] [TMRV] registerIngredientAliases: create_connected:jei_plugin...
[22:05:29] [Thread-213/INFO]: [EMI] [TMRV] registerIngredientAliases: create_connected:jei_plugin took 0ms
[22:05:29] [Thread-213/INFO]: [EMI] [TMRV] registerIngredientAliases: simplylight:jei_plugin...
[22:05:29] [Thread-213/INFO]: [EMI] [TMRV] registerIngredientAliases: simplylight:jei_plugin took 0ms
[22:05:29] [Thread-213/INFO]: [EMI] [TMRV] registerIngredientAliases: patchouli:patchouli...
[22:05:29] [Thread-213/INFO]: [EMI] [TMRV] registerIngredientAliases: patchouli:patchouli took 1ms
[22:05:29] [Thread-213/INFO]: [EMI] [TMRV] registerIngredientAliases: species:jei_plugin...
[22:05:29] [Thread-213/INFO]: [EMI] [TMRV] registerIngredientAliases: species:jei_plugin took 0ms
[22:05:29] [Thread-213/INFO]: [EMI] [TMRV] registerIngredientAliases: tacz:jei...
[22:05:29] [Thread-213/INFO]: [EMI] [TMRV] registerIngredientAliases: tacz:jei took 0ms
[22:05:29] [Thread-213/INFO]: [EMI] [TMRV] registerIngredientAliases: map_atlases:jei_plugin...
[22:05:29] [Thread-213/INFO]: [EMI] [TMRV] registerIngredientAliases: map_atlases:jei_plugin took 0ms
[22:05:29] [Thread-213/INFO]: [EMI] [TMRV] registerIngredientAliases: mts:main...
[22:05:29] [Thread-213/INFO]: [EMI] [TMRV] registerIngredientAliases: mts:main took 0ms
[22:05:29] [Thread-213/INFO]: [EMI] [TMRV] registerIngredientAliases: rnr:jei...
[22:05:29] [Thread-213/INFO]: [EMI] [TMRV] registerIngredientAliases: rnr:jei took 0ms
[22:05:29] [Thread-213/INFO]: [EMI] [TMRV] registerIngredientAliases: kubejs:jei...
[22:05:29] [Thread-213/INFO]: [EMI] [TMRV] registerIngredientAliases: kubejs:jei took 0ms
[22:05:29] [Thread-213/INFO]: [EMI] [TMRV] registerIngredientAliases: ftblibrary:jei...
[22:05:29] [Thread-213/INFO]: [EMI] [TMRV] registerIngredientAliases: ftblibrary:jei took 0ms
[22:05:29] [Thread-213/INFO]: [EMI] [TMRV] registerIngredientAliases: ftbfiltersystem:default...
[22:05:29] [Thread-213/INFO]: [EMI] [TMRV] registerIngredientAliases: ftbfiltersystem:default took 0ms
[22:05:29] [Thread-213/INFO]: [EMI] [TMRV] registerIngredientAliases: polylib:jei_plugin...
[22:05:29] [Thread-213/INFO]: [EMI] [TMRV] registerIngredientAliases: polylib:jei_plugin took 0ms
[22:05:29] [Thread-213/INFO]: [EMI] [TMRV] registerIngredientAliases: ftbxmodcompat:ftbquests_jei...
[22:05:29] [Thread-213/INFO]: [EMI] [TMRV] registerIngredientAliases: ftbxmodcompat:ftbquests_jei took 0ms
[22:05:29] [Thread-213/INFO]: [EMI] [TMRV] registerIngredientAliases: jade:main...
[22:05:29] [Thread-213/INFO]: [EMI] [TMRV] registerIngredientAliases: jade:main took 1ms
[22:05:29] [Thread-213/INFO]: [EMI] [TMRV] registerIngredientAliases: expatternprovider:jei_plugin...
[22:05:29] [Thread-213/INFO]: [EMI] [TMRV] registerIngredientAliases: expatternprovider:jei_plugin took 0ms
[22:05:29] [Thread-213/INFO]: [EMI] [TMRV] registerIngredientAliases: firmalife:jei...
[22:05:29] [Thread-213/INFO]: [EMI] [TMRV] registerIngredientAliases: firmalife:jei took 0ms
[22:05:29] [Thread-213/INFO]: [EMI] [TMRV] registerIngredientAliases: create:jei_plugin...
[22:05:29] [Thread-213/INFO]: [EMI] [TMRV] registerIngredientAliases: create:jei_plugin took 0ms
[22:05:29] [Thread-213/INFO]: [EMI] [TMRV] registerIngredientAliases: greate:jei_plugin...
[22:05:29] [Thread-213/INFO]: [EMI] [TMRV] registerIngredientAliases: greate:jei_plugin took 0ms
[22:05:29] [Thread-213/INFO]: [EMI] [TMRV] registerIngredientAliases: wan_ancient_beasts:jei_plugin...
[22:05:29] [Thread-213/INFO]: [EMI] [TMRV] registerIngredientAliases: wan_ancient_beasts:jei_plugin took 0ms
[22:05:29] [Thread-213/INFO]: [EMI] [TMRV] registerIngredientAliases: createaddition:jei_plugin...
[22:05:29] [Thread-213/INFO]: [EMI] [TMRV] registerIngredientAliases: createaddition:jei_plugin took 0ms
[22:05:29] [Thread-213/INFO]: [EMI] [TMRV] registerIngredientAliases: jei:internal...
[22:05:29] [Thread-213/INFO]: [EMI] [TMRV] registerIngredientAliases: jei:internal took 0ms
[22:05:29] [Thread-213/INFO]: registerIngredientAliases took 4ms
[22:05:29] [Thread-213/INFO]: [EMI] [TMRV] registerCategories: jei:minecraft...
[22:05:29] [Thread-213/WARN]: Modified mixin "dev.uncandango.alltheleaks.mixin.core.main.NormalizedTypedItemStackMixin". Check debug logs for more information.
[22:05:29] [Thread-213/INFO]: [EMI] [TMRV] registerCategories: jei:minecraft took 19ms
[22:05:29] [Thread-213/INFO]: [EMI] [TMRV] registerCategories: modernfix:capturer...
[22:05:29] [Thread-213/INFO]: [EMI] [TMRV] registerCategories: modernfix:capturer took 0ms
[22:05:29] [Thread-213/INFO]: [EMI] [TMRV] registerCategories: jumbofurnace:jumbofurnace...
[22:05:29] [Thread-213/INFO]: [EMI] [TMRV] registerCategories: jumbofurnace:jumbofurnace took 4ms
[22:05:29] [Thread-213/INFO]: [EMI] [TMRV] registerCategories: ldlib:jei_plugin...
[22:05:29] [Thread-213/INFO]: [EMI] [TMRV] registerCategories: ldlib:jei_plugin took 0ms
[22:05:29] [Thread-213/INFO]: [EMI] [TMRV] registerCategories: exposure:jei_plugin...
[22:05:29] [Thread-213/INFO]: [EMI] [TMRV] registerCategories: exposure:jei_plugin took 2ms
[22:05:29] [Thread-213/INFO]: [EMI] [TMRV] registerCategories: corpse:corpse...
[22:05:29] [Thread-213/INFO]: [EMI] [TMRV] registerCategories: corpse:corpse took 0ms
[22:05:29] [Thread-213/INFO]: [EMI] [TMRV] registerCategories: taczammoquery:jei...
[22:05:29] [Thread-213/INFO]: [EMI] [TMRV] registerCategories: taczammoquery:jei took 2ms
[22:05:29] [Thread-213/INFO]: [EMI] [TMRV] registerCategories: curios:curios...
[22:05:29] [Thread-213/INFO]: [EMI] [TMRV] registerCategories: curios:curios took 0ms
[22:05:29] [Thread-213/INFO]: [EMI] [TMRV] registerCategories: constructionwand:constructionwand...
[22:05:29] [Thread-213/INFO]: [EMI] [TMRV] registerCategories: constructionwand:constructionwand took 0ms
[22:05:29] [Thread-213/INFO]: [EMI] [TMRV] registerCategories: vintageimprovements:jei_plugin...
[22:05:29] [Thread-213/INFO]: [EMI] [TMRV] registerCategories: vintageimprovements:jei_plugin took 41ms
[22:05:29] [Thread-213/INFO]: [EMI] [TMRV] registerCategories: tfc:jei...
[22:05:29] [Thread-213/INFO]: [EMI] [TMRV] registerCategories: tfc:jei took 15ms
[22:05:29] [Thread-213/INFO]: [EMI] [TMRV] registerCategories: reliable_remover:jei_plugin...
[22:05:29] [Thread-213/INFO]: [EMI] [TMRV] registerCategories: reliable_remover:jei_plugin took 0ms
[22:05:29] [Thread-213/INFO]: [EMI] [TMRV] registerCategories: jei:alltheleaks...
[22:05:29] [Thread-213/INFO]: [EMI] [TMRV] registerCategories: jei:alltheleaks took 0ms
[22:05:29] [Thread-213/INFO]: [EMI] [TMRV] registerCategories: firmaciv:jei...
[22:05:29] [Thread-213/INFO]: [EMI] [TMRV] registerCategories: firmaciv:jei took 1ms
[22:05:29] [Thread-213/INFO]: [EMI] [TMRV] registerCategories: minecraft:domum_ornamentum...
[22:05:29] [Thread-213/INFO]: [EMI] [TMRV] registerCategories: minecraft:domum_ornamentum took 2ms
[22:05:29] [Thread-213/INFO]: [EMI] [TMRV] registerCategories: afc:jei...
[22:05:29] [Thread-213/INFO]: [EMI] [TMRV] registerCategories: afc:jei took 1ms
[22:05:29] [Thread-213/INFO]: [EMI] [TMRV] registerCategories: morered:morered...
[22:05:29] [Thread-213/INFO]: [EMI] [TMRV] registerCategories: morered:morered took 1ms
[22:05:29] [Thread-213/INFO]: [EMI] [TMRV] registerCategories: ad_astra:jei...
[22:05:29] [Thread-213/INFO]: [EMI] [TMRV] registerCategories: ad_astra:jei took 5ms
[22:05:29] [Thread-213/INFO]: [EMI] [TMRV] registerCategories: immersive_aircraft:extended_storage...
[22:05:29] [Thread-213/INFO]: [EMI] [TMRV] registerCategories: immersive_aircraft:extended_storage took 0ms
[22:05:29] [Thread-213/INFO]: [EMI] [TMRV] registerCategories: sophisticatedcore:default...
[22:05:29] [Thread-213/INFO]: [EMI] [TMRV] registerCategories: sophisticatedcore:default took 0ms
[22:05:29] [Thread-213/INFO]: [EMI] [TMRV] registerCategories: sophisticatedbackpacks:default...
[22:05:29] [Thread-213/INFO]: [EMI] [TMRV] registerCategories: sophisticatedbackpacks:default took 0ms
[22:05:29] [Thread-213/INFO]: [EMI] [TMRV] registerCategories: uteamcore:jei...
[22:05:29] [Thread-213/INFO]: [EMI] [TMRV] registerCategories: uteamcore:jei took 0ms
[22:05:29] [Thread-213/INFO]: [EMI] [TMRV] registerCategories: railways:jei_plugin...
[22:05:29] [Thread-213/INFO]: [EMI] [TMRV] registerCategories: railways:jei_plugin took 0ms
[22:05:29] [Thread-213/INFO]: [EMI] [TMRV] registerCategories: create_connected:jei_plugin...
[22:05:29] [Thread-213/INFO]: [EMI] [TMRV] registerCategories: create_connected:jei_plugin took 0ms
[22:05:29] [Thread-213/INFO]: [EMI] [TMRV] registerCategories: simplylight:jei_plugin...
[22:05:29] [Thread-213/INFO]: [EMI] [TMRV] registerCategories: simplylight:jei_plugin took 0ms
[22:05:29] [Thread-213/INFO]: [EMI] [TMRV] registerCategories: patchouli:patchouli...
[22:05:29] [Thread-213/INFO]: [EMI] [TMRV] registerCategories: patchouli:patchouli took 1ms
[22:05:29] [Thread-213/INFO]: [EMI] [TMRV] registerCategories: computercraft:jei...
[22:05:29] [Thread-213/INFO]: [EMI] [TMRV] registerCategories: computercraft:jei took 0ms
[22:05:29] [Thread-213/INFO]: [EMI] [TMRV] registerCategories: species:jei_plugin...
[22:05:29] [Thread-213/INFO]: [EMI] [TMRV] registerCategories: species:jei_plugin took 1ms
[22:05:29] [Thread-213/INFO]: [EMI] [TMRV] registerCategories: minecraft:craftingstation...
[22:05:29] [Thread-213/INFO]: [EMI] [TMRV] registerCategories: minecraft:craftingstation took 0ms
[22:05:29] [Thread-213/INFO]: [EMI] [TMRV] registerCategories: copycats:jei_plugin...
[22:05:29] [Thread-213/INFO]: [EMI] [TMRV] registerCategories: copycats:jei_plugin took 0ms
[22:05:29] [Thread-213/INFO]: [EMI] [TMRV] registerCategories: tacz:jei...
[22:05:29] [Thread-213/INFO]: [EMI] [TMRV] registerCategories: tacz:jei took 4ms
[22:05:29] [Thread-213/INFO]: [EMI] [TMRV] registerCategories: map_atlases:jei_plugin...
[22:05:29] [Thread-213/INFO]: [EMI] [TMRV] registerCategories: map_atlases:jei_plugin took 0ms
[22:05:29] [Thread-213/INFO]: [EMI] [TMRV] registerCategories: ali:jei_plugin...
[22:05:29] [Thread-213/INFO]: [EMI] [TMRV] registerCategories: ali:jei_plugin took 7ms
[22:05:29] [Thread-213/INFO]: [EMI] [TMRV] registerCategories: mts:main...
[22:05:29] [Thread-213/INFO]: [EMI] [TMRV] registerCategories: mts:main took 4ms
[22:05:29] [Thread-213/INFO]: [EMI] [TMRV] registerCategories: rnr:jei...
[22:05:29] [Thread-213/INFO]: [EMI] [TMRV] registerCategories: rnr:jei took 1ms
[22:05:29] [Thread-213/INFO]: [EMI] [TMRV] registerCategories: kubejs:jei...
[22:05:29] [Thread-213/INFO]: [EMI] [TMRV] registerCategories: kubejs:jei took 0ms
[22:05:29] [Thread-213/INFO]: [EMI] [TMRV] registerCategories: ftblibrary:jei...
[22:05:29] [Thread-213/INFO]: [EMI] [TMRV] registerCategories: ftblibrary:jei took 0ms
[22:05:29] [Thread-213/INFO]: [EMI] [TMRV] registerCategories: ftbfiltersystem:default...
[22:05:29] [Thread-213/INFO]: [EMI] [TMRV] registerCategories: ftbfiltersystem:default took 0ms
[22:05:29] [Thread-213/INFO]: [EMI] [TMRV] registerCategories: polylib:jei_plugin...
[22:05:29] [Thread-213/INFO]: [EMI] [TMRV] registerCategories: polylib:jei_plugin took 0ms
[22:05:29] [Thread-213/INFO]: [EMI] [TMRV] registerCategories: ftbxmodcompat:ftbquests_jei...
[22:05:29] [Thread-213/INFO]: [EMI] [TMRV] registerCategories: ftbxmodcompat:ftbquests_jei took 2ms
[22:05:29] [Thread-213/INFO]: [EMI] [TMRV] registerCategories: gtceu:jei_plugin...
[22:05:29] [Thread-213/INFO]: [EMI] [TMRV] registerCategories: gtceu:jei_plugin took 0ms
[22:05:29] [Thread-213/INFO]: [EMI] [TMRV] registerCategories: jade:main...
[22:05:29] [Thread-213/INFO]: [EMI] [TMRV] registerCategories: jade:main took 0ms
[22:05:29] [Thread-213/INFO]: [EMI] [TMRV] registerCategories: ae2:core...
[22:05:29] [Thread-213/INFO]: [EMI] [TMRV] registerCategories: ae2:core took 13ms
[22:05:29] [Thread-213/INFO]: [EMI] [TMRV] registerCategories: ae2wtlib:core...
[22:05:29] [Thread-213/INFO]: [EMI] [TMRV] registerCategories: ae2wtlib:core took 0ms
[22:05:29] [Thread-213/INFO]: [EMI] [TMRV] registerCategories: expatternprovider:jei_plugin...
[22:05:29] [Thread-213/INFO]: [EMI] [TMRV] registerCategories: expatternprovider:jei_plugin took 1ms
[22:05:29] [Thread-213/INFO]: [EMI] [TMRV] registerCategories: firmalife:jei...
[22:05:29] [Thread-213/INFO]: [EMI] [TMRV] registerCategories: firmalife:jei took 6ms
[22:05:29] [Thread-213/INFO]: [EMI] [TMRV] registerCategories: create:jei_plugin...
[22:05:29] [Thread-213/INFO]: [EMI] [TMRV] registerCategories: create:jei_plugin took 42ms
[22:05:29] [Thread-213/INFO]: [EMI] [TMRV] registerCategories: framedblocks:jei_plugin...
[22:05:29] [Thread-213/INFO]: [EMI] [TMRV] registerCategories: framedblocks:jei_plugin took 1ms
[22:05:29] [Thread-213/INFO]: [EMI] [TMRV] registerCategories: greate:jei_plugin...
[22:05:29] [Thread-213/INFO]: [EMI] [TMRV] registerCategories: greate:jei_plugin took 14ms
[22:05:29] [Thread-213/INFO]: [EMI] [TMRV] registerCategories: diggerhelmet:jei_plugin...
[22:05:29] [Thread-213/INFO]: [EMI] [TMRV] registerCategories: diggerhelmet:jei_plugin took 2ms
[22:05:29] [Thread-213/INFO]: [EMI] [TMRV] registerCategories: fluidlogistics:jei_plugin...
[22:05:29] [Thread-213/INFO]: [EMI] [TMRV] registerCategories: fluidlogistics:jei_plugin took 0ms
[22:05:29] [Thread-213/INFO]: [EMI] [TMRV] registerCategories: wan_ancient_beasts:jei_plugin...
[22:05:29] [Thread-213/INFO]: [EMI] [TMRV] registerCategories: wan_ancient_beasts:jei_plugin took 5ms
[22:05:29] [Thread-213/INFO]: [EMI] [TMRV] registerCategories: createaddition:jei_plugin...
[22:05:29] [Thread-213/INFO]: [EMI] [TMRV] registerCategories: createaddition:jei_plugin took 6ms
[22:05:29] [Thread-213/INFO]: [EMI] [TMRV] registerCategories: jei:internal...
[22:05:29] [Thread-213/INFO]: [EMI] [TMRV] registerCategories: jei:internal took 1ms
[22:05:29] [Thread-213/INFO]: registerCategories took 207ms
[22:05:29] [Thread-213/INFO]: [EMI] [TMRV] registerVanillaCategoryExtensions: jei:minecraft...
[22:05:29] [Thread-213/INFO]: [EMI] [TMRV] registerVanillaCategoryExtensions: jei:minecraft took 3ms
[22:05:29] [Thread-213/INFO]: [EMI] [TMRV] registerVanillaCategoryExtensions: modernfix:capturer...
[22:05:29] [Thread-213/INFO]: [EMI] [TMRV] registerVanillaCategoryExtensions: modernfix:capturer took 0ms
[22:05:29] [Thread-213/INFO]: [EMI] [TMRV] registerVanillaCategoryExtensions: jumbofurnace:jumbofurnace...
[22:05:29] [Thread-213/INFO]: [EMI] [TMRV] registerVanillaCategoryExtensions: jumbofurnace:jumbofurnace took 0ms
[22:05:29] [Thread-213/INFO]: [EMI] [TMRV] registerVanillaCategoryExtensions: ldlib:jei_plugin...
[22:05:29] [Thread-213/INFO]: [EMI] [TMRV] registerVanillaCategoryExtensions: ldlib:jei_plugin took 0ms
[22:05:29] [Thread-213/INFO]: [EMI] [TMRV] registerVanillaCategoryExtensions: exposure:jei_plugin...
[22:05:29] [Thread-213/INFO]: [EMI] [TMRV] registerVanillaCategoryExtensions: exposure:jei_plugin took 1ms
[22:05:29] [Thread-213/INFO]: [EMI] [TMRV] registerVanillaCategoryExtensions: corpse:corpse...
[22:05:29] [Thread-213/INFO]: [EMI] [TMRV] registerVanillaCategoryExtensions: corpse:corpse took 0ms
[22:05:29] [Thread-213/INFO]: [EMI] [TMRV] registerVanillaCategoryExtensions: taczammoquery:jei...
[22:05:29] [Thread-213/INFO]: [EMI] [TMRV] registerVanillaCategoryExtensions: taczammoquery:jei took 0ms
[22:05:29] [Thread-213/INFO]: [EMI] [TMRV] registerVanillaCategoryExtensions: curios:curios...
[22:05:29] [Thread-213/INFO]: [EMI] [TMRV] registerVanillaCategoryExtensions: curios:curios took 0ms
[22:05:29] [Thread-213/INFO]: [EMI] [TMRV] registerVanillaCategoryExtensions: constructionwand:constructionwand...
[22:05:29] [Thread-213/INFO]: [EMI] [TMRV] registerVanillaCategoryExtensions: constructionwand:constructionwand took 0ms
[22:05:29] [Thread-213/INFO]: [EMI] [TMRV] registerVanillaCategoryExtensions: vintageimprovements:jei_plugin...
[22:05:29] [Thread-213/INFO]: [EMI] [TMRV] registerVanillaCategoryExtensions: vintageimprovements:jei_plugin took 0ms
[22:05:29] [Thread-213/INFO]: [EMI] [TMRV] registerVanillaCategoryExtensions: tfc:jei...
[22:05:29] [Thread-213/INFO]: [EMI] [TMRV] registerVanillaCategoryExtensions: tfc:jei took 2ms
[22:05:29] [Thread-213/INFO]: [EMI] [TMRV] registerVanillaCategoryExtensions: reliable_remover:jei_plugin...
[22:05:29] [Thread-213/INFO]: [EMI] [TMRV] registerVanillaCategoryExtensions: reliable_remover:jei_plugin took 0ms
[22:05:29] [Thread-213/INFO]: [EMI] [TMRV] registerVanillaCategoryExtensions: jei:alltheleaks...
[22:05:29] [Thread-213/INFO]: [EMI] [TMRV] registerVanillaCategoryExtensions: jei:alltheleaks took 0ms
[22:05:29] [Thread-213/INFO]: [EMI] [TMRV] registerVanillaCategoryExtensions: firmaciv:jei...
[22:05:29] [Thread-213/INFO]: [EMI] [TMRV] registerVanillaCategoryExtensions: firmaciv:jei took 0ms
[22:05:29] [Thread-213/INFO]: [EMI] [TMRV] registerVanillaCategoryExtensions: minecraft:domum_ornamentum...
[22:05:29] [Thread-213/INFO]: [EMI] [TMRV] registerVanillaCategoryExtensions: minecraft:domum_ornamentum took 0ms
[22:05:29] [Thread-213/INFO]: [EMI] [TMRV] registerVanillaCategoryExtensions: afc:jei...
[22:05:29] [Thread-213/INFO]: [EMI] [TMRV] registerVanillaCategoryExtensions: afc:jei took 0ms
[22:05:29] [Thread-213/INFO]: [EMI] [TMRV] registerVanillaCategoryExtensions: morered:morered...
[22:05:29] [Thread-213/INFO]: [EMI] [TMRV] registerVanillaCategoryExtensions: morered:morered took 0ms
[22:05:29] [Thread-213/INFO]: [EMI] [TMRV] registerVanillaCategoryExtensions: ad_astra:jei...
[22:05:29] [Thread-213/INFO]: [EMI] [TMRV] registerVanillaCategoryExtensions: ad_astra:jei took 0ms
[22:05:29] [Thread-213/INFO]: [EMI] [TMRV] registerVanillaCategoryExtensions: immersive_aircraft:extended_storage...
[22:05:29] [Thread-213/INFO]: [EMI] [TMRV] registerVanillaCategoryExtensions: immersive_aircraft:extended_storage took 0ms
[22:05:29] [Thread-213/INFO]: [EMI] [TMRV] registerVanillaCategoryExtensions: sophisticatedcore:default...
[22:05:29] [Thread-213/INFO]: [EMI] [TMRV] registerVanillaCategoryExtensions: sophisticatedcore:default took 1ms
[22:05:29] [Thread-213/INFO]: [EMI] [TMRV] registerVanillaCategoryExtensions: sophisticatedbackpacks:default...
[22:05:29] [Thread-213/INFO]: [EMI] [TMRV] registerVanillaCategoryExtensions: sophisticatedbackpacks:default took 12ms
[22:05:29] [Thread-213/INFO]: [EMI] [TMRV] registerVanillaCategoryExtensions: uteamcore:jei...
[22:05:29] [Thread-213/INFO]: [EMI] [TMRV] registerVanillaCategoryExtensions: uteamcore:jei took 0ms
[22:05:29] [Thread-213/INFO]: [EMI] [TMRV] registerVanillaCategoryExtensions: railways:jei_plugin...
[22:05:29] [Thread-213/INFO]: [EMI] [TMRV] registerVanillaCategoryExtensions: railways:jei_plugin took 0ms
[22:05:29] [Thread-213/INFO]: [EMI] [TMRV] registerVanillaCategoryExtensions: create_connected:jei_plugin...
[22:05:29] [Thread-213/INFO]: [EMI] [TMRV] registerVanillaCategoryExtensions: create_connected:jei_plugin took 0ms
[22:05:29] [Thread-213/INFO]: [EMI] [TMRV] registerVanillaCategoryExtensions: simplylight:jei_plugin...
[22:05:29] [Thread-213/INFO]: [EMI] [TMRV] registerVanillaCategoryExtensions: simplylight:jei_plugin took 0ms
[22:05:29] [Thread-213/INFO]: [EMI] [TMRV] registerVanillaCategoryExtensions: patchouli:patchouli...
[22:05:29] [Thread-213/INFO]: [EMI] [TMRV] registerVanillaCategoryExtensions: patchouli:patchouli took 1ms
[22:05:29] [Thread-213/INFO]: [EMI] [TMRV] registerVanillaCategoryExtensions: computercraft:jei...
[22:05:29] [Thread-213/INFO]: [EMI] [TMRV] registerVanillaCategoryExtensions: computercraft:jei took 0ms
[22:05:29] [Thread-213/INFO]: [EMI] [TMRV] registerVanillaCategoryExtensions: species:jei_plugin...
[22:05:29] [Thread-213/INFO]: [EMI] [TMRV] registerVanillaCategoryExtensions: species:jei_plugin took 0ms
[22:05:29] [Thread-213/INFO]: [EMI] [TMRV] registerVanillaCategoryExtensions: minecraft:craftingstation...
[22:05:29] [Thread-213/INFO]: [EMI] [TMRV] registerVanillaCategoryExtensions: minecraft:craftingstation took 0ms
[22:05:29] [Thread-213/INFO]: [EMI] [TMRV] registerVanillaCategoryExtensions: copycats:jei_plugin...
[22:05:29] [Thread-213/INFO]: [EMI] [TMRV] registerVanillaCategoryExtensions: copycats:jei_plugin took 0ms
[22:05:29] [Thread-213/INFO]: [EMI] [TMRV] registerVanillaCategoryExtensions: tacz:jei...
[22:05:29] [Thread-213/INFO]: [EMI] [TMRV] registerVanillaCategoryExtensions: tacz:jei took 0ms
[22:05:29] [Thread-213/INFO]: [EMI] [TMRV] registerVanillaCategoryExtensions: map_atlases:jei_plugin...
[22:05:29] [Thread-213/INFO]: [EMI] [TMRV] registerVanillaCategoryExtensions: map_atlases:jei_plugin took 0ms
[22:05:29] [Thread-213/INFO]: [EMI] [TMRV] registerVanillaCategoryExtensions: ali:jei_plugin...
[22:05:29] [Thread-213/INFO]: [EMI] [TMRV] registerVanillaCategoryExtensions: ali:jei_plugin took 0ms
[22:05:29] [Thread-213/INFO]: [EMI] [TMRV] registerVanillaCategoryExtensions: mts:main...
[22:05:29] [Thread-213/INFO]: [EMI] [TMRV] registerVanillaCategoryExtensions: mts:main took 0ms
[22:05:29] [Thread-213/INFO]: [EMI] [TMRV] registerVanillaCategoryExtensions: rnr:jei...
[22:05:29] [Thread-213/INFO]: [EMI] [TMRV] registerVanillaCategoryExtensions: rnr:jei took 0ms
[22:05:29] [Thread-213/INFO]: [EMI] [TMRV] registerVanillaCategoryExtensions: kubejs:jei...
[22:05:29] [Thread-213/INFO]: [EMI] [TMRV] registerVanillaCategoryExtensions: kubejs:jei took 0ms
[22:05:29] [Thread-213/INFO]: [EMI] [TMRV] registerVanillaCategoryExtensions: ftblibrary:jei...
[22:05:29] [Thread-213/INFO]: [EMI] [TMRV] registerVanillaCategoryExtensions: ftblibrary:jei took 0ms
[22:05:29] [Thread-213/INFO]: [EMI] [TMRV] registerVanillaCategoryExtensions: ftbfiltersystem:default...
[22:05:29] [Thread-213/INFO]: [EMI] [TMRV] registerVanillaCategoryExtensions: ftbfiltersystem:default took 0ms
[22:05:29] [Thread-213/INFO]: [EMI] [TMRV] registerVanillaCategoryExtensions: polylib:jei_plugin...
[22:05:29] [Thread-213/INFO]: [EMI] [TMRV] registerVanillaCategoryExtensions: polylib:jei_plugin took 0ms
[22:05:29] [Thread-213/INFO]: [EMI] [TMRV] registerVanillaCategoryExtensions: ftbxmodcompat:ftbquests_jei...
[22:05:29] [Thread-213/INFO]: [EMI] [TMRV] registerVanillaCategoryExtensions: ftbxmodcompat:ftbquests_jei took 0ms
[22:05:29] [Thread-213/INFO]: [EMI] [TMRV] registerVanillaCategoryExtensions: gtceu:jei_plugin...
[22:05:29] [Thread-213/INFO]: [EMI] [TMRV] registerVanillaCategoryExtensions: gtceu:jei_plugin took 0ms
[22:05:29] [Thread-213/INFO]: [EMI] [TMRV] registerVanillaCategoryExtensions: jade:main...
[22:05:29] [Thread-213/INFO]: [EMI] [TMRV] registerVanillaCategoryExtensions: jade:main took 0ms
[22:05:29] [Thread-213/INFO]: [EMI] [TMRV] registerVanillaCategoryExtensions: ae2:core...
[22:05:29] [Thread-213/INFO]: [EMI] [TMRV] registerVanillaCategoryExtensions: ae2:core took 0ms
[22:05:29] [Thread-213/INFO]: [EMI] [TMRV] registerVanillaCategoryExtensions: ae2wtlib:core...
[22:05:29] [Thread-213/INFO]: [EMI] [TMRV] registerVanillaCategoryExtensions: ae2wtlib:core took 0ms
[22:05:29] [Thread-213/INFO]: [EMI] [TMRV] registerVanillaCategoryExtensions: expatternprovider:jei_plugin...
[22:05:29] [Thread-213/INFO]: [EMI] [TMRV] registerVanillaCategoryExtensions: expatternprovider:jei_plugin took 0ms
[22:05:29] [Thread-213/INFO]: [EMI] [TMRV] registerVanillaCategoryExtensions: firmalife:jei...
[22:05:29] [Thread-213/INFO]: [EMI] [TMRV] registerVanillaCategoryExtensions: firmalife:jei took 0ms
[22:05:29] [Thread-213/INFO]: [EMI] [TMRV] registerVanillaCategoryExtensions: create:jei_plugin...
[22:05:29] [Thread-213/INFO]: [EMI] [TMRV] registerVanillaCategoryExtensions: create:jei_plugin took 0ms
[22:05:29] [Thread-213/INFO]: [EMI] [TMRV] registerVanillaCategoryExtensions: framedblocks:jei_plugin...
[22:05:29] [Thread-213/INFO]: [EMI] [TMRV] registerVanillaCategoryExtensions: framedblocks:jei_plugin took 0ms
[22:05:29] [Thread-213/INFO]: [EMI] [TMRV] registerVanillaCategoryExtensions: greate:jei_plugin...
[22:05:29] [Thread-213/INFO]: [EMI] [TMRV] registerVanillaCategoryExtensions: greate:jei_plugin took 0ms
[22:05:29] [Thread-213/INFO]: [EMI] [TMRV] registerVanillaCategoryExtensions: diggerhelmet:jei_plugin...
[22:05:29] [Thread-213/INFO]: [EMI] [TMRV] registerVanillaCategoryExtensions: diggerhelmet:jei_plugin took 0ms
[22:05:29] [Thread-213/INFO]: [EMI] [TMRV] registerVanillaCategoryExtensions: fluidlogistics:jei_plugin...
[22:05:29] [Thread-213/INFO]: [EMI] [TMRV] registerVanillaCategoryExtensions: fluidlogistics:jei_plugin took 0ms
[22:05:29] [Thread-213/INFO]: [EMI] [TMRV] registerVanillaCategoryExtensions: wan_ancient_beasts:jei_plugin...
[22:05:29] [Thread-213/INFO]: [EMI] [TMRV] registerVanillaCategoryExtensions: wan_ancient_beasts:jei_plugin took 0ms
[22:05:29] [Thread-213/INFO]: [EMI] [TMRV] registerVanillaCategoryExtensions: createaddition:jei_plugin...
[22:05:29] [Thread-213/INFO]: [EMI] [TMRV] registerVanillaCategoryExtensions: createaddition:jei_plugin took 0ms
[22:05:29] [Thread-213/INFO]: [EMI] [TMRV] registerVanillaCategoryExtensions: jei:internal...
[22:05:29] [Thread-213/INFO]: [EMI] [TMRV] registerVanillaCategoryExtensions: jei:internal took 0ms
[22:05:29] [Thread-213/INFO]: registerVanillaCategoryExtensions took 24ms
[22:05:29] [Thread-213/WARN]: JEI category with ID `ali:block_loot` already exists in EMI!
[22:05:29] [Thread-213/WARN]: JEI category with ID `ali:entity_loot` already exists in EMI!
[22:05:29] [Thread-213/WARN]: JEI category with ID `ali:chest_loot` already exists in EMI!
[22:05:29] [Thread-213/WARN]: JEI category with ID `ali:fishing_loot` already exists in EMI!
[22:05:29] [Thread-213/WARN]: JEI category with ID `tfg:bartering_loot` already exists in EMI!
[22:05:29] [Thread-213/WARN]: JEI category with ID `tfg:panning_loot` already exists in EMI!
[22:05:29] [Thread-213/WARN]: JEI category with ID `tfg:sluicing_loot` already exists in EMI!
[22:05:29] [Thread-213/WARN]: JEI category with ID `ae2:item_transformation` already exists in EMI!
[22:05:29] [Thread-213/WARN]: JEI category with ID `ae2:condenser` already exists in EMI!
[22:05:29] [Thread-213/WARN]: JEI category with ID `ae2:inscriber` already exists in EMI!
[22:05:29] [Thread-213/WARN]: JEI category with ID `ae2:charger` already exists in EMI!
[22:05:29] [Thread-213/WARN]: JEI category with ID `ae2:entropy` already exists in EMI!
[22:05:29] [Thread-213/WARN]: JEI category with ID `framedblocks:framing_saw` already exists in EMI!
[22:05:29] [Thread-213/WARN]: JEI category with ID `diggerhelmet:helmet_repair` already exists in EMI!
[22:05:29] [Thread-213/WARN]: JEI category with ID `diggerhelmet:helmet_upgrade` already exists in EMI!
[22:05:29] [Thread-213/INFO]: [EMI] [TMRV] registerRecipeCatalysts: modernfix:capturer...
[22:05:29] [Thread-213/INFO]: [EMI] [TMRV] registerRecipeCatalysts: modernfix:capturer took 1ms
[22:05:29] [Thread-213/INFO]: [EMI] [TMRV] registerRecipeCatalysts: jumbofurnace:jumbofurnace...
[22:05:29] [Thread-213/INFO]: [EMI] [TMRV] registerRecipeCatalysts: jumbofurnace:jumbofurnace took 0ms
[22:05:29] [Thread-213/INFO]: [EMI] [TMRV] registerRecipeCatalysts: exposure:jei_plugin...
[22:05:29] [Thread-213/INFO]: [EMI] [TMRV] registerRecipeCatalysts: exposure:jei_plugin took 0ms
[22:05:29] [Thread-213/INFO]: [EMI] [TMRV] registerRecipeCatalysts: corpse:corpse...
[22:05:29] [Thread-213/INFO]: [EMI] [TMRV] registerRecipeCatalysts: corpse:corpse took 0ms
[22:05:29] [Thread-213/INFO]: [EMI] [TMRV] registerRecipeCatalysts: taczammoquery:jei...
[22:05:29] [Thread-213/INFO]: [EMI] [TMRV] registerRecipeCatalysts: taczammoquery:jei took 0ms
[22:05:29] [Thread-213/INFO]: [EMI] [TMRV] registerRecipeCatalysts: curios:curios...
[22:05:29] [Thread-213/INFO]: [EMI] [TMRV] registerRecipeCatalysts: curios:curios took 0ms
[22:05:29] [Thread-213/INFO]: [EMI] [TMRV] registerRecipeCatalysts: constructionwand:constructionwand...
[22:05:29] [Thread-213/INFO]: [EMI] [TMRV] registerRecipeCatalysts: constructionwand:constructionwand took 0ms
[22:05:29] [Thread-213/INFO]: [EMI] [TMRV] registerRecipeCatalysts: vintageimprovements:jei_plugin...
[22:05:29] [Thread-213/INFO]: [EMI] [TMRV] registerRecipeCatalysts: vintageimprovements:jei_plugin took 2ms
[22:05:29] [Thread-213/INFO]: [EMI] [TMRV] registerRecipeCatalysts: tfc:jei...
[22:05:29] [Thread-213/INFO]: [EMI] [TMRV] registerRecipeCatalysts: tfc:jei took 3ms
[22:05:29] [Thread-213/INFO]: [EMI] [TMRV] registerRecipeCatalysts: reliable_remover:jei_plugin...
[22:05:29] [Thread-213/INFO]: [EMI] [TMRV] registerRecipeCatalysts: reliable_remover:jei_plugin took 0ms
[22:05:29] [Thread-213/INFO]: [EMI] [TMRV] registerRecipeCatalysts: jei:alltheleaks...
[22:05:29] [Thread-213/INFO]: [EMI] [TMRV] registerRecipeCatalysts: jei:alltheleaks took 0ms
[22:05:29] [Thread-213/INFO]: [EMI] [TMRV] registerRecipeCatalysts: firmaciv:jei...
[22:05:29] [Thread-213/INFO]: [EMI] [TMRV] registerRecipeCatalysts: firmaciv:jei took 0ms
[22:05:29] [Thread-213/INFO]: [EMI] [TMRV] registerRecipeCatalysts: afc:jei...
[22:05:29] [Thread-213/INFO]: [EMI] [TMRV] registerRecipeCatalysts: afc:jei took 0ms
[22:05:29] [Thread-213/INFO]: [EMI] [TMRV] registerRecipeCatalysts: morered:morered...
[22:05:29] [Thread-213/INFO]: [EMI] [TMRV] registerRecipeCatalysts: morered:morered took 1ms
[22:05:29] [Thread-213/INFO]: [EMI] [TMRV] registerRecipeCatalysts: ad_astra:jei...
[22:05:29] [Thread-213/INFO]: [EMI] [TMRV] registerRecipeCatalysts: ad_astra:jei took 0ms
[22:05:29] [Thread-213/INFO]: [EMI] [TMRV] registerRecipeCatalysts: immersive_aircraft:extended_storage...
[22:05:29] [Thread-213/INFO]: [EMI] [TMRV] registerRecipeCatalysts: immersive_aircraft:extended_storage took 0ms
[22:05:29] [Thread-213/INFO]: [EMI] [TMRV] registerRecipeCatalysts: uteamcore:jei...
[22:05:29] [Thread-213/INFO]: [EMI] [TMRV] registerRecipeCatalysts: uteamcore:jei took 0ms
[22:05:29] [Thread-213/INFO]: [EMI] [TMRV] registerRecipeCatalysts: railways:jei_plugin...
[22:05:29] [Thread-213/INFO]: [EMI] [TMRV] registerRecipeCatalysts: railways:jei_plugin took 0ms
[22:05:29] [Thread-213/INFO]: [EMI] [TMRV] registerRecipeCatalysts: create_connected:jei_plugin...
[22:05:29] [Thread-213/INFO]: [EMI] [TMRV] registerRecipeCatalysts: create_connected:jei_plugin took 0ms
[22:05:29] [Thread-213/INFO]: [EMI] [TMRV] registerRecipeCatalysts: simplylight:jei_plugin...
[22:05:29] [Thread-213/INFO]: [EMI] [TMRV] registerRecipeCatalysts: simplylight:jei_plugin took 0ms
[22:05:29] [Thread-213/INFO]: [EMI] [TMRV] registerRecipeCatalysts: patchouli:patchouli...
[22:05:29] [Thread-213/INFO]: [EMI] [TMRV] registerRecipeCatalysts: patchouli:patchouli took 0ms
[22:05:29] [Thread-213/INFO]: [EMI] [TMRV] registerRecipeCatalysts: species:jei_plugin...
[22:05:29] [Thread-213/INFO]: [EMI] [TMRV] registerRecipeCatalysts: species:jei_plugin took 0ms
[22:05:29] [Thread-213/INFO]: [EMI] [TMRV] registerRecipeCatalysts: tacz:jei...
[22:05:29] [Thread-213/INFO]: [EMI] [TMRV] registerRecipeCatalysts: tacz:jei took 0ms
[22:05:29] [Thread-213/INFO]: [EMI] [TMRV] registerRecipeCatalysts: map_atlases:jei_plugin...
[22:05:29] [Thread-213/INFO]: [EMI] [TMRV] registerRecipeCatalysts: map_atlases:jei_plugin took 0ms
[22:05:29] [Thread-213/INFO]: [EMI] [TMRV] registerRecipeCatalysts: mts:main...
[22:05:29] [Thread-213/INFO]: [EMI] [TMRV] registerRecipeCatalysts: mts:main took 0ms
[22:05:29] [Thread-213/INFO]: [EMI] [TMRV] registerRecipeCatalysts: rnr:jei...
[22:05:29] [Thread-213/INFO]: [EMI] [TMRV] registerRecipeCatalysts: rnr:jei took 1ms
[22:05:29] [Thread-213/INFO]: [EMI] [TMRV] registerRecipeCatalysts: kubejs:jei...
[22:05:29] [Thread-213/INFO]: [EMI] [TMRV] registerRecipeCatalysts: kubejs:jei took 0ms
[22:05:29] [Thread-213/INFO]: [EMI] [TMRV] registerRecipeCatalysts: ftblibrary:jei...
[22:05:29] [Thread-213/INFO]: [EMI] [TMRV] registerRecipeCatalysts: ftblibrary:jei took 0ms
[22:05:29] [Thread-213/INFO]: [EMI] [TMRV] registerRecipeCatalysts: ftbfiltersystem:default...
[22:05:29] [Thread-213/INFO]: [EMI] [TMRV] registerRecipeCatalysts: ftbfiltersystem:default took 0ms
[22:05:29] [Thread-213/INFO]: [EMI] [TMRV] registerRecipeCatalysts: polylib:jei_plugin...
[22:05:29] [Thread-213/INFO]: [EMI] [TMRV] registerRecipeCatalysts: polylib:jei_plugin took 0ms
[22:05:29] [Thread-213/INFO]: [EMI] [TMRV] registerRecipeCatalysts: ftbxmodcompat:ftbquests_jei...
[22:05:29] [Thread-213/INFO]: [EMI] [TMRV] registerRecipeCatalysts: ftbxmodcompat:ftbquests_jei took 0ms
[22:05:29] [Thread-213/INFO]: [EMI] [TMRV] registerRecipeCatalysts: jade:main...
[22:05:29] [Thread-213/INFO]: [EMI] [TMRV] registerRecipeCatalysts: jade:main took 0ms
[22:05:29] [Thread-213/INFO]: [EMI] [TMRV] registerRecipeCatalysts: expatternprovider:jei_plugin...
[22:05:29] [Thread-213/INFO]: [EMI] [TMRV] registerRecipeCatalysts: expatternprovider:jei_plugin took 7ms
[22:05:29] [Thread-213/INFO]: [EMI] [TMRV] registerRecipeCatalysts: firmalife:jei...
[22:05:29] [Thread-213/INFO]: [EMI] [TMRV] registerRecipeCatalysts: firmalife:jei took 1ms
[22:05:29] [Thread-213/INFO]: [EMI] [TMRV] registerRecipeCatalysts: create:jei_plugin...
[22:05:29] [Thread-213/INFO]: [EMI] [TMRV] registerRecipeCatalysts: create:jei_plugin took 1ms
[22:05:29] [Thread-213/INFO]: [EMI] [TMRV] registerRecipeCatalysts: greate:jei_plugin...
[22:05:29] [Thread-213/INFO]: [EMI] [TMRV] registerRecipeCatalysts: greate:jei_plugin took 1ms
[22:05:29] [Thread-213/INFO]: [EMI] [TMRV] registerRecipeCatalysts: wan_ancient_beasts:jei_plugin...
[22:05:29] [Thread-213/INFO]: [EMI] [TMRV] registerRecipeCatalysts: wan_ancient_beasts:jei_plugin took 0ms
[22:05:29] [Thread-213/INFO]: [EMI] [TMRV] registerRecipeCatalysts: createaddition:jei_plugin...
[22:05:29] [Thread-213/INFO]: [EMI] [TMRV] registerRecipeCatalysts: createaddition:jei_plugin took 1ms
[22:05:29] [Thread-213/INFO]: [EMI] [TMRV] registerRecipeCatalysts: jei:internal...
[22:05:29] [Thread-213/INFO]: [EMI] [TMRV] registerRecipeCatalysts: jei:internal took 0ms
[22:05:29] [Thread-213/INFO]: registerRecipeCatalysts took 21ms
[22:05:29] [Thread-213/INFO]: [EMI] [TMRV] registerAdvanced: modernfix:capturer...
[22:05:29] [Thread-213/INFO]: [EMI] [TMRV] registerAdvanced: modernfix:capturer took 0ms
[22:05:29] [Thread-213/INFO]: [EMI] [TMRV] registerAdvanced: jumbofurnace:jumbofurnace...
[22:05:29] [Thread-213/INFO]: [EMI] [TMRV] registerAdvanced: jumbofurnace:jumbofurnace took 0ms
[22:05:29] [Thread-213/INFO]: [EMI] [TMRV] registerAdvanced: exposure:jei_plugin...
[22:05:29] [Thread-213/INFO]: [EMI] [TMRV] registerAdvanced: exposure:jei_plugin took 0ms
[22:05:29] [Thread-213/INFO]: [EMI] [TMRV] registerAdvanced: corpse:corpse...
[22:05:29] [Thread-213/INFO]: [EMI] [TMRV] registerAdvanced: corpse:corpse took 0ms
[22:05:29] [Thread-213/INFO]: [EMI] [TMRV] registerAdvanced: taczammoquery:jei...
[22:05:29] [Thread-213/INFO]: [EMI] [TMRV] registerAdvanced: taczammoquery:jei took 0ms
[22:05:29] [Thread-213/INFO]: [EMI] [TMRV] registerAdvanced: curios:curios...
[22:05:29] [Thread-213/INFO]: [EMI] [TMRV] registerAdvanced: curios:curios took 0ms
[22:05:29] [Thread-213/INFO]: [EMI] [TMRV] registerAdvanced: constructionwand:constructionwand...
[22:05:29] [Thread-213/INFO]: [EMI] [TMRV] registerAdvanced: constructionwand:constructionwand took 0ms
[22:05:29] [Thread-213/INFO]: [EMI] [TMRV] registerAdvanced: vintageimprovements:jei_plugin...
[22:05:29] [Thread-213/INFO]: [EMI] [TMRV] registerAdvanced: vintageimprovements:jei_plugin took 0ms
[22:05:29] [Thread-213/INFO]: [EMI] [TMRV] registerAdvanced: tfc:jei...
[22:05:29] [Thread-213/INFO]: [EMI] [TMRV] registerAdvanced: tfc:jei took 0ms
[22:05:29] [Thread-213/INFO]: [EMI] [TMRV] registerAdvanced: reliable_remover:jei_plugin...
[22:05:29] [Thread-213/INFO]: [EMI] [TMRV] registerAdvanced: reliable_remover:jei_plugin took 0ms
[22:05:29] [Thread-213/INFO]: [EMI] [TMRV] registerAdvanced: jei:alltheleaks...
[22:05:29] [Thread-213/INFO]: [EMI] [TMRV] registerAdvanced: jei:alltheleaks took 1ms
[22:05:29] [Thread-213/INFO]: [EMI] [TMRV] registerAdvanced: firmaciv:jei...
[22:05:29] [Thread-213/INFO]: [EMI] [TMRV] registerAdvanced: firmaciv:jei took 0ms
[22:05:29] [Thread-213/INFO]: [EMI] [TMRV] registerAdvanced: afc:jei...
[22:05:29] [Thread-213/INFO]: [EMI] [TMRV] registerAdvanced: afc:jei took 0ms
[22:05:29] [Thread-213/INFO]: [EMI] [TMRV] registerAdvanced: morered:morered...
[22:05:29] [Thread-213/INFO]: [EMI] [TMRV] registerAdvanced: morered:morered took 0ms
[22:05:29] [Thread-213/INFO]: [EMI] [TMRV] registerAdvanced: ad_astra:jei...
[22:05:29] [Thread-213/INFO]: [EMI] [TMRV] registerAdvanced: ad_astra:jei took 0ms
[22:05:29] [Thread-213/INFO]: [EMI] [TMRV] registerAdvanced: immersive_aircraft:extended_storage...
[22:05:29] [Thread-213/INFO]: [EMI] [TMRV] registerAdvanced: immersive_aircraft:extended_storage took 0ms
[22:05:29] [Thread-213/INFO]: [EMI] [TMRV] registerAdvanced: uteamcore:jei...
[22:05:29] [Thread-213/INFO]: [EMI] [TMRV] registerAdvanced: uteamcore:jei took 0ms
[22:05:29] [Thread-213/INFO]: [EMI] [TMRV] registerAdvanced: railways:jei_plugin...
[22:05:29] [Thread-213/INFO]: [EMI] [TMRV] registerAdvanced: railways:jei_plugin took 0ms
[22:05:29] [Thread-213/INFO]: [EMI] [TMRV] registerAdvanced: create_connected:jei_plugin...
[22:05:29] [Thread-213/INFO]: [EMI] [TMRV] registerAdvanced: create_connected:jei_plugin took 1ms
[22:05:29] [Thread-213/INFO]: [EMI] [TMRV] registerAdvanced: simplylight:jei_plugin...
[22:05:29] [Thread-213/INFO]: [EMI] [TMRV] registerAdvanced: simplylight:jei_plugin took 0ms
[22:05:29] [Thread-213/INFO]: [EMI] [TMRV] registerAdvanced: patchouli:patchouli...
[22:05:29] [Thread-213/INFO]: [EMI] [TMRV] registerAdvanced: patchouli:patchouli took 0ms
[22:05:29] [Thread-213/INFO]: [EMI] [TMRV] registerAdvanced: species:jei_plugin...
[22:05:29] [Thread-213/INFO]: [EMI] [TMRV] registerAdvanced: species:jei_plugin took 0ms
[22:05:29] [Thread-213/INFO]: [EMI] [TMRV] registerAdvanced: tacz:jei...
[22:05:29] [Thread-213/INFO]: [EMI] [TMRV] registerAdvanced: tacz:jei took 0ms
[22:05:29] [Thread-213/INFO]: [EMI] [TMRV] registerAdvanced: map_atlases:jei_plugin...
[22:05:29] [Thread-213/INFO]: [EMI] [TMRV] registerAdvanced: map_atlases:jei_plugin took 0ms
[22:05:29] [Thread-213/INFO]: [EMI] [TMRV] registerAdvanced: mts:main...
[22:05:29] [Thread-213/INFO]: [EMI] [TMRV] registerAdvanced: mts:main took 0ms
[22:05:29] [Thread-213/INFO]: [EMI] [TMRV] registerAdvanced: rnr:jei...
[22:05:29] [Thread-213/INFO]: [EMI] [TMRV] registerAdvanced: rnr:jei took 0ms
[22:05:29] [Thread-213/INFO]: [EMI] [TMRV] registerAdvanced: kubejs:jei...
[22:05:29] [Thread-213/INFO]: [EMI] [TMRV] registerAdvanced: kubejs:jei took 0ms
[22:05:29] [Thread-213/INFO]: [EMI] [TMRV] registerAdvanced: ftblibrary:jei...
[22:05:29] [Thread-213/INFO]: [EMI] [TMRV] registerAdvanced: ftblibrary:jei took 0ms
[22:05:29] [Thread-213/INFO]: [EMI] [TMRV] registerAdvanced: ftbfiltersystem:default...
[22:05:29] [Thread-213/INFO]: [EMI] [TMRV] registerAdvanced: ftbfiltersystem:default took 0ms
[22:05:29] [Thread-213/INFO]: [EMI] [TMRV] registerAdvanced: polylib:jei_plugin...
[22:05:29] [Thread-213/INFO]: [EMI] [TMRV] registerAdvanced: polylib:jei_plugin took 0ms
[22:05:29] [Thread-213/INFO]: [EMI] [TMRV] registerAdvanced: ftbxmodcompat:ftbquests_jei...
[22:05:29] [Thread-213/INFO]: Added recipe manager plugin: class dev.ftb.mods.ftbxmodcompat.ftbquests.jei.QuestRecipeManagerPlugin
[22:05:29] [Thread-213/INFO]: Added recipe manager plugin: class dev.ftb.mods.ftbxmodcompat.ftbquests.jei.LootCrateRecipeManagerPlugin
[22:05:29] [Thread-213/INFO]: [EMI] [TMRV] registerAdvanced: ftbxmodcompat:ftbquests_jei took 0ms
[22:05:29] [Thread-213/INFO]: [EMI] [TMRV] registerAdvanced: jade:main...
[22:05:29] [Thread-213/INFO]: [EMI] [TMRV] registerAdvanced: jade:main took 0ms
[22:05:29] [Thread-213/INFO]: [EMI] [TMRV] registerAdvanced: expatternprovider:jei_plugin...
[22:05:29] [Thread-213/INFO]: [EMI] [TMRV] registerAdvanced: expatternprovider:jei_plugin took 0ms
[22:05:29] [Thread-213/INFO]: [EMI] [TMRV] registerAdvanced: firmalife:jei...
[22:05:29] [Thread-213/INFO]: [EMI] [TMRV] registerAdvanced: firmalife:jei took 0ms
[22:05:29] [Thread-213/INFO]: [EMI] [TMRV] registerAdvanced: create:jei_plugin...
[22:05:29] [Thread-213/INFO]: [EMI] [TMRV] registerAdvanced: create:jei_plugin took 0ms
[22:05:29] [Thread-213/INFO]: [EMI] [TMRV] registerAdvanced: greate:jei_plugin...
[22:05:29] [Thread-213/INFO]: [EMI] [TMRV] registerAdvanced: greate:jei_plugin took 1ms
[22:05:29] [Thread-213/INFO]: [EMI] [TMRV] registerAdvanced: wan_ancient_beasts:jei_plugin...
[22:05:29] [Thread-213/INFO]: [EMI] [TMRV] registerAdvanced: wan_ancient_beasts:jei_plugin took 0ms
[22:05:29] [Thread-213/INFO]: [EMI] [TMRV] registerAdvanced: createaddition:jei_plugin...
[22:05:29] [Thread-213/INFO]: [EMI] [TMRV] registerAdvanced: createaddition:jei_plugin took 0ms
[22:05:29] [Thread-213/INFO]: [EMI] [TMRV] registerAdvanced: jei:internal...
[22:05:29] [Thread-213/INFO]: [EMI] [TMRV] registerAdvanced: jei:internal took 0ms
[22:05:29] [Thread-213/INFO]: registerAdvanced took 4ms
[22:05:29] [Thread-213/WARN]: Registered 2 recipe(s) from Recipe Manager Plugin dev.ftb.mods.ftbxmodcompat.ftbquests.jei.QuestRecipeManagerPlugin. Do not report issues if there are bugs with this feature; it is not supported!
[22:05:29] [Thread-213/ERROR]: Registered 0 recipe(s) from Recipe Manager Plugin dev.ftb.mods.ftbxmodcompat.ftbquests.jei.LootCrateRecipeManagerPlugin. Do not report issues if there are bugs with this feature; it is not supported!
[22:05:29] [Render thread/INFO]: [EMI] [TMRV] registerRecipes: modernfix:capturer...
[22:05:29] [Render thread/INFO]: [EMI] [TMRV] registerRecipes: modernfix:capturer took 0ms
[22:05:29] [Render thread/INFO]: [EMI] [TMRV] registerRecipes: jumbofurnace:jumbofurnace...
[22:05:30] [Render thread/INFO]: [EMI] [TMRV] registerRecipes: jumbofurnace:jumbofurnace took 121ms
[22:05:30] [Render thread/INFO]: [EMI] [TMRV] registerRecipes: exposure:jei_plugin...
[22:05:30] [Render thread/INFO]: [EMI] [TMRV] registerRecipes: exposure:jei_plugin took 14ms
[22:05:30] [Render thread/INFO]: [EMI] [TMRV] registerRecipes: corpse:corpse...
[22:05:30] [Render thread/INFO]: [EMI] [TMRV] registerRecipes: corpse:corpse took 0ms
[22:05:30] [Render thread/INFO]: [EMI] [TMRV] registerRecipes: taczammoquery:jei...
[22:05:30] [Render thread/INFO]: [EMI] [TMRV] registerRecipes: taczammoquery:jei took 5ms
[22:05:30] [Render thread/INFO]: [EMI] [TMRV] registerRecipes: curios:curios...
[22:05:30] [Render thread/INFO]: [EMI] [TMRV] registerRecipes: curios:curios took 0ms
[22:05:30] [Render thread/INFO]: [EMI] [TMRV] registerRecipes: constructionwand:constructionwand...
[22:05:30] [Render thread/INFO]: [EMI] [TMRV] registerRecipes: constructionwand:constructionwand took 3ms
[22:05:30] [Render thread/INFO]: [EMI] [TMRV] registerRecipes: vintageimprovements:jei_plugin...
[22:05:30] [Render thread/INFO]: [EMI] [TMRV] registerRecipes: vintageimprovements:jei_plugin took 89ms
[22:05:30] [Render thread/INFO]: [EMI] [TMRV] registerRecipes: tfc:jei...
[22:05:30] [Render thread/INFO]: [EMI] [TMRV] registerRecipes: tfc:jei took 505ms
[22:05:30] [Render thread/INFO]: [EMI] [TMRV] registerRecipes: reliable_remover:jei_plugin...
[22:05:30] [Render thread/INFO]: [EMI] [TMRV] registerRecipes: reliable_remover:jei_plugin took 0ms
[22:05:30] [Render thread/INFO]: [EMI] [TMRV] registerRecipes: jei:alltheleaks...
[22:05:30] [Render thread/INFO]: [EMI] [TMRV] registerRecipes: jei:alltheleaks took 0ms
[22:05:30] [Render thread/INFO]: [EMI] [TMRV] registerRecipes: firmaciv:jei...
[22:05:30] [Render thread/INFO]: [EMI] [TMRV] registerRecipes: firmaciv:jei took 0ms
[22:05:30] [Render thread/INFO]: [EMI] [TMRV] registerRecipes: afc:jei...
[22:05:30] [Render thread/INFO]: [EMI] [TMRV] registerRecipes: afc:jei took 3ms
[22:05:30] [Render thread/INFO]: [EMI] [TMRV] registerRecipes: morered:morered...
[22:05:30] [Render thread/INFO]: [EMI] [TMRV] registerRecipes: morered:morered took 2ms
[22:05:30] [Render thread/INFO]: [EMI] [TMRV] registerRecipes: ad_astra:jei...
[22:05:30] [Render thread/INFO]: [EMI] [TMRV] registerRecipes: ad_astra:jei took 1ms
[22:05:30] [Render thread/INFO]: [EMI] [TMRV] registerRecipes: immersive_aircraft:extended_storage...
[22:05:30] [Render thread/INFO]: [EMI] [TMRV] registerRecipes: immersive_aircraft:extended_storage took 0ms
[22:05:30] [Render thread/INFO]: [EMI] [TMRV] registerRecipes: uteamcore:jei...
[22:05:30] [Render thread/INFO]: Constructed recipe list for minecraft:crafting in 13.83 ms. 11649/16464 recipes are parallelized.
[22:05:31] [Render thread/INFO]: [EMI] [TMRV] registerRecipes: uteamcore:jei took 838ms
[22:05:31] [Render thread/INFO]: [EMI] [TMRV] registerRecipes: railways:jei_plugin...
[22:05:31] [Render thread/INFO]: [EMI] [TMRV] registerRecipes: railways:jei_plugin took 11ms
[22:05:31] [Render thread/INFO]: [EMI] [TMRV] registerRecipes: create_connected:jei_plugin...
[22:05:31] [Render thread/INFO]: [EMI] [TMRV] registerRecipes: create_connected:jei_plugin took 0ms
[22:05:31] [Render thread/INFO]: [EMI] [TMRV] registerRecipes: simplylight:jei_plugin...
[22:05:31] [Render thread/INFO]: [EMI] [TMRV] registerRecipes: simplylight:jei_plugin took 2ms
[22:05:31] [Render thread/INFO]: [EMI] [TMRV] registerRecipes: patchouli:patchouli...
[22:05:31] [Render thread/INFO]: [EMI] [TMRV] registerRecipes: patchouli:patchouli took 0ms
[22:05:31] [Render thread/INFO]: [EMI] [TMRV] registerRecipes: species:jei_plugin...
[22:05:31] [Render thread/INFO]: [EMI] [TMRV] registerRecipes: species:jei_plugin took 2ms
[22:05:31] [Render thread/INFO]: [EMI] [TMRV] registerRecipes: tacz:jei...
[22:05:31] [Render thread/INFO]: [EMI] [TMRV] registerRecipes: tacz:jei took 21ms
[22:05:31] [Render thread/INFO]: [EMI] [TMRV] registerRecipes: map_atlases:jei_plugin...
[22:05:31] [Render thread/INFO]: [EMI] [TMRV] registerRecipes: map_atlases:jei_plugin took 6ms
[22:05:31] [Render thread/INFO]: [EMI] [TMRV] registerRecipes: mts:main...
[22:05:31] [Render thread/INFO]: [EMI] [TMRV] registerRecipes: mts:main took 148ms
[22:05:31] [Render thread/INFO]: [EMI] [TMRV] registerRecipes: rnr:jei...
[22:05:31] [Render thread/INFO]: [EMI] [TMRV] registerRecipes: rnr:jei took 37ms
[22:05:31] [Render thread/INFO]: [EMI] [TMRV] registerRecipes: kubejs:jei...
[22:05:31] [Render thread/INFO]: [EMI] [TMRV] registerRecipes: kubejs:jei took 0ms
[22:05:31] [Render thread/INFO]: [EMI] [TMRV] registerRecipes: ftblibrary:jei...
[22:05:31] [Render thread/INFO]: [EMI] [TMRV] registerRecipes: ftblibrary:jei took 0ms
[22:05:31] [Render thread/INFO]: [EMI] [TMRV] registerRecipes: ftbfiltersystem:default...
[22:05:31] [Render thread/INFO]: [EMI] [TMRV] registerRecipes: ftbfiltersystem:default took 0ms
[22:05:31] [Render thread/INFO]: [EMI] [TMRV] registerRecipes: polylib:jei_plugin...
[22:05:31] [Render thread/INFO]: [EMI] [TMRV] registerRecipes: polylib:jei_plugin took 0ms
[22:05:31] [Render thread/INFO]: [EMI] [TMRV] registerRecipes: ftbxmodcompat:ftbquests_jei...
[22:05:31] [Render thread/INFO]: [EMI] [TMRV] registerRecipes: ftbxmodcompat:ftbquests_jei took 0ms
[22:05:31] [Render thread/INFO]: [EMI] [TMRV] registerRecipes: jade:main...
[22:05:31] [Render thread/INFO]: [EMI] [TMRV] registerRecipes: jade:main took 0ms
[22:05:31] [Render thread/INFO]: [EMI] [TMRV] registerRecipes: expatternprovider:jei_plugin...
[22:05:31] [Render thread/INFO]: [EMI] [TMRV] registerRecipes: expatternprovider:jei_plugin took 0ms
[22:05:31] [Render thread/INFO]: [EMI] [TMRV] registerRecipes: firmalife:jei...
[22:05:31] [Render thread/INFO]: [EMI] [TMRV] registerRecipes: firmalife:jei took 17ms
[22:05:31] [Render thread/INFO]: [EMI] [TMRV] registerRecipes: create:jei_plugin...
[22:05:39] [Render thread/INFO]: [EMI] [TMRV] registerRecipes: create:jei_plugin took 7625ms
[22:05:39] [Render thread/INFO]: [EMI] [TMRV] registerRecipes: greate:jei_plugin...
[22:05:40] [Render thread/ERROR]: [greate:jei_plugin] registerRecipes threw exception after 984ms: 
java.lang.ArrayIndexOutOfBoundsException: Index 0 out of bounds for length 0
	at electrolyte.greate.compat.jei.category.TieredBlockCuttingCategory.condenseRecipes(TieredBlockCuttingCategory.java:119) ~[greate-0.0.80.jar%23581!/:0.0.80]
	at electrolyte.greate.compat.jei.GreateJEI.lambda$loadCategories$6(GreateJEI.java:182) ~[greate-0.0.80.jar%23581!/:0.0.80]
	at electrolyte.greate.compat.jei.GreateJEI$CategoryBuilder.lambda$addRecipes$2(GreateJEI.java:266) ~[greate-0.0.80.jar%23581!/:0.0.80]
	at electrolyte.greate.compat.jei.GreateJEI$CategoryBuilder.lambda$build$30(GreateJEI.java:415) ~[greate-0.0.80.jar%23581!/:0.0.80]
	at electrolyte.greate.compat.jei.category.GreateRecipeCategory.registerRecipes(GreateRecipeCategory.java:71) ~[greate-0.0.80.jar%23581!/:0.0.80]
	at electrolyte.greate.compat.jei.GreateJEI.lambda$registerRecipes$8(GreateJEI.java:208) ~[greate-0.0.80.jar%23581!/:0.0.80]
	at java.util.ArrayList.forEach(ArrayList.java:1511) ~[?:?]
	at electrolyte.greate.compat.jei.GreateJEI.registerRecipes(GreateJEI.java:208) ~[greate-0.0.80.jar%23581!/:0.0.80]
	at dev.nolij.toomanyrecipeviewers.JEIPluginManager.lambda$registerRecipes$0(JEIPluginManager.java:225) ~[toomanyrecipeviewers-0.8.1+mc.20.1.jar%23719!/:?]
	at dev.nolij.toomanyrecipeviewers.JEIPluginManager.dispatchInternal(JEIPluginManager.java:155) ~[toomanyrecipeviewers-0.8.1+mc.20.1.jar%23719!/:?]
	at dev.nolij.toomanyrecipeviewers.JEIPluginManager.dispatchInternal(JEIPluginManager.java:170) ~[toomanyrecipeviewers-0.8.1+mc.20.1.jar%23719!/:?]
	at dev.nolij.toomanyrecipeviewers.JEIPluginManager.lambda$dispatch$0(JEIPluginManager.java:180) ~[toomanyrecipeviewers-0.8.1+mc.20.1.jar%23719!/:?]
	at net.minecraft.util.thread.BlockableEventLoop.m_18693_(BlockableEventLoop.java:67) ~[client-1.20.1-20230612.114412-srg.jar%23733!/:?]
	at java.util.concurrent.CompletableFuture$AsyncSupply.run(CompletableFuture.java:1768) ~[?:?]
	at net.minecraft.util.thread.BlockableEventLoop.m_6367_(BlockableEventLoop.java:156) ~[client-1.20.1-20230612.114412-srg.jar%23733!/:?]
	at net.minecraft.util.thread.ReentrantBlockableEventLoop.m_6367_(ReentrantBlockableEventLoop.java:23) ~[client-1.20.1-20230612.114412-srg.jar%23733!/:?]
	at net.minecraft.util.thread.BlockableEventLoop.m_7245_(BlockableEventLoop.java:130) ~[client-1.20.1-20230612.114412-srg.jar%23733!/:?]
	at net.minecraft.util.thread.BlockableEventLoop.m_18699_(BlockableEventLoop.java:115) ~[client-1.20.1-20230612.114412-srg.jar%23733!/:?]
	at net.minecraft.client.Minecraft.m_91383_(Minecraft.java:1106) ~[client-1.20.1-20230612.114412-srg.jar%23733!/:?]
	at net.minecraft.client.Minecraft.m_91374_(Minecraft.java:718) ~[client-1.20.1-20230612.114412-srg.jar%23733!/:?]
	at net.minecraft.client.main.Main.main(Main.java:218) ~[forge-47.4.13.jar:?]
	at jdk.internal.reflect.NativeMethodAccessorImpl.invoke0(Native Method) ~[?:?]
	at jdk.internal.reflect.NativeMethodAccessorImpl.invoke(NativeMethodAccessorImpl.java:77) ~[?:?]
	at jdk.internal.reflect.DelegatingMethodAccessorImpl.invoke(DelegatingMethodAccessorImpl.java:43) ~[?:?]
	at java.lang.reflect.Method.invoke(Method.java:569) ~[?:?]
	at net.minecraftforge.fml.loading.targets.CommonLaunchHandler.runTarget(CommonLaunchHandler.java:111) ~[fmlloader-1.20.1-47.4.13.jar:?]
	at net.minecraftforge.fml.loading.targets.CommonLaunchHandler.clientService(CommonLaunchHandler.java:99) ~[fmlloader-1.20.1-47.4.13.jar:?]
	at net.minecraftforge.fml.loading.targets.CommonClientLaunchHandler.lambda$makeService$0(CommonClientLaunchHandler.java:25) ~[fmlloader-1.20.1-47.4.13.jar:?]
	at cpw.mods.modlauncher.LaunchServiceHandlerDecorator.launch(LaunchServiceHandlerDecorator.java:30) ~[modlauncher-10.0.9.jar:?]
	at cpw.mods.modlauncher.LaunchServiceHandler.launch(LaunchServiceHandler.java:53) ~[modlauncher-10.0.9.jar:?]
	at cpw.mods.modlauncher.LaunchServiceHandler.launch(LaunchServiceHandler.java:71) ~[modlauncher-10.0.9.jar:?]
	at cpw.mods.modlauncher.Launcher.run(Launcher.java:108) ~[modlauncher-10.0.9.jar:?]
	at cpw.mods.modlauncher.Launcher.main(Launcher.java:78) ~[modlauncher-10.0.9.jar:?]
	at cpw.mods.modlauncher.BootstrapLaunchConsumer.accept(BootstrapLaunchConsumer.java:26) ~[modlauncher-10.0.9.jar:?]
	at cpw.mods.modlauncher.BootstrapLaunchConsumer.accept(BootstrapLaunchConsumer.java:23) ~[modlauncher-10.0.9.jar:?]
	at cpw.mods.bootstraplauncher.BootstrapLauncher.main(BootstrapLauncher.java:141) ~[bootstraplauncher-1.1.2.jar:?]
[22:05:40] [Render thread/INFO]: [EMI] [TMRV] registerRecipes: wan_ancient_beasts:jei_plugin...
[22:05:40] [Render thread/INFO]: [EMI] [TMRV] registerRecipes: wan_ancient_beasts:jei_plugin took 0ms
[22:05:40] [Render thread/INFO]: [EMI] [TMRV] registerRecipes: createaddition:jei_plugin...
[22:05:40] [Render thread/INFO]: [EMI] [TMRV] registerRecipes: createaddition:jei_plugin took 4ms
[22:05:40] [Render thread/INFO]: [EMI] [TMRV] registerRecipes: jei:internal...
[22:05:40] [Render thread/INFO]: [EMI] [TMRV] registerRecipes: jei:internal took 0ms
[22:05:40] [Thread-213/INFO]: registerRecipes took 10490ms
[22:05:40] [Thread-213/INFO]: [EMI] [TMRV] registerRecipeTransferHandlers: modernfix:capturer...
[22:05:40] [Thread-213/INFO]: [EMI] [TMRV] registerRecipeTransferHandlers: modernfix:capturer took 0ms
[22:05:40] [Thread-213/INFO]: [EMI] [TMRV] registerRecipeTransferHandlers: jumbofurnace:jumbofurnace...
[22:05:40] [Thread-213/INFO]: [EMI] [TMRV] registerRecipeTransferHandlers: jumbofurnace:jumbofurnace took 0ms
[22:05:40] [Thread-213/INFO]: [EMI] [TMRV] registerRecipeTransferHandlers: exposure:jei_plugin...
[22:05:40] [Thread-213/INFO]: [EMI] [TMRV] registerRecipeTransferHandlers: exposure:jei_plugin took 0ms
[22:05:40] [Thread-213/INFO]: [EMI] [TMRV] registerRecipeTransferHandlers: corpse:corpse...
[22:05:40] [Thread-213/INFO]: [EMI] [TMRV] registerRecipeTransferHandlers: corpse:corpse took 0ms
[22:05:40] [Thread-213/INFO]: [EMI] [TMRV] registerRecipeTransferHandlers: taczammoquery:jei...
[22:05:40] [Thread-213/INFO]: [EMI] [TMRV] registerRecipeTransferHandlers: taczammoquery:jei took 0ms
[22:05:40] [Thread-213/INFO]: [EMI] [TMRV] registerRecipeTransferHandlers: curios:curios...
[22:05:40] [Thread-213/INFO]: [EMI] [TMRV] registerRecipeTransferHandlers: curios:curios took 0ms
[22:05:40] [Thread-213/INFO]: [EMI] [TMRV] registerRecipeTransferHandlers: constructionwand:constructionwand...
[22:05:40] [Thread-213/INFO]: [EMI] [TMRV] registerRecipeTransferHandlers: constructionwand:constructionwand took 1ms
[22:05:40] [Thread-213/INFO]: [EMI] [TMRV] registerRecipeTransferHandlers: vintageimprovements:jei_plugin...
[22:05:40] [Thread-213/INFO]: [EMI] [TMRV] registerRecipeTransferHandlers: vintageimprovements:jei_plugin took 0ms
[22:05:40] [Thread-213/INFO]: [EMI] [TMRV] registerRecipeTransferHandlers: tfc:jei...
[22:05:40] [Thread-213/INFO]: [EMI] [TMRV] registerRecipeTransferHandlers: tfc:jei took 10ms
[22:05:40] [Thread-213/INFO]: [EMI] [TMRV] registerRecipeTransferHandlers: reliable_remover:jei_plugin...
[22:05:40] [Thread-213/INFO]: [EMI] [TMRV] registerRecipeTransferHandlers: reliable_remover:jei_plugin took 0ms
[22:05:40] [Thread-213/INFO]: [EMI] [TMRV] registerRecipeTransferHandlers: jei:alltheleaks...
[22:05:40] [Thread-213/INFO]: [EMI] [TMRV] registerRecipeTransferHandlers: jei:alltheleaks took 0ms
[22:05:40] [Thread-213/INFO]: [EMI] [TMRV] registerRecipeTransferHandlers: firmaciv:jei...
[22:05:40] [Thread-213/INFO]: [EMI] [TMRV] registerRecipeTransferHandlers: firmaciv:jei took 2ms
[22:05:40] [Thread-213/INFO]: [EMI] [TMRV] registerRecipeTransferHandlers: afc:jei...
[22:05:40] [Thread-213/INFO]: [EMI] [TMRV] registerRecipeTransferHandlers: afc:jei took 0ms
[22:05:40] [Thread-213/INFO]: [EMI] [TMRV] registerRecipeTransferHandlers: morered:morered...
[22:05:40] [Thread-213/INFO]: [EMI] [TMRV] registerRecipeTransferHandlers: morered:morered took 0ms
[22:05:40] [Thread-213/INFO]: [EMI] [TMRV] registerRecipeTransferHandlers: ad_astra:jei...
[22:05:40] [Thread-213/INFO]: [EMI] [TMRV] registerRecipeTransferHandlers: ad_astra:jei took 0ms
[22:05:40] [Thread-213/INFO]: [EMI] [TMRV] registerRecipeTransferHandlers: immersive_aircraft:extended_storage...
[22:05:40] [Thread-213/INFO]: [EMI] [TMRV] registerRecipeTransferHandlers: immersive_aircraft:extended_storage took 0ms
[22:05:40] [Thread-213/INFO]: [EMI] [TMRV] registerRecipeTransferHandlers: uteamcore:jei...
[22:05:40] [Thread-213/INFO]: [EMI] [TMRV] registerRecipeTransferHandlers: uteamcore:jei took 0ms
[22:05:40] [Thread-213/INFO]: [EMI] [TMRV] registerRecipeTransferHandlers: railways:jei_plugin...
[22:05:40] [Thread-213/INFO]: [EMI] [TMRV] registerRecipeTransferHandlers: railways:jei_plugin took 0ms
[22:05:40] [Thread-213/INFO]: [EMI] [TMRV] registerRecipeTransferHandlers: create_connected:jei_plugin...
[22:05:40] [Thread-213/INFO]: [EMI] [TMRV] registerRecipeTransferHandlers: create_connected:jei_plugin took 0ms
[22:05:40] [Thread-213/INFO]: [EMI] [TMRV] registerRecipeTransferHandlers: simplylight:jei_plugin...
[22:05:40] [Thread-213/INFO]: [EMI] [TMRV] registerRecipeTransferHandlers: simplylight:jei_plugin took 0ms
[22:05:40] [Thread-213/INFO]: [EMI] [TMRV] registerRecipeTransferHandlers: patchouli:patchouli...
[22:05:40] [Thread-213/INFO]: [EMI] [TMRV] registerRecipeTransferHandlers: patchouli:patchouli took 0ms
[22:05:40] [Thread-213/INFO]: [EMI] [TMRV] registerRecipeTransferHandlers: species:jei_plugin...
[22:05:40] [Render thread/INFO]: Can't find any curios slots, another try in 3 seconds...
[22:05:40] [Thread-213/INFO]: [EMI] [TMRV] registerRecipeTransferHandlers: species:jei_plugin took 0ms
[22:05:40] [Thread-213/INFO]: [EMI] [TMRV] registerRecipeTransferHandlers: tacz:jei...
[22:05:40] [Thread-213/INFO]: [EMI] [TMRV] registerRecipeTransferHandlers: tacz:jei took 0ms
[22:05:40] [Thread-213/INFO]: [EMI] [TMRV] registerRecipeTransferHandlers: map_atlases:jei_plugin...
[22:05:40] [Thread-213/INFO]: [EMI] [TMRV] registerRecipeTransferHandlers: map_atlases:jei_plugin took 0ms
[22:05:40] [Thread-213/INFO]: [EMI] [TMRV] registerRecipeTransferHandlers: mts:main...
[22:05:40] [Thread-213/INFO]: [EMI] [TMRV] registerRecipeTransferHandlers: mts:main took 0ms
[22:05:40] [Thread-213/INFO]: [EMI] [TMRV] registerRecipeTransferHandlers: rnr:jei...
[22:05:40] [Thread-213/INFO]: [EMI] [TMRV] registerRecipeTransferHandlers: rnr:jei took 0ms
[22:05:40] [Thread-213/INFO]: [EMI] [TMRV] registerRecipeTransferHandlers: kubejs:jei...
[22:05:40] [Thread-213/INFO]: [EMI] [TMRV] registerRecipeTransferHandlers: kubejs:jei took 0ms
[22:05:40] [Thread-213/INFO]: [EMI] [TMRV] registerRecipeTransferHandlers: ftblibrary:jei...
[22:05:40] [Thread-213/INFO]: [EMI] [TMRV] registerRecipeTransferHandlers: ftblibrary:jei took 0ms
[22:05:40] [Thread-213/INFO]: [EMI] [TMRV] registerRecipeTransferHandlers: ftbfiltersystem:default...
[22:05:40] [Thread-213/INFO]: [EMI] [TMRV] registerRecipeTransferHandlers: ftbfiltersystem:default took 0ms
[22:05:40] [Thread-213/INFO]: [EMI] [TMRV] registerRecipeTransferHandlers: polylib:jei_plugin...
[22:05:40] [Thread-213/INFO]: [EMI] [TMRV] registerRecipeTransferHandlers: polylib:jei_plugin took 0ms
[22:05:40] [Thread-213/INFO]: [EMI] [TMRV] registerRecipeTransferHandlers: ftbxmodcompat:ftbquests_jei...
[22:05:40] [Thread-213/INFO]: [EMI] [TMRV] registerRecipeTransferHandlers: ftbxmodcompat:ftbquests_jei took 0ms
[22:05:40] [Thread-213/INFO]: [EMI] [TMRV] registerRecipeTransferHandlers: jade:main...
[22:05:40] [Thread-213/INFO]: [EMI] [TMRV] registerRecipeTransferHandlers: jade:main took 0ms
[22:05:40] [Thread-213/INFO]: [EMI] [TMRV] registerRecipeTransferHandlers: expatternprovider:jei_plugin...
[22:05:40] [Thread-213/INFO]: [EMI] [TMRV] registerRecipeTransferHandlers: expatternprovider:jei_plugin took 2ms
[22:05:40] [Thread-213/INFO]: [EMI] [TMRV] registerRecipeTransferHandlers: firmalife:jei...
[22:05:40] [Thread-213/INFO]: [EMI] [TMRV] registerRecipeTransferHandlers: firmalife:jei took 1ms
[22:05:40] [Thread-213/INFO]: [EMI] [TMRV] registerRecipeTransferHandlers: create:jei_plugin...
[22:05:40] [Thread-213/INFO]: [EMI] [TMRV] registerRecipeTransferHandlers: create:jei_plugin took 0ms
[22:05:40] [Thread-213/INFO]: [EMI] [TMRV] registerRecipeTransferHandlers: greate:jei_plugin...
[22:05:40] [Thread-213/INFO]: [EMI] [TMRV] registerRecipeTransferHandlers: greate:jei_plugin took 0ms
[22:05:40] [Thread-213/INFO]: [EMI] [TMRV] registerRecipeTransferHandlers: wan_ancient_beasts:jei_plugin...
[22:05:40] [Thread-213/INFO]: [EMI] [TMRV] registerRecipeTransferHandlers: wan_ancient_beasts:jei_plugin took 0ms
[22:05:40] [Thread-213/INFO]: [EMI] [TMRV] registerRecipeTransferHandlers: createaddition:jei_plugin...
[22:05:40] [Thread-213/INFO]: [EMI] [TMRV] registerRecipeTransferHandlers: createaddition:jei_plugin took 1ms
[22:05:40] [Thread-213/INFO]: [EMI] [TMRV] registerRecipeTransferHandlers: jei:internal...
[22:05:40] [Thread-213/INFO]: [EMI] [TMRV] registerRecipeTransferHandlers: jei:internal took 0ms
[22:05:40] [Thread-213/INFO]: registerRecipeTransferHandlers took 19ms
[22:05:40] [Thread-213/INFO]: [EMI] [TMRV] registerGuiHandlers: modernfix:capturer...
[22:05:40] [Thread-213/INFO]: [EMI] [TMRV] registerGuiHandlers: modernfix:capturer took 0ms
[22:05:40] [Thread-213/INFO]: [EMI] [TMRV] registerGuiHandlers: jumbofurnace:jumbofurnace...
[22:05:40] [Thread-213/INFO]: [EMI] [TMRV] registerGuiHandlers: jumbofurnace:jumbofurnace took 0ms
[22:05:40] [Thread-213/INFO]: [EMI] [TMRV] registerGuiHandlers: exposure:jei_plugin...
[22:05:40] [Thread-213/INFO]: [EMI] [TMRV] registerGuiHandlers: exposure:jei_plugin took 2ms
[22:05:40] [Thread-213/INFO]: [EMI] [TMRV] registerGuiHandlers: corpse:corpse...
[22:05:40] [Thread-213/INFO]: [EMI] [TMRV] registerGuiHandlers: corpse:corpse took 2ms
[22:05:40] [Thread-213/INFO]: [EMI] [TMRV] registerGuiHandlers: taczammoquery:jei...
[22:05:40] [Thread-213/INFO]: [EMI] [TMRV] registerGuiHandlers: taczammoquery:jei took 0ms
[22:05:40] [Thread-213/INFO]: [EMI] [TMRV] registerGuiHandlers: curios:curios...
[22:05:40] [Thread-213/INFO]: [EMI] [TMRV] registerGuiHandlers: curios:curios took 1ms
[22:05:40] [Thread-213/INFO]: [EMI] [TMRV] registerGuiHandlers: constructionwand:constructionwand...
[22:05:40] [Thread-213/INFO]: [EMI] [TMRV] registerGuiHandlers: constructionwand:constructionwand took 0ms
[22:05:40] [Thread-213/INFO]: [EMI] [TMRV] registerGuiHandlers: vintageimprovements:jei_plugin...
[22:05:40] [Thread-213/INFO]: [EMI] [TMRV] registerGuiHandlers: vintageimprovements:jei_plugin took 0ms
[22:05:40] [Thread-213/INFO]: [EMI] [TMRV] registerGuiHandlers: tfc:jei...
[22:05:40] [Thread-213/INFO]: [EMI] [TMRV] registerGuiHandlers: tfc:jei took 4ms
[22:05:40] [Thread-213/INFO]: [EMI] [TMRV] registerGuiHandlers: reliable_remover:jei_plugin...
[22:05:40] [Thread-213/INFO]: [EMI] [TMRV] registerGuiHandlers: reliable_remover:jei_plugin took 0ms
[22:05:40] [Thread-213/INFO]: [EMI] [TMRV] registerGuiHandlers: jei:alltheleaks...
[22:05:40] [Thread-213/INFO]: [EMI] [TMRV] registerGuiHandlers: jei:alltheleaks took 0ms
[22:05:40] [Thread-213/INFO]: [EMI] [TMRV] registerGuiHandlers: firmaciv:jei...
[22:05:40] [Thread-213/INFO]: [EMI] [TMRV] registerGuiHandlers: firmaciv:jei took 0ms
[22:05:40] [Thread-213/INFO]: [EMI] [TMRV] registerGuiHandlers: afc:jei...
[22:05:40] [Thread-213/INFO]: [EMI] [TMRV] registerGuiHandlers: afc:jei took 0ms
[22:05:40] [Thread-213/INFO]: [EMI] [TMRV] registerGuiHandlers: morered:morered...
[22:05:40] [Thread-213/INFO]: [EMI] [TMRV] registerGuiHandlers: morered:morered took 0ms
[22:05:40] [Thread-213/INFO]: [EMI] [TMRV] registerGuiHandlers: ad_astra:jei...
[22:05:40] [Thread-213/INFO]: [EMI] [TMRV] registerGuiHandlers: ad_astra:jei took 0ms
[22:05:40] [Thread-213/INFO]: [EMI] [TMRV] registerGuiHandlers: immersive_aircraft:extended_storage...
[22:05:40] [Thread-213/INFO]: [EMI] [TMRV] registerGuiHandlers: immersive_aircraft:extended_storage took 3ms
[22:05:40] [Thread-213/INFO]: [EMI] [TMRV] registerGuiHandlers: uteamcore:jei...
[22:05:40] [Thread-213/INFO]: [EMI] [TMRV] registerGuiHandlers: uteamcore:jei took 0ms
[22:05:40] [Thread-213/INFO]: [EMI] [TMRV] registerGuiHandlers: railways:jei_plugin...
[22:05:40] [Thread-213/INFO]: [EMI] [TMRV] registerGuiHandlers: railways:jei_plugin took 0ms
[22:05:40] [Thread-213/INFO]: [EMI] [TMRV] registerGuiHandlers: create_connected:jei_plugin...
[22:05:40] [Thread-213/INFO]: [EMI] [TMRV] registerGuiHandlers: create_connected:jei_plugin took 0ms
[22:05:40] [Thread-213/INFO]: [EMI] [TMRV] registerGuiHandlers: simplylight:jei_plugin...
[22:05:40] [Thread-213/INFO]: [EMI] [TMRV] registerGuiHandlers: simplylight:jei_plugin took 0ms
[22:05:40] [Thread-213/INFO]: [EMI] [TMRV] registerGuiHandlers: patchouli:patchouli...
[22:05:40] [Thread-213/INFO]: [EMI] [TMRV] registerGuiHandlers: patchouli:patchouli took 0ms
[22:05:40] [Thread-213/INFO]: [EMI] [TMRV] registerGuiHandlers: species:jei_plugin...
[22:05:40] [Thread-213/INFO]: [EMI] [TMRV] registerGuiHandlers: species:jei_plugin took 0ms
[22:05:40] [Thread-213/INFO]: [EMI] [TMRV] registerGuiHandlers: tacz:jei...
[22:05:40] [Thread-213/INFO]: [EMI] [TMRV] registerGuiHandlers: tacz:jei took 0ms
[22:05:40] [Thread-213/INFO]: [EMI] [TMRV] registerGuiHandlers: map_atlases:jei_plugin...
[22:05:40] [Thread-213/INFO]: [EMI] [TMRV] registerGuiHandlers: map_atlases:jei_plugin took 0ms
[22:05:40] [Thread-213/INFO]: [EMI] [TMRV] registerGuiHandlers: mts:main...
[22:05:40] [Thread-213/INFO]: [EMI] [TMRV] registerGuiHandlers: mts:main took 0ms
[22:05:40] [Thread-213/INFO]: [EMI] [TMRV] registerGuiHandlers: rnr:jei...
[22:05:40] [Thread-213/INFO]: [EMI] [TMRV] registerGuiHandlers: rnr:jei took 0ms
[22:05:40] [Thread-213/INFO]: [EMI] [TMRV] registerGuiHandlers: kubejs:jei...
[22:05:40] [Thread-213/INFO]: [EMI] [TMRV] registerGuiHandlers: kubejs:jei took 0ms
[22:05:40] [Thread-213/INFO]: [EMI] [TMRV] registerGuiHandlers: ftblibrary:jei...
[22:05:40] [Thread-213/INFO]: [EMI] [TMRV] registerGuiHandlers: ftblibrary:jei took 0ms
[22:05:40] [Thread-213/INFO]: [EMI] [TMRV] registerGuiHandlers: ftbfiltersystem:default...
[22:05:40] [Thread-213/INFO]: [EMI] [TMRV] registerGuiHandlers: ftbfiltersystem:default took 2ms
[22:05:40] [Thread-213/INFO]: [EMI] [TMRV] registerGuiHandlers: polylib:jei_plugin...
[22:05:40] [Thread-213/INFO]: [EMI] [TMRV] registerGuiHandlers: polylib:jei_plugin took 5ms
[22:05:40] [Thread-213/INFO]: [EMI] [TMRV] registerGuiHandlers: ftbxmodcompat:ftbquests_jei...
[22:05:40] [Thread-213/INFO]: [EMI] [TMRV] registerGuiHandlers: ftbxmodcompat:ftbquests_jei took 0ms
[22:05:40] [Thread-213/INFO]: [EMI] [TMRV] registerGuiHandlers: jade:main...
[22:05:40] [Thread-213/INFO]: [EMI] [TMRV] registerGuiHandlers: jade:main took 0ms
[22:05:40] [Thread-213/INFO]: [EMI] [TMRV] registerGuiHandlers: expatternprovider:jei_plugin...
[22:05:40] [Thread-213/INFO]: [EMI] [TMRV] registerGuiHandlers: expatternprovider:jei_plugin took 2ms
[22:05:40] [Thread-213/INFO]: [EMI] [TMRV] registerGuiHandlers: firmalife:jei...
[22:05:40] [Thread-213/INFO]: [EMI] [TMRV] registerGuiHandlers: firmalife:jei took 0ms
[22:05:40] [Thread-213/INFO]: [EMI] [TMRV] registerGuiHandlers: create:jei_plugin...
[22:05:40] [Thread-213/INFO]: [EMI] [TMRV] registerGuiHandlers: create:jei_plugin took 4ms
[22:05:40] [Thread-213/INFO]: [EMI] [TMRV] registerGuiHandlers: greate:jei_plugin...
[22:05:40] [Thread-213/INFO]: [EMI] [TMRV] registerGuiHandlers: greate:jei_plugin took 0ms
[22:05:40] [Thread-213/INFO]: [EMI] [TMRV] registerGuiHandlers: wan_ancient_beasts:jei_plugin...
[22:05:40] [Thread-213/INFO]: [EMI] [TMRV] registerGuiHandlers: wan_ancient_beasts:jei_plugin took 0ms
[22:05:40] [Thread-213/INFO]: [EMI] [TMRV] registerGuiHandlers: createaddition:jei_plugin...
[22:05:40] [Thread-213/INFO]: [EMI] [TMRV] registerGuiHandlers: createaddition:jei_plugin took 0ms
[22:05:40] [Thread-213/INFO]: [EMI] [TMRV] registerGuiHandlers: jei:internal...
[22:05:40] [Thread-213/INFO]: [EMI] [TMRV] registerGuiHandlers: jei:internal took 0ms
[22:05:40] [Thread-213/INFO]: registerGuiHandlers took 28ms
[22:05:40] [Thread-213/INFO]: [EMI] [TMRV] registerRuntime: modernfix:capturer...
[22:05:40] [Thread-213/INFO]: [EMI] [TMRV] registerRuntime: modernfix:capturer took 0ms
[22:05:40] [Thread-213/INFO]: [EMI] [TMRV] registerRuntime: jumbofurnace:jumbofurnace...
[22:05:40] [Thread-213/INFO]: [EMI] [TMRV] registerRuntime: jumbofurnace:jumbofurnace took 0ms
[22:05:40] [Thread-213/INFO]: [EMI] [TMRV] registerRuntime: exposure:jei_plugin...
[22:05:40] [Thread-213/INFO]: [EMI] [TMRV] registerRuntime: exposure:jei_plugin took 0ms
[22:05:40] [Thread-213/INFO]: [EMI] [TMRV] registerRuntime: corpse:corpse...
[22:05:40] [Thread-213/INFO]: [EMI] [TMRV] registerRuntime: corpse:corpse took 0ms
[22:05:40] [Thread-213/INFO]: [EMI] [TMRV] registerRuntime: taczammoquery:jei...
[22:05:40] [Thread-213/INFO]: [EMI] [TMRV] registerRuntime: taczammoquery:jei took 0ms
[22:05:40] [Thread-213/INFO]: [EMI] [TMRV] registerRuntime: curios:curios...
[22:05:40] [Thread-213/INFO]: [EMI] [TMRV] registerRuntime: curios:curios took 0ms
[22:05:40] [Thread-213/INFO]: [EMI] [TMRV] registerRuntime: constructionwand:constructionwand...
[22:05:40] [Thread-213/INFO]: [EMI] [TMRV] registerRuntime: constructionwand:constructionwand took 0ms
[22:05:40] [Thread-213/INFO]: [EMI] [TMRV] registerRuntime: vintageimprovements:jei_plugin...
[22:05:40] [Thread-213/INFO]: [EMI] [TMRV] registerRuntime: vintageimprovements:jei_plugin took 0ms
[22:05:40] [Thread-213/INFO]: [EMI] [TMRV] registerRuntime: tfc:jei...
[22:05:40] [Thread-213/INFO]: [EMI] [TMRV] registerRuntime: tfc:jei took 0ms
[22:05:40] [Thread-213/INFO]: [EMI] [TMRV] registerRuntime: reliable_remover:jei_plugin...
[22:05:40] [Thread-213/INFO]: [EMI] [TMRV] registerRuntime: reliable_remover:jei_plugin took 0ms
[22:05:40] [Thread-213/INFO]: [EMI] [TMRV] registerRuntime: jei:alltheleaks...
[22:05:40] [Thread-213/INFO]: [EMI] [TMRV] registerRuntime: jei:alltheleaks took 0ms
[22:05:40] [Thread-213/INFO]: [EMI] [TMRV] registerRuntime: firmaciv:jei...
[22:05:40] [Thread-213/INFO]: [EMI] [TMRV] registerRuntime: firmaciv:jei took 0ms
[22:05:40] [Thread-213/INFO]: [EMI] [TMRV] registerRuntime: afc:jei...
[22:05:40] [Thread-213/INFO]: [EMI] [TMRV] registerRuntime: afc:jei took 0ms
[22:05:40] [Thread-213/INFO]: [EMI] [TMRV] registerRuntime: morered:morered...
[22:05:40] [Thread-213/INFO]: [EMI] [TMRV] registerRuntime: morered:morered took 0ms
[22:05:40] [Thread-213/INFO]: [EMI] [TMRV] registerRuntime: ad_astra:jei...
[22:05:40] [Thread-213/INFO]: [EMI] [TMRV] registerRuntime: ad_astra:jei took 0ms
[22:05:40] [Thread-213/INFO]: [EMI] [TMRV] registerRuntime: immersive_aircraft:extended_storage...
[22:05:40] [Thread-213/INFO]: [EMI] [TMRV] registerRuntime: immersive_aircraft:extended_storage took 0ms
[22:05:40] [Thread-213/INFO]: [EMI] [TMRV] registerRuntime: uteamcore:jei...
[22:05:40] [Thread-213/INFO]: [EMI] [TMRV] registerRuntime: uteamcore:jei took 0ms
[22:05:40] [Thread-213/INFO]: [EMI] [TMRV] registerRuntime: railways:jei_plugin...
[22:05:40] [Thread-213/INFO]: [EMI] [TMRV] registerRuntime: railways:jei_plugin took 0ms
[22:05:40] [Thread-213/INFO]: [EMI] [TMRV] registerRuntime: create_connected:jei_plugin...
[22:05:40] [Thread-213/INFO]: [EMI] [TMRV] registerRuntime: create_connected:jei_plugin took 0ms
[22:05:40] [Thread-213/INFO]: [EMI] [TMRV] registerRuntime: simplylight:jei_plugin...
[22:05:40] [Thread-213/INFO]: [EMI] [TMRV] registerRuntime: simplylight:jei_plugin took 0ms
[22:05:40] [Thread-213/INFO]: [EMI] [TMRV] registerRuntime: patchouli:patchouli...
[22:05:40] [Thread-213/INFO]: [EMI] [TMRV] registerRuntime: patchouli:patchouli took 0ms
[22:05:40] [Thread-213/INFO]: [EMI] [TMRV] registerRuntime: species:jei_plugin...
[22:05:40] [Thread-213/INFO]: [EMI] [TMRV] registerRuntime: species:jei_plugin took 0ms
[22:05:40] [Thread-213/INFO]: [EMI] [TMRV] registerRuntime: tacz:jei...
[22:05:40] [Thread-213/INFO]: [EMI] [TMRV] registerRuntime: tacz:jei took 1ms
[22:05:40] [Thread-213/INFO]: [EMI] [TMRV] registerRuntime: map_atlases:jei_plugin...
[22:05:40] [Thread-213/INFO]: [EMI] [TMRV] registerRuntime: map_atlases:jei_plugin took 0ms
[22:05:40] [Thread-213/INFO]: [EMI] [TMRV] registerRuntime: mts:main...
[22:05:40] [Thread-213/INFO]: [EMI] [TMRV] registerRuntime: mts:main took 0ms
[22:05:40] [Thread-213/INFO]: [EMI] [TMRV] registerRuntime: rnr:jei...
[22:05:40] [Thread-213/INFO]: [EMI] [TMRV] registerRuntime: rnr:jei took 0ms
[22:05:40] [Thread-213/INFO]: [EMI] [TMRV] registerRuntime: kubejs:jei...
[22:05:40] [Thread-213/INFO]: [EMI] [TMRV] registerRuntime: kubejs:jei took 0ms
[22:05:40] [Thread-213/INFO]: [EMI] [TMRV] registerRuntime: ftblibrary:jei...
[22:05:40] [Thread-213/INFO]: [EMI] [TMRV] registerRuntime: ftblibrary:jei took 0ms
[22:05:40] [Thread-213/INFO]: [EMI] [TMRV] registerRuntime: ftbfiltersystem:default...
[22:05:40] [Thread-213/INFO]: [EMI] [TMRV] registerRuntime: ftbfiltersystem:default took 0ms
[22:05:40] [Thread-213/INFO]: [EMI] [TMRV] registerRuntime: polylib:jei_plugin...
[22:05:40] [Thread-213/INFO]: [EMI] [TMRV] registerRuntime: polylib:jei_plugin took 0ms
[22:05:40] [Thread-213/INFO]: [EMI] [TMRV] registerRuntime: ftbxmodcompat:ftbquests_jei...
[22:05:40] [Thread-213/INFO]: [EMI] [TMRV] registerRuntime: ftbxmodcompat:ftbquests_jei took 0ms
[22:05:40] [Thread-213/INFO]: [EMI] [TMRV] registerRuntime: jade:main...
[22:05:40] [Thread-213/INFO]: [EMI] [TMRV] registerRuntime: jade:main took 0ms
[22:05:40] [Thread-213/INFO]: [EMI] [TMRV] registerRuntime: expatternprovider:jei_plugin...
[22:05:40] [Thread-213/INFO]: [EMI] [TMRV] registerRuntime: expatternprovider:jei_plugin took 0ms
[22:05:40] [Thread-213/INFO]: [EMI] [TMRV] registerRuntime: firmalife:jei...
[22:05:40] [Thread-213/INFO]: [EMI] [TMRV] registerRuntime: firmalife:jei took 0ms
[22:05:40] [Thread-213/INFO]: [EMI] [TMRV] registerRuntime: create:jei_plugin...
[22:05:40] [Thread-213/INFO]: [EMI] [TMRV] registerRuntime: create:jei_plugin took 0ms
[22:05:40] [Thread-213/INFO]: [EMI] [TMRV] registerRuntime: greate:jei_plugin...
[22:05:40] [Thread-213/INFO]: [EMI] [TMRV] registerRuntime: greate:jei_plugin took 1ms
[22:05:40] [Thread-213/INFO]: [EMI] [TMRV] registerRuntime: wan_ancient_beasts:jei_plugin...
[22:05:40] [Thread-213/INFO]: [EMI] [TMRV] registerRuntime: wan_ancient_beasts:jei_plugin took 0ms
[22:05:40] [Thread-213/INFO]: [EMI] [TMRV] registerRuntime: createaddition:jei_plugin...
[22:05:40] [Thread-213/INFO]: [EMI] [TMRV] registerRuntime: createaddition:jei_plugin took 0ms
[22:05:40] [Thread-213/INFO]: [EMI] [TMRV] registerRuntime: jei:internal...
[22:05:40] [Thread-213/INFO]: [EMI] [TMRV] registerRuntime: jei:internal took 0ms
[22:05:40] [Thread-213/INFO]: registerRuntime took 3ms
[22:05:40] [Render thread/INFO]: [EMI] [TMRV] onRuntimeAvailable: modernfix:capturer...
[22:05:40] [Render thread/INFO]: [EMI] [TMRV] onRuntimeAvailable: modernfix:capturer took 1ms
[22:05:40] [Render thread/INFO]: [EMI] [TMRV] onRuntimeAvailable: jumbofurnace:jumbofurnace...
[22:05:40] [Render thread/INFO]: [EMI] [TMRV] onRuntimeAvailable: jumbofurnace:jumbofurnace took 0ms
[22:05:40] [Render thread/INFO]: [EMI] [TMRV] onRuntimeAvailable: exposure:jei_plugin...
[22:05:40] [Render thread/INFO]: [EMI] [TMRV] onRuntimeAvailable: exposure:jei_plugin took 0ms
[22:05:40] [Render thread/INFO]: [EMI] [TMRV] onRuntimeAvailable: corpse:corpse...
[22:05:40] [Render thread/INFO]: [EMI] [TMRV] onRuntimeAvailable: corpse:corpse took 0ms
[22:05:40] [Render thread/INFO]: [EMI] [TMRV] onRuntimeAvailable: taczammoquery:jei...
[22:05:40] [Render thread/INFO]: [EMI] [TMRV] onRuntimeAvailable: taczammoquery:jei took 0ms
[22:05:40] [Render thread/INFO]: [EMI] [TMRV] onRuntimeAvailable: curios:curios...
[22:05:40] [Render thread/INFO]: [EMI] [TMRV] onRuntimeAvailable: curios:curios took 0ms
[22:05:40] [Render thread/INFO]: [EMI] [TMRV] onRuntimeAvailable: constructionwand:constructionwand...
[22:05:40] [Render thread/INFO]: [EMI] [TMRV] onRuntimeAvailable: constructionwand:constructionwand took 0ms
[22:05:40] [Render thread/INFO]: [EMI] [TMRV] onRuntimeAvailable: vintageimprovements:jei_plugin...
[22:05:40] [Render thread/INFO]: [EMI] [TMRV] onRuntimeAvailable: vintageimprovements:jei_plugin took 0ms
[22:05:40] [Render thread/INFO]: [EMI] [TMRV] onRuntimeAvailable: tfc:jei...
[22:05:40] [Render thread/INFO]: [EMI] [TMRV] onRuntimeAvailable: tfc:jei took 0ms
[22:05:40] [Render thread/INFO]: [EMI] [TMRV] onRuntimeAvailable: reliable_remover:jei_plugin...
[22:05:40] [Render thread/WARN]: Skipping invalid item ID 'beneath:wood/windmill/crimson'.
[22:05:40] [Render thread/WARN]: Skipping invalid item ID 'beneath:wood/windmill/warped'.
[22:05:40] [Render thread/WARN]: Skipping invalid item ID 'fluidlogistics:empty_fluid_schematic'.
[22:05:40] [Render thread/WARN]: Skipping invalid item ID 'fluidlogistics:copper_schematicannon'.
[22:05:40] [Render thread/WARN]: Skipping invalid item ID 'firmalife:metal/bucket/stainless_steel'.
[22:05:40] [Render thread/WARN]: Skipping invalid item ID 'firmalife:metal/bucket/chromium'.
[22:05:40] [Render thread/WARN]: Skipping invalid item ID 'greate:polybenzimidazole_belt_connector'.
[22:05:40] [Render thread/WARN]: Skipping invalid item ID 'greate:andesite_alloy_block'.
[22:05:40] [Render thread/WARN]: Skipping invalid item ID 'greate:andesite_alloy_buzz_saw_blade'.
[22:05:40] [Render thread/WARN]: Skipping invalid item ID 'greate:andesite_alloy_alloy'.
[22:05:40] [Render thread/WARN]: Skipping invalid item ID 'greate:polytetrafluoroethylene_belt_connector'.
[22:05:40] [Render thread/WARN]: Skipping invalid item ID 'greate:andesite_alloy_buzzsaw'.
[22:05:40] [Render thread/WARN]: Skipping invalid item ID 'greate:andesite_alloy_ingot'.
[22:05:40] [Render thread/WARN]: Skipping invalid item ID 'greate:polyethylene_belt_connector'.
[22:05:40] [Render thread/WARN]: Skipping invalid item ID 'gtceu:stone_buzz_saw_blade'.
[22:05:40] [Render thread/WARN]: Skipping invalid item ID 'gtceu:wood_drill_head'.
[22:05:40] [Render thread/WARN]: Skipping invalid item ID 'gtceu:damascus_steel_chainsaw_head'.
[22:05:40] [Render thread/WARN]: Skipping invalid item ID 'gtceu:hv_damascus_steel_wire_cutter'.
[22:05:40] [Render thread/WARN]: Skipping invalid item ID 'gtceu:hv_damascus_steel_drill'.
[22:05:40] [Render thread/WARN]: Skipping invalid item ID 'gtceu:stone_chainsaw_head'.
[22:05:40] [Render thread/WARN]: Skipping invalid item ID 'gtceu:damascus_steel_screwdriver_tip'.
[22:05:40] [Render thread/WARN]: Skipping invalid item ID 'gtceu:stone_drill_head'.
[22:05:40] [Render thread/WARN]: Skipping invalid item ID 'gtceu:damascus_steel_drill_head'.
[22:05:40] [Render thread/WARN]: Skipping invalid item ID 'gtceu:iv_damascus_steel_wire_cutter'.
[22:05:40] [Render thread/WARN]: Skipping invalid item ID 'gtceu:damascus_steel_buzz_saw_blade'.
[22:05:40] [Render thread/WARN]: Skipping invalid item ID 'gtceu:lv_damascus_steel_chainsaw'.
[22:05:40] [Render thread/WARN]: Skipping invalid item ID 'gtceu:iv_damascus_steel_drill'.
[22:05:40] [Render thread/WARN]: Skipping invalid item ID 'gtceu:lv_damascus_steel_wire_cutter'.
[22:05:40] [Render thread/WARN]: Skipping invalid item ID 'gtceu:ev_damascus_steel_drill'.
[22:05:40] [Render thread/WARN]: Skipping invalid item ID 'gtceu:damascus_steel_buzzsaw'.
[22:05:40] [Render thread/WARN]: Skipping invalid item ID 'gtceu:wood_chainsaw_head'.
[22:05:40] [Render thread/WARN]: Skipping invalid item ID 'gtceu:flint_mortar'.
[22:05:40] [Render thread/WARN]: Skipping invalid item ID 'gtceu:damascus_steel_wire_cutter_head'.
[22:05:40] [Render thread/WARN]: Skipping invalid item ID 'gtceu:wood_screwdriver_tip'.
[22:05:40] [Render thread/WARN]: Skipping invalid item ID 'gtceu:mv_damascus_steel_drill'.
[22:05:40] [Render thread/WARN]: Skipping invalid item ID 'gtceu:stone_wrench_tip'.
[22:05:40] [Render thread/WARN]: Skipping invalid item ID 'gtmutils:quantum_coolant'.
[22:05:40] [Render thread/WARN]: Skipping invalid item ID 'gtmutils:pterb_machine'.
[22:05:40] [Render thread/WARN]: Skipping invalid item ID 'vintageimprovements:golden_wire'.
[22:05:40] [Render thread/WARN]: Skipping invalid item ID 'vintageimprovements:copper_wire'.
[22:05:40] [Render thread/WARN]: Skipping invalid item ID 'vintageimprovements:blaze_wire'.
[22:05:40] [Render thread/WARN]: Skipping invalid item ID 'vintageimprovements:iron_wire'.
[22:05:40] [Render thread/WARN]: Skipping invalid item ID 'vintageimprovements:electrum_wire'.
[22:05:40] [Render thread/INFO]: Loaded 2340 reliable remover rules.
[22:05:40] [Render thread/INFO]: [EMI] [TMRV] onRuntimeAvailable: reliable_remover:jei_plugin took 105ms
[22:05:40] [Render thread/INFO]: [EMI] [TMRV] onRuntimeAvailable: jei:alltheleaks...
[22:05:40] [Render thread/INFO]: [EMI] [TMRV] onRuntimeAvailable: jei:alltheleaks took 0ms
[22:05:40] [Render thread/INFO]: [EMI] [TMRV] onRuntimeAvailable: firmaciv:jei...
[22:05:40] [Render thread/INFO]: [EMI] [TMRV] onRuntimeAvailable: firmaciv:jei took 0ms
[22:05:40] [Render thread/INFO]: [EMI] [TMRV] onRuntimeAvailable: afc:jei...
[22:05:40] [Render thread/INFO]: [EMI] [TMRV] onRuntimeAvailable: afc:jei took 0ms
[22:05:40] [Render thread/INFO]: [EMI] [TMRV] onRuntimeAvailable: morered:morered...
[22:05:40] [Render thread/INFO]: [EMI] [TMRV] onRuntimeAvailable: morered:morered took 0ms
[22:05:40] [Render thread/INFO]: [EMI] [TMRV] onRuntimeAvailable: ad_astra:jei...
[22:05:40] [Render thread/INFO]: [EMI] [TMRV] onRuntimeAvailable: ad_astra:jei took 0ms
[22:05:40] [Render thread/INFO]: [EMI] [TMRV] onRuntimeAvailable: immersive_aircraft:extended_storage...
[22:05:40] [Render thread/INFO]: [EMI] [TMRV] onRuntimeAvailable: immersive_aircraft:extended_storage took 0ms
[22:05:40] [Render thread/INFO]: [EMI] [TMRV] onRuntimeAvailable: uteamcore:jei...
[22:05:40] [Render thread/INFO]: [EMI] [TMRV] onRuntimeAvailable: uteamcore:jei took 0ms
[22:05:40] [Render thread/INFO]: [EMI] [TMRV] onRuntimeAvailable: railways:jei_plugin...
[22:05:40] [Render thread/INFO]: [EMI] [TMRV] onRuntimeAvailable: railways:jei_plugin took 1ms
[22:05:40] [Render thread/INFO]: [EMI] [TMRV] onRuntimeAvailable: create_connected:jei_plugin...
[22:05:40] [Render thread/INFO]: [EMI] [TMRV] onRuntimeAvailable: create_connected:jei_plugin took 0ms
[22:05:40] [Render thread/INFO]: [EMI] [TMRV] onRuntimeAvailable: simplylight:jei_plugin...
[22:05:40] [Render thread/INFO]: [EMI] [TMRV] onRuntimeAvailable: simplylight:jei_plugin took 0ms
[22:05:40] [Render thread/INFO]: [EMI] [TMRV] onRuntimeAvailable: patchouli:patchouli...
[22:05:40] [Render thread/INFO]: [EMI] [TMRV] onRuntimeAvailable: patchouli:patchouli took 0ms
[22:05:40] [Render thread/INFO]: [EMI] [TMRV] onRuntimeAvailable: species:jei_plugin...
[22:05:40] [Render thread/INFO]: [EMI] [TMRV] onRuntimeAvailable: species:jei_plugin took 0ms
[22:05:40] [Render thread/INFO]: [EMI] [TMRV] onRuntimeAvailable: tacz:jei...
[22:05:40] [Render thread/INFO]: [EMI] [TMRV] onRuntimeAvailable: tacz:jei took 0ms
[22:05:40] [Render thread/INFO]: [EMI] [TMRV] onRuntimeAvailable: map_atlases:jei_plugin...
[22:05:40] [Render thread/INFO]: [EMI] [TMRV] onRuntimeAvailable: map_atlases:jei_plugin took 0ms
[22:05:40] [Render thread/INFO]: [EMI] [TMRV] onRuntimeAvailable: mts:main...
[22:05:40] [Render thread/INFO]: [EMI] [TMRV] onRuntimeAvailable: mts:main took 0ms
[22:05:40] [Render thread/INFO]: [EMI] [TMRV] onRuntimeAvailable: rnr:jei...
[22:05:40] [Render thread/INFO]: [EMI] [TMRV] onRuntimeAvailable: rnr:jei took 0ms
[22:05:40] [Render thread/INFO]: [EMI] [TMRV] onRuntimeAvailable: kubejs:jei...
[22:05:40] [Render thread/INFO]: [EMI] [TMRV] onRuntimeAvailable: kubejs:jei took 0ms
[22:05:40] [Render thread/INFO]: [EMI] [TMRV] onRuntimeAvailable: ftblibrary:jei...
[22:05:40] [Render thread/INFO]: [EMI] [TMRV] onRuntimeAvailable: ftblibrary:jei took 0ms
[22:05:40] [Render thread/INFO]: [EMI] [TMRV] onRuntimeAvailable: ftbfiltersystem:default...
[22:05:40] [Render thread/INFO]: [EMI] [TMRV] onRuntimeAvailable: ftbfiltersystem:default took 0ms
[22:05:40] [Render thread/INFO]: [EMI] [TMRV] onRuntimeAvailable: polylib:jei_plugin...
[22:05:40] [Render thread/INFO]: [EMI] [TMRV] onRuntimeAvailable: polylib:jei_plugin took 0ms
[22:05:40] [Render thread/INFO]: [EMI] [TMRV] onRuntimeAvailable: ftbxmodcompat:ftbquests_jei...
[22:05:40] [Render thread/INFO]: [EMI] [TMRV] onRuntimeAvailable: ftbxmodcompat:ftbquests_jei took 0ms
[22:05:40] [Render thread/INFO]: [EMI] [TMRV] onRuntimeAvailable: jade:main...
[22:05:40] [Render thread/INFO]: [EMI] [TMRV] onRuntimeAvailable: jade:main took 0ms
[22:05:40] [Render thread/INFO]: [EMI] [TMRV] onRuntimeAvailable: expatternprovider:jei_plugin...
[22:05:40] [Render thread/INFO]: [EMI] [TMRV] onRuntimeAvailable: expatternprovider:jei_plugin took 0ms
[22:05:40] [Render thread/INFO]: [EMI] [TMRV] onRuntimeAvailable: firmalife:jei...
[22:05:40] [Render thread/INFO]: [EMI] [TMRV] onRuntimeAvailable: firmalife:jei took 0ms
[22:05:40] [Render thread/INFO]: [EMI] [TMRV] onRuntimeAvailable: create:jei_plugin...
[22:05:40] [Render thread/INFO]: [EMI] [TMRV] onRuntimeAvailable: create:jei_plugin took 0ms
[22:05:40] [Render thread/INFO]: [EMI] [TMRV] onRuntimeAvailable: greate:jei_plugin...
[22:05:40] [Render thread/INFO]: [EMI] [TMRV] onRuntimeAvailable: greate:jei_plugin took 0ms
[22:05:40] [Render thread/INFO]: [EMI] [TMRV] onRuntimeAvailable: wan_ancient_beasts:jei_plugin...
[22:05:40] [Render thread/INFO]: [EMI] [TMRV] onRuntimeAvailable: wan_ancient_beasts:jei_plugin took 0ms
[22:05:40] [Render thread/INFO]: [EMI] [TMRV] onRuntimeAvailable: createaddition:jei_plugin...
[22:05:40] [Render thread/INFO]: [EMI] [TMRV] onRuntimeAvailable: createaddition:jei_plugin took 1ms
[22:05:40] [Render thread/INFO]: [EMI] [TMRV] onRuntimeAvailable: jei:internal...
[22:05:40] [Render thread/INFO]: [EMI] [TMRV] onRuntimeAvailable: jei:internal took 0ms
[22:05:40] [Thread-213/INFO]: onRuntimeAvailable took 163ms
[22:05:40] [Thread-213/INFO]: [jei:minecraft] Loaded in 22ms
[22:05:40] [Thread-213/INFO]: [modernfix:capturer] Loaded in 3ms
[22:05:40] [Thread-213/INFO]: [jumbofurnace:jumbofurnace] Loaded in 125ms
[22:05:40] [Thread-213/INFO]: [ldlib:jei_plugin] Loaded in 0ms
[22:05:40] [Thread-213/INFO]: [exposure:jei_plugin] Loaded in 19ms
[22:05:40] [Thread-213/INFO]: [corpse:corpse] Loaded in 2ms
[22:05:40] [Thread-213/INFO]: [taczammoquery:jei] Loaded in 7ms
[22:05:40] [Thread-213/INFO]: [curios:curios] Loaded in 1ms
[22:05:40] [Thread-213/INFO]: [constructionwand:constructionwand] Loaded in 5ms
[22:05:40] [Thread-213/INFO]: [vintageimprovements:jei_plugin] Loaded in 133ms
[22:05:40] [Thread-213/INFO]: [tfc:jei] Loaded in 539ms
[22:05:40] [Thread-213/INFO]: [reliable_remover:jei_plugin] Loaded in 105ms
[22:05:40] [Thread-213/INFO]: [jei:alltheleaks] Loaded in 1ms
[22:05:40] [Thread-213/INFO]: [firmaciv:jei] Loaded in 3ms
[22:05:40] [Thread-213/INFO]: [minecraft:domum_ornamentum] Loaded in 2ms
[22:05:40] [Thread-213/INFO]: [afc:jei] Loaded in 4ms
[22:05:40] [Thread-213/INFO]: [morered:morered] Loaded in 4ms
[22:05:40] [Thread-213/INFO]: [ad_astra:jei] Loaded in 8ms
[22:05:40] [Thread-213/INFO]: [immersive_aircraft:extended_storage] Loaded in 4ms
[22:05:40] [Thread-213/INFO]: [sophisticatedcore:default] Loaded in 1ms
[22:05:40] [Thread-213/INFO]: [sophisticatedbackpacks:default] Loaded in 12ms
[22:05:40] [Thread-213/INFO]: [uteamcore:jei] Loaded in 838ms
[22:05:40] [Thread-213/INFO]: [railways:jei_plugin] Loaded in 12ms
[22:05:40] [Thread-213/INFO]: [create_connected:jei_plugin] Loaded in 1ms
[22:05:40] [Thread-213/INFO]: [simplylight:jei_plugin] Loaded in 2ms
[22:05:40] [Thread-213/INFO]: [patchouli:patchouli] Loaded in 3ms
[22:05:40] [Thread-213/INFO]: [computercraft:jei] Loaded in 0ms
[22:05:40] [Thread-213/INFO]: [species:jei_plugin] Loaded in 3ms
[22:05:40] [Thread-213/INFO]: [minecraft:craftingstation] Loaded in 0ms
[22:05:40] [Thread-213/INFO]: [copycats:jei_plugin] Loaded in 0ms
[22:05:40] [Thread-213/INFO]: [tacz:jei] Loaded in 29ms
[22:05:40] [Thread-213/INFO]: [map_atlases:jei_plugin] Loaded in 6ms
[22:05:40] [Thread-213/INFO]: [ali:jei_plugin] Loaded in 7ms
[22:05:40] [Thread-213/INFO]: [mts:main] Loaded in 152ms
[22:05:40] [Thread-213/INFO]: [rnr:jei] Loaded in 39ms
[22:05:40] [Thread-213/INFO]: [kubejs:jei] Loaded in 0ms
[22:05:40] [Thread-213/INFO]: [ftblibrary:jei] Loaded in 0ms
[22:05:40] [Thread-213/INFO]: [ftbfiltersystem:default] Loaded in 2ms
[22:05:40] [Thread-213/INFO]: [polylib:jei_plugin] Loaded in 6ms
[22:05:40] [Thread-213/INFO]: [ftbxmodcompat:ftbquests_jei] Loaded in 3ms
[22:05:40] [Thread-213/INFO]: [gtceu:jei_plugin] Loaded in 0ms
[22:05:40] [Thread-213/INFO]: [jade:main] Loaded in 1ms
[22:05:40] [Thread-213/INFO]: [ae2:core] Loaded in 13ms
[22:05:40] [Thread-213/INFO]: [ae2wtlib:core] Loaded in 0ms
[22:05:40] [Thread-213/INFO]: [expatternprovider:jei_plugin] Loaded in 13ms
[22:05:40] [Thread-213/INFO]: [firmalife:jei] Loaded in 25ms
[22:05:40] [Thread-213/INFO]: [create:jei_plugin] Loaded in 7680ms
[22:05:40] [Thread-213/INFO]: [framedblocks:jei_plugin] Loaded in 1ms
[22:05:40] [Thread-213/INFO]: [greate:jei_plugin] Loaded in 1002ms
[22:05:40] [Thread-213/INFO]: [diggerhelmet:jei_plugin] Loaded in 2ms
[22:05:40] [Thread-213/INFO]: [fluidlogistics:jei_plugin] Loaded in 0ms
[22:05:40] [Thread-213/INFO]: [wan_ancient_beasts:jei_plugin] Loaded in 5ms
[22:05:40] [Thread-213/INFO]: [createaddition:jei_plugin] Loaded in 13ms
[22:05:40] [Thread-213/INFO]: [jei:internal] Loaded in 2ms
[22:05:40] [Thread-213/INFO]: JEI plugins loaded in 10997ms (38ms for partial loads)
[22:05:40] [Thread-213/INFO]: [EMI] [TMRV] Locking JEI Ingredient Registry...
[22:05:40] [Thread-213/INFO]: [EMI] [TMRV] Locking JEI Recipe Registry...
[22:05:40] [Thread-213/INFO]: [EMI] Reloaded plugin from toomanyrecipeviewers in 11344ms
[22:05:40] [Thread-213/INFO]: [EMI] Baking index
[22:05:41] [Thread-213/INFO]: [EMI++] Starting EMI++ reload...
[22:05:41] [Thread-213/INFO]: [EMI++] Baking stack groups
[22:05:42] [Thread-213/INFO]: [EMI] Registering late recipes
[22:05:42] [Thread-213/INFO]: [EMI] Baking recipes
[22:05:43] [Render thread/INFO]: Can't find any curios slots, another try in 3 seconds...
[22:05:46] [Render thread/INFO]: Can't find any curios slots, another try in 3 seconds...
[22:05:49] [Render thread/INFO]: Can't find any curios slots, another try in 3 seconds...
[22:05:52] [Render thread/INFO]: Can't find any curios slots, another try in 3 seconds...
[22:05:55] [Render thread/INFO]: Can't find any curios slots, another try in 3 seconds...
[22:05:58] [Thread-213/INFO]: [EMI] Baked 220299 recipes in 15908ms
[22:05:58] [Thread-213/INFO]: [EMI] Baking search
[22:05:58] [Thread-213/INFO]: tooltips.crops.js#9: Loaded Java class 'net.dries007.tfc.common.blocks.crop.Crop'
[22:05:58] [Thread-213/INFO]: tooltips.crops.js#10: Loaded Java class 'net.dries007.tfc.common.blocks.plant.fruit.FruitBlocks$SpreadingBush'
[22:05:58] [Thread-213/INFO]: tooltips.crops.js#11: Loaded Java class 'net.dries007.tfc.common.blocks.plant.fruit.FruitBlocks$StationaryBush'
[22:05:58] [Thread-213/INFO]: tooltips.crops.js#12: Loaded Java class 'net.dries007.tfc.common.blocks.plant.fruit.FruitBlocks$Tree'
[22:05:58] [Thread-213/INFO]: tooltips.crops.js#13: Loaded Java class 'net.dries007.tfc.common.blocks.plant.fruit.Lifecycle'
[22:05:58] [Thread-213/INFO]: tooltips.crops.js#14: Loaded Java class 'net.dries007.tfc.util.climate.ClimateRanges'
[22:05:58] [Thread-213/INFO]: tooltips.crops.js#15: Loaded Java class 'net.dries007.tfc.util.calendar.Month'
[22:05:58] [Thread-213/INFO]: tooltips.crops.js#16: Loaded Java class 'net.dries007.tfc.util.calendar.Month$Style'
[22:05:58] [Thread-213/INFO]: tooltips.crops.js#17: Loaded Java class 'com.eerussianguy.firmalife.common.blocks.plant.FLFruitBlocks$Tree'
[22:05:58] [Thread-213/INFO]: tooltips.crops.js#18: Loaded Java class 'com.eerussianguy.firmalife.common.blocks.plant.FLFruitBlocks$StationaryBush'
[22:05:58] [Thread-213/INFO]: tooltips.crops.js#19: Loaded Java class 'com.eerussianguy.firmalife.common.util.FLClimateRanges'
[22:05:58] [Thread-213/INFO]: tooltips.crops.js#20: Loaded Java class 'su.terrafirmagreg.core.common.data.TFGFruitTree$FruitTreeType'
[22:05:58] [Thread-213/INFO]: tooltips.crops.js#21: Loaded Java class 'su.terrafirmagreg.core.common.data.PalmTrees'
[22:05:58] [Render thread/INFO]: Can't find any curios slots, another try in 3 seconds...
[22:05:59] [Thread-252/INFO]: [EMI] Baked recipes after reload in 1307ms
[22:06:00] [Thread-213/INFO]: AE2 detected - ME Network integration enabled
[22:06:01] [Render thread/INFO]: Can't find any curios slots, another try in 3 seconds...
[22:06:04] [Thread-213/INFO]: [EMI] Finishing up
[22:06:04] [Thread-213/INFO]: [EMI] Reloaded EMI in 65480ms
[22:06:04] [Render thread/INFO]: Can't find any curios slots, another try in 3 seconds...
[22:06:07] [Render thread/INFO]: Can't find any curios slots, another try in 3 seconds...
[22:06:10] [Render thread/INFO]: Can't find any curios slots, another try in 3 seconds...
[22:06:13] [Render thread/INFO]: Can't find any curios slots, another try in 3 seconds...
[22:06:16] [Render thread/INFO]: Can't find any curios slots, another try in 3 seconds...
[22:06:19] [Render thread/INFO]: Can't find any curios slots, another try in 3 seconds...
[22:06:22] [Render thread/INFO]: Can't find any curios slots, another try in 3 seconds...
[22:06:25] [Render thread/INFO]: Can't find any curios slots, another try in 3 seconds...
[22:06:28] [Render thread/INFO]: Can't find any curios slots, another try in 3 seconds...
[22:06:31] [Render thread/INFO]: Can't find any curios slots, another try in 3 seconds...
[22:06:34] [Render thread/INFO]: Can't find any curios slots, another try in 3 seconds...
[22:06:37] [Render thread/INFO]: Can't find any curios slots, another try in 3 seconds...
[22:06:40] [Render thread/INFO]: Can't find any curios slots, another try in 3 seconds...
[22:06:43] [Render thread/INFO]: Can't find any curios slots, another try in 3 seconds...
[22:06:46] [Render thread/INFO]: Can't find any curios slots, another try in 3 seconds...
[22:06:49] [Render thread/INFO]: Can't find any curios slots, another try in 3 seconds...
[22:06:52] [Render thread/INFO]: Can't find any curios slots, another try in 3 seconds...
[22:06:55] [Render thread/INFO]: Can't find any curios slots, another try in 3 seconds...
[22:06:58] [Render thread/INFO]: Can't find any curios slots, another try in 3 seconds...
[22:07:01] [Render thread/INFO]: Can't find any curios slots, another try in 3 seconds...
[22:07:04] [Render thread/INFO]: Can't find any curios slots, another try in 3 seconds...
[22:07:07] [Render thread/INFO]: Can't find any curios slots, another try in 3 seconds...
[22:07:10] [Render thread/INFO]: Can't find any curios slots, another try in 3 seconds...
[22:07:13] [Render thread/INFO]: Can't find any curios slots, another try in 3 seconds...
[22:07:16] [Render thread/INFO]: Can't find any curios slots, another try in 3 seconds...
[22:07:19] [Render thread/INFO]: Can't find any curios slots, another try in 3 seconds...
[22:07:22] [Render thread/INFO]: Can't find any curios slots, another try in 3 seconds...
[22:07:25] [Render thread/INFO]: Can't find any curios slots, another try in 3 seconds...
[22:07:29] [Render thread/INFO]: Can't find any curios slots, another try in 3 seconds...
[22:07:32] [Render thread/INFO]: Can't find any curios slots, another try in 3 seconds...
[22:07:35] [Render thread/INFO]: Can't find any curios slots, another try in 3 seconds...
[22:07:38] [Render thread/INFO]: Can't find any curios slots, another try in 3 seconds...
[22:07:41] [Render thread/INFO]: Can't find any curios slots, another try in 3 seconds...
[22:07:44] [Render thread/INFO]: Can't find any curios slots, another try in 3 seconds...
[22:07:47] [Render thread/INFO]: Can't find any curios slots, another try in 3 seconds...
[22:07:50] [Render thread/INFO]: Can't find any curios slots, another try in 3 seconds...
[22:07:53] [Render thread/INFO]: Can't find any curios slots, another try in 3 seconds...
[22:07:56] [Render thread/INFO]: Can't find any curios slots, another try in 3 seconds...
[22:07:59] [Render thread/INFO]: Can't find any curios slots, another try in 3 seconds...
[22:08:02] [Render thread/INFO]: Can't find any curios slots, another try in 3 seconds...
[22:08:05] [Render thread/INFO]: Can't find any curios slots, another try in 3 seconds...
[22:08:08] [Render thread/INFO]: Can't find any curios slots, another try in 3 seconds...
[22:08:11] [Render thread/INFO]: Can't find any curios slots, another try in 3 seconds...
[22:08:14] [Render thread/INFO]: Can't find any curios slots, another try in 3 seconds...
[22:08:17] [Render thread/INFO]: Can't find any curios slots, another try in 3 seconds...
[22:08:20] [Render thread/INFO]: Can't find any curios slots, another try in 3 seconds...
[22:08:23] [Render thread/INFO]: Can't find any curios slots, another try in 3 seconds...
[22:08:26] [Render thread/INFO]: Can't find any curios slots, another try in 3 seconds...
[22:08:29] [Render thread/INFO]: Can't find any curios slots, another try in 3 seconds...
[22:08:32] [Render thread/INFO]: Can't find any curios slots, another try in 3 seconds...
[22:08:35] [Render thread/INFO]: Can't find any curios slots, another try in 3 seconds...
[22:08:38] [Render thread/INFO]: Can't find any curios slots, another try in 3 seconds...
[22:08:41] [Render thread/INFO]: Can't find any curios slots, another try in 3 seconds...
[22:08:44] [Render thread/INFO]: Can't find any curios slots, another try in 3 seconds...
[22:08:47] [Render thread/INFO]: Can't find any curios slots, another try in 3 seconds...
[22:08:50] [Render thread/INFO]: Can't find any curios slots, another try in 3 seconds...
[22:08:53] [Render thread/INFO]: Can't find any curios slots, another try in 3 seconds...
[22:08:54] [CullThread/INFO]: [dev.tr7zw.entityculling.CullTask:run:89]: Shutting down culling task!
[22:08:54] [Render thread/INFO]: Stopping!
[22:08:54] [Render thread/INFO]: Shutting down network threads. This may take some time. Please wait.
[22:08:54] [Render thread/INFO]: Network threads shut down. Took 0ms.
[22:08:54] [Render thread/INFO]: [EMI] Disconnecting from server, EMI data cleared
[22:08:54] [Render thread/INFO]: Xaero hud session finalized.
[22:08:54] [Render thread/INFO]: Finalizing world map session...
[22:08:54] [Thread-387/INFO]: [EMI] Clearing data
[22:08:54] [Thread-78/INFO]: World map cleaned normally!
[22:08:55] [Render thread/INFO]: World map session finalized.
[22:08:55] [Render thread/INFO]: Removed all overlays.
[22:08:55] [Render thread/INFO]: All events have been closed.
[22:08:55] [Render thread/INFO]: [EMI] [TMRV] onRuntimeUnavailable: modernfix:capturer...
[22:08:55] [Render thread/INFO]: [EMI] [TMRV] onRuntimeUnavailable: modernfix:capturer took 0ms
[22:08:55] [Render thread/INFO]: [EMI] [TMRV] onRuntimeUnavailable: jumbofurnace:jumbofurnace...
[22:08:55] [Render thread/INFO]: [EMI] [TMRV] onRuntimeUnavailable: jumbofurnace:jumbofurnace took 0ms
[22:08:55] [Render thread/INFO]: [EMI] [TMRV] onRuntimeUnavailable: exposure:jei_plugin...
[22:08:55] [Render thread/INFO]: [EMI] [TMRV] onRuntimeUnavailable: exposure:jei_plugin took 0ms
[22:08:55] [Render thread/INFO]: [EMI] [TMRV] onRuntimeUnavailable: corpse:corpse...
[22:08:55] [Render thread/INFO]: [EMI] [TMRV] onRuntimeUnavailable: corpse:corpse took 0ms
[22:08:55] [Render thread/INFO]: [EMI] [TMRV] onRuntimeUnavailable: taczammoquery:jei...
[22:08:55] [Render thread/INFO]: [EMI] [TMRV] onRuntimeUnavailable: taczammoquery:jei took 0ms
[22:08:55] [Render thread/INFO]: [EMI] [TMRV] onRuntimeUnavailable: curios:curios...
[22:08:55] [Render thread/INFO]: [EMI] [TMRV] onRuntimeUnavailable: curios:curios took 0ms
[22:08:55] [Render thread/INFO]: [EMI] [TMRV] onRuntimeUnavailable: constructionwand:constructionwand...
[22:08:55] [Render thread/INFO]: [EMI] [TMRV] onRuntimeUnavailable: constructionwand:constructionwand took 0ms
[22:08:55] [Render thread/INFO]: [EMI] [TMRV] onRuntimeUnavailable: vintageimprovements:jei_plugin...
[22:08:55] [Render thread/INFO]: [EMI] [TMRV] onRuntimeUnavailable: vintageimprovements:jei_plugin took 0ms
[22:08:55] [Render thread/INFO]: [EMI] [TMRV] onRuntimeUnavailable: tfc:jei...
[22:08:55] [Render thread/INFO]: [EMI] [TMRV] onRuntimeUnavailable: tfc:jei took 0ms
[22:08:55] [Render thread/INFO]: [EMI] [TMRV] onRuntimeUnavailable: reliable_remover:jei_plugin...
[22:08:55] [Render thread/INFO]: [EMI] [TMRV] onRuntimeUnavailable: reliable_remover:jei_plugin took 0ms
[22:08:55] [Render thread/INFO]: [EMI] [TMRV] onRuntimeUnavailable: jei:alltheleaks...
[22:08:55] [Render thread/INFO]: [EMI] [TMRV] onRuntimeUnavailable: jei:alltheleaks took 0ms
[22:08:55] [Render thread/INFO]: [EMI] [TMRV] onRuntimeUnavailable: firmaciv:jei...
[22:08:55] [Render thread/INFO]: [EMI] [TMRV] onRuntimeUnavailable: firmaciv:jei took 0ms
[22:08:55] [Render thread/INFO]: [EMI] [TMRV] onRuntimeUnavailable: afc:jei...
[22:08:55] [Render thread/INFO]: [EMI] [TMRV] onRuntimeUnavailable: afc:jei took 0ms
[22:08:55] [Render thread/INFO]: [EMI] [TMRV] onRuntimeUnavailable: morered:morered...
[22:08:55] [Render thread/INFO]: [EMI] [TMRV] onRuntimeUnavailable: morered:morered took 0ms
[22:08:55] [Render thread/INFO]: [EMI] [TMRV] onRuntimeUnavailable: ad_astra:jei...
[22:08:55] [Render thread/INFO]: [EMI] [TMRV] onRuntimeUnavailable: ad_astra:jei took 0ms
[22:08:55] [Render thread/INFO]: [EMI] [TMRV] onRuntimeUnavailable: immersive_aircraft:extended_storage...
[22:08:55] [Render thread/INFO]: [EMI] [TMRV] onRuntimeUnavailable: immersive_aircraft:extended_storage took 0ms
[22:08:55] [Render thread/INFO]: [EMI] [TMRV] onRuntimeUnavailable: uteamcore:jei...
[22:08:55] [Render thread/INFO]: [EMI] [TMRV] onRuntimeUnavailable: uteamcore:jei took 0ms
[22:08:55] [Render thread/INFO]: [EMI] [TMRV] onRuntimeUnavailable: railways:jei_plugin...
[22:08:55] [Render thread/INFO]: [EMI] [TMRV] onRuntimeUnavailable: railways:jei_plugin took 0ms
[22:08:55] [Render thread/INFO]: [EMI] [TMRV] onRuntimeUnavailable: create_connected:jei_plugin...
[22:08:55] [Render thread/INFO]: [EMI] [TMRV] onRuntimeUnavailable: create_connected:jei_plugin took 0ms
[22:08:55] [Render thread/INFO]: [EMI] [TMRV] onRuntimeUnavailable: simplylight:jei_plugin...
[22:08:55] [Render thread/INFO]: [EMI] [TMRV] onRuntimeUnavailable: simplylight:jei_plugin took 0ms
[22:08:55] [Render thread/INFO]: [EMI] [TMRV] onRuntimeUnavailable: patchouli:patchouli...
[22:08:55] [Render thread/INFO]: [EMI] [TMRV] onRuntimeUnavailable: patchouli:patchouli took 0ms
[22:08:55] [Render thread/INFO]: [EMI] [TMRV] onRuntimeUnavailable: species:jei_plugin...
[22:08:55] [Render thread/INFO]: [EMI] [TMRV] onRuntimeUnavailable: species:jei_plugin took 0ms
[22:08:55] [Render thread/INFO]: [EMI] [TMRV] onRuntimeUnavailable: tacz:jei...
[22:08:55] [Render thread/INFO]: [EMI] [TMRV] onRuntimeUnavailable: tacz:jei took 0ms
[22:08:55] [Render thread/INFO]: [EMI] [TMRV] onRuntimeUnavailable: map_atlases:jei_plugin...
[22:08:55] [Render thread/INFO]: [EMI] [TMRV] onRuntimeUnavailable: map_atlases:jei_plugin took 0ms
[22:08:55] [Render thread/INFO]: [EMI] [TMRV] onRuntimeUnavailable: mts:main...
[22:08:55] [Render thread/INFO]: [EMI] [TMRV] onRuntimeUnavailable: mts:main took 0ms
[22:08:55] [Render thread/INFO]: [EMI] [TMRV] onRuntimeUnavailable: rnr:jei...
[22:08:55] [Render thread/INFO]: [EMI] [TMRV] onRuntimeUnavailable: rnr:jei took 0ms
[22:08:55] [Render thread/INFO]: [EMI] [TMRV] onRuntimeUnavailable: kubejs:jei...
[22:08:55] [Render thread/INFO]: [EMI] [TMRV] onRuntimeUnavailable: kubejs:jei took 0ms
[22:08:55] [Render thread/INFO]: [EMI] [TMRV] onRuntimeUnavailable: ftblibrary:jei...
[22:08:55] [Render thread/INFO]: [EMI] [TMRV] onRuntimeUnavailable: ftblibrary:jei took 0ms
[22:08:55] [Render thread/INFO]: [EMI] [TMRV] onRuntimeUnavailable: ftbfiltersystem:default...
[22:08:55] [Render thread/INFO]: [EMI] [TMRV] onRuntimeUnavailable: ftbfiltersystem:default took 0ms
[22:08:55] [Render thread/INFO]: [EMI] [TMRV] onRuntimeUnavailable: polylib:jei_plugin...
[22:08:55] [Render thread/INFO]: [EMI] [TMRV] onRuntimeUnavailable: polylib:jei_plugin took 0ms
[22:08:55] [Render thread/INFO]: [EMI] [TMRV] onRuntimeUnavailable: ftbxmodcompat:ftbquests_jei...
[22:08:55] [Render thread/INFO]: [EMI] [TMRV] onRuntimeUnavailable: ftbxmodcompat:ftbquests_jei took 0ms
[22:08:55] [Render thread/INFO]: [EMI] [TMRV] onRuntimeUnavailable: jade:main...
[22:08:55] [Render thread/INFO]: [EMI] [TMRV] onRuntimeUnavailable: jade:main took 0ms
[22:08:55] [Render thread/INFO]: [EMI] [TMRV] onRuntimeUnavailable: expatternprovider:jei_plugin...
[22:08:55] [Render thread/INFO]: [EMI] [TMRV] onRuntimeUnavailable: expatternprovider:jei_plugin took 0ms
[22:08:55] [Render thread/INFO]: [EMI] [TMRV] onRuntimeUnavailable: firmalife:jei...
[22:08:55] [Render thread/INFO]: [EMI] [TMRV] onRuntimeUnavailable: firmalife:jei took 0ms
[22:08:55] [Render thread/INFO]: [EMI] [TMRV] onRuntimeUnavailable: create:jei_plugin...
[22:08:55] [Render thread/INFO]: [EMI] [TMRV] onRuntimeUnavailable: create:jei_plugin took 0ms
[22:08:55] [Render thread/INFO]: [EMI] [TMRV] onRuntimeUnavailable: greate:jei_plugin...
[22:08:55] [Render thread/INFO]: [EMI] [TMRV] onRuntimeUnavailable: greate:jei_plugin took 0ms
[22:08:55] [Render thread/INFO]: [EMI] [TMRV] onRuntimeUnavailable: wan_ancient_beasts:jei_plugin...
[22:08:55] [Render thread/INFO]: [EMI] [TMRV] onRuntimeUnavailable: wan_ancient_beasts:jei_plugin took 0ms
[22:08:55] [Render thread/INFO]: [EMI] [TMRV] onRuntimeUnavailable: createaddition:jei_plugin...
[22:08:55] [Render thread/INFO]: [EMI] [TMRV] onRuntimeUnavailable: createaddition:jei_plugin took 0ms
[22:08:55] [Render thread/INFO]: [EMI] [TMRV] onRuntimeUnavailable: jei:internal...
[22:08:55] [Render thread/INFO]: [EMI] [TMRV] onRuntimeUnavailable: jei:internal took 0ms
[22:08:55] [Render thread/INFO]: onRuntimeUnavailable took 3ms
[22:08:55] [Render thread/INFO]: [ali] Player logout received
[22:08:55] [Render thread/INFO]: [ali] Cleared data
[22:08:55] [Render thread/INFO]: Curios disabled
[22:08:55] [Render thread/INFO]: Stopping worker threads
[22:08:56] [Render thread/INFO]: [AAAParticles] Shutting down global Effekseer managers
[22:08:56] [Render thread/INFO]: [AAAParticles] Shutting down Effekseer effects
[22:08:56] [Render thread/INFO]: [AAAParticles] Shutting down Effekseer backend
[22:08:56] [Render thread/INFO]: [AAAParticles] Shutdown complete
[22:08:56] [Render thread/INFO]: Shutting down map thread
[22:08:56] [Thread-5/INFO]: EuphoriaPatcher: Stopping shaderpacks folder watcher
[22:08:56] [CraftPresence/INFO]: Shutting down CraftPresence...
